# Blender 5.2.0 LTS
# www.blender.org
mtllib desk.mtl
o Cube.001
v 1.925303 2.301080 0.235594
v 1.925303 4.019875 0.235594
v 1.853121 2.260477 0.153490
v 1.853121 4.060477 0.153490
v 4.980938 2.301080 0.235594
v 4.980938 4.019875 0.235594
v 5.053121 2.260477 0.153490
v 5.053121 4.060477 0.153490
v 1.853121 2.260477 0.235594
v 1.853121 4.060477 0.235594
v 5.053121 4.060477 0.235594
v 5.053121 2.260477 0.235594
v 1.925303 2.301080 0.207471
v 1.925303 4.019875 0.207471
v 4.980938 4.019875 0.207471
v 4.980938 2.301080 0.207471
v 2.767642 2.039185 0.522745
v 2.767642 2.039185 -0.210799
v 4.234730 2.039185 0.522745
v 4.234730 2.039185 -0.210799
v 2.788296 2.098639 0.502091
v 2.767642 2.077985 0.522745
v 2.777969 2.095872 0.512418
v 2.770409 2.088312 0.519978
v 2.788296 2.098639 -0.190145
v 2.767642 2.077985 -0.210799
v 2.777969 2.095872 -0.200472
v 2.770409 2.088312 -0.208032
v 4.214076 2.098639 0.502091
v 4.234730 2.077985 0.522745
v 4.224403 2.095872 0.512418
v 4.231963 2.088312 0.519978
v 4.214076 2.098639 -0.190145
v 4.234730 2.077985 -0.210799
v 4.224403 2.095872 -0.200472
v 4.231963 2.088312 -0.208032
v 3.407312 2.048688 0.204788
v 3.407312 2.738105 0.204788
v 3.407312 2.048688 0.019412
v 3.407312 2.738105 0.019412
v 3.592688 2.048688 0.204788
v 3.592688 2.738105 0.204788
v 3.592688 2.048688 0.019412
v 3.592688 2.738105 0.019412
vn -1.0000 -0.0000 -0.0000
vn -0.0000 -0.0000 -1.0000
vn 1.0000 -0.0000 -0.0000
vn -0.0000 -1.0000 -0.0000
vn -0.0000 1.0000 -0.0000
vn -0.0000 -0.0000 1.0000
vn 0.1247 0.9897 -0.0708
vn -0.1247 0.9897 -0.0708
vn -0.1247 0.9897 0.0708
vn 0.1247 0.9897 0.0708
vn 0.0256 -0.0456 -0.9986
vn 0.0244 0.0386 -0.9990
vn 0.0244 0.0386 0.9990
vn 0.0256 -0.0456 0.9986
vn -0.0256 -0.0456 0.9986
vn -0.0244 0.0386 0.9990
vn -0.0244 0.0386 -0.9990
vn -0.0256 -0.0456 -0.9986
vn -0.2862 0.8805 -0.3779
vn -0.2862 0.8805 0.3779
vn -0.1996 0.4265 -0.8822
vn -0.1996 0.4265 0.8822
vn 0.2862 0.8805 -0.3779
vn 0.1996 0.4265 -0.8822
vn 0.2862 0.8805 0.3779
vn 0.1996 0.4265 0.8822
vt 0.375000 0.000000
vt 0.625000 0.000000
vt 0.625000 0.250000
vt 0.375000 0.250000
vt 0.625000 0.500000
vt 0.375000 0.500000
vt 0.625000 0.750000
vt 0.375000 0.750000
vt 0.619361 0.994361
vt 0.380639 0.994361
vt 0.125000 0.500000
vt 0.125000 0.750000
vt 0.875000 0.500000
vt 0.875000 0.750000
vt 0.625000 1.000000
vt 0.375000 1.000000
vt 0.619361 0.755639
vt 0.380639 0.755639
vt 0.628520 0.507039
vt 0.871480 0.507039
vt 0.871480 0.742961
vt 0.628520 0.742961
vt 0.538150 0.500000
vt 0.538150 0.750000
vt 0.538150 0.000000
vt 0.538150 0.250000
vt 0.873240 0.503520
vt 0.873240 0.746480
vt 0.875000 0.500943
vt 0.875000 0.749057
vt 0.625000 0.000943
vt 0.625000 0.249057
vt 0.626760 0.503520
vt 0.625472 0.500000
vt 0.874528 0.500000
vt 0.625000 0.250472
vt 0.625000 0.499528
vt 0.626760 0.746480
vt 0.581575 0.749057
vt 0.581575 0.500943
vt 0.874528 0.750000
vt 0.625472 0.750000
vt 0.625000 0.750472
vt 0.625000 0.999528
vt 0.538150 1.000000
s 0
usemtl darkerplastic
f 9/1/1 10/2/1 4/3/1 3/4/1
f 3/4/2 4/3/2 8/5/2 7/6/2
f 7/6/3 8/5/3 11/7/3 12/8/3
f 2/9/3 1/10/3 13/10/3 14/9/3
f 3/11/4 7/6/4 12/8/4 9/12/4
f 8/5/5 4/13/5 10/14/5 11/7/5
f 1/10/6 2/9/6 10/15/6 9/16/6
f 6/17/6 5/18/6 12/8/6 11/7/6
f 5/18/6 1/10/6 9/16/6 12/8/6
f 2/9/6 6/17/6 11/7/6 10/15/6
f 6/17/4 2/9/4 14/9/4 15/17/4
f 5/18/1 6/17/1 15/17/1 16/18/1
f 1/10/5 5/18/5 16/18/5 13/10/5
usemtl screen
f 16/18/6 15/17/6 14/9/6 13/10/6
s 1
usemtl cheapmetal
f 33/19/7 25/20/8 21/21/9 29/22/10
f 20/6/11 34/23/12 30/24/13 19/8/14
f 17/1/15 22/25/16 26/26/17 18/4/18
f 18/11/18 20/6/11 19/8/14 17/12/15
f 18/4/18 26/26/17 34/23/12 20/6/11
f 21/21/9 25/20/8 27/27/19 23/28/20
f 23/28/20 27/27/19 28/29/21 24/30/22
f 24/31/22 28/32/21 26/26/17 22/25/16
f 25/20/8 33/19/7 35/33/23 27/27/19
f 27/27/19 35/33/23 36/34/24 28/35/21
f 28/36/21 36/37/24 34/23/12 26/26/17
f 33/19/7 29/22/10 31/38/25 35/33/23
f 35/33/23 31/38/25 32/39/26 36/40/24
f 36/40/24 32/39/26 30/24/13 34/23/12
f 29/22/10 21/21/9 23/28/20 31/38/25
f 31/38/25 23/28/20 24/41/22 32/42/26
f 32/43/26 24/44/22 22/45/16 30/24/13
f 19/8/14 30/24/13 22/45/16 17/16/15
s 0
f 37/1/1 38/2/1 40/3/1 39/4/1
f 39/4/2 40/3/2 44/5/2 43/6/2
f 43/6/3 44/5/3 42/7/3 41/8/3
f 41/8/6 42/7/6 38/15/6 37/16/6
f 39/11/4 43/6/4 41/8/4 37/12/4
f 44/5/5 40/13/5 38/14/5 42/7/5
o tabletop
v -1.400869 3.429458 3.448567
v -1.420855 3.449443 3.468552
v -1.305798 3.543912 3.353496
v -1.420855 3.523927 3.468552
v -1.400869 3.429458 -0.511463
v -1.420855 3.449443 -0.531448
v -1.305798 3.543912 -0.416392
v -1.420855 3.523927 -0.531448
v 8.559160 3.429458 3.448567
v 8.579145 3.449443 3.468552
v 8.464088 3.543912 3.353496
v 8.579145 3.523927 3.468552
v 8.559160 3.429458 -0.511463
v 8.579145 3.449443 -0.531448
v 8.464088 3.543912 -0.416392
v 8.579145 3.523927 -0.531448
v -1.400869 3.543912 3.448567
v -1.400869 3.543912 -0.511463
v 8.559160 3.543912 -0.511463
v 8.559160 3.543912 3.448567
v -0.577220 3.300761 3.325216
v -0.577220 3.425981 3.325216
v -0.585406 3.298670 3.295729
v -0.585406 3.428071 3.295729
v -0.087045 3.300761 3.325216
v -0.087045 3.425981 3.325216
v -0.078860 3.298670 3.295729
v -0.078860 3.428071 3.295729
v -0.585406 3.298670 3.325216
v -0.585406 3.428071 3.325216
v -0.078860 3.428071 3.325216
v -0.078860 3.298670 3.325216
v -0.577220 3.300761 3.315375
v -0.577220 3.425981 3.315375
v -0.087045 3.425981 3.315375
v -0.087045 3.300761 3.315375
v -0.381318 3.414344 3.266960
v -0.270059 3.414344 3.266960
v -0.381318 3.404864 3.270886
v -0.270059 3.404864 3.270886
v -0.381318 3.400938 3.280366
v -0.270059 3.400938 3.280366
v -0.381318 3.404864 3.289846
v -0.270059 3.404864 3.289846
v -0.381318 3.414344 3.293773
v -0.270059 3.414344 3.293773
v -0.381318 3.423824 3.289846
v -0.270059 3.423824 3.289846
v -0.381318 3.427751 3.280366
v -0.270059 3.427751 3.280366
v -0.381318 3.423824 3.270886
v -0.270059 3.423824 3.270886
v -0.382315 3.429626 3.294669
v -0.274433 3.429626 3.294669
v -0.382315 3.321744 3.294669
v -0.274433 3.321744 3.294669
v -0.382315 3.429626 3.186787
v -0.274433 3.429626 3.186787
v -0.382315 3.321744 3.290950
v -0.382315 3.426996 3.292039
v -0.274433 3.426996 3.292039
v -0.274433 3.321744 3.290950
v -0.382315 3.425907 3.186787
v -0.274433 3.425907 3.186787
v -0.493909 3.319420 3.306413
v -0.418822 3.319420 3.306413
v -0.493909 3.488258 3.137576
v -0.418822 3.488258 3.137576
v -0.493909 3.319420 3.249638
v -0.493909 3.431483 3.137576
v -0.493909 3.334434 3.193607
v -0.493909 3.375452 3.152589
v -0.418822 3.431483 3.137576
v -0.418822 3.319420 3.249638
v -0.418822 3.375452 3.152589
v -0.418822 3.334434 3.193607
v -0.493909 3.323424 3.306413
v -0.418822 3.323424 3.306413
v -0.418822 3.488258 3.141579
v -0.493909 3.488258 3.141579
v -0.418822 3.377454 3.156056
v -0.418822 3.432006 3.141545
v -0.493909 3.432006 3.141545
v -0.493909 3.377454 3.156056
v -0.418822 3.337901 3.195609
v -0.493909 3.337901 3.195609
v -0.418822 3.323390 3.250161
v -0.493909 3.323390 3.250161
v 6.983893 0.609485 -0.170179
v 6.983893 0.808615 -0.170179
v 6.983893 0.609485 -0.239566
v 6.983893 0.808615 -0.239566
v 7.183023 0.609485 -0.170179
v 7.183023 0.808615 -0.170179
v 7.183023 0.609485 -0.239566
v 7.183023 0.808615 -0.239566
v 7.244453 2.428240 2.836306
v 7.211392 2.428240 2.803244
v 7.211392 0.428240 2.803244
v 7.244453 0.428240 2.836306
v 7.211392 2.428240 3.133860
v 7.244453 2.428240 3.100798
v 7.244453 0.428240 3.100798
v 7.211392 0.428240 3.133860
v 6.946899 2.428240 2.803244
v 6.913838 2.428240 2.836306
v 6.913838 0.428240 2.836306
v 6.946899 0.428240 2.803244
v 6.913838 2.428240 3.100798
v 6.946899 2.428240 3.133860
v 6.946899 0.428240 3.133860
v 6.913838 0.428240 3.100798
v 0.244454 2.428240 -0.163694
v 0.211392 2.428240 -0.196756
v 0.211392 0.428240 -0.196756
v 0.244454 0.428240 -0.163694
v 0.211392 2.428240 0.133860
v 0.244454 2.428240 0.100798
v 0.244454 0.428240 0.100798
v 0.211392 0.428240 0.133860
v -0.053100 2.428240 -0.196756
v -0.086162 2.428240 -0.163694
v -0.086162 0.428240 -0.163694
v -0.053100 0.428240 -0.196756
v -0.086162 2.428240 0.100798
v -0.053100 2.428240 0.133860
v -0.053100 0.428240 0.133860
v -0.086162 0.428240 0.100798
v 7.244452 2.428240 -0.163694
v 7.211391 2.428240 -0.196756
v 7.211391 0.428240 -0.196756
v 7.244452 0.428240 -0.163694
v 7.211391 2.428240 0.133860
v 7.244452 2.428240 0.100798
v 7.244452 0.428240 0.100798
v 7.211391 0.428240 0.133860
v 6.946899 2.428240 -0.196756
v 6.913837 2.428240 -0.163694
v 6.913837 0.428240 -0.163694
v 6.946899 0.428240 -0.196756
v 6.913837 2.428240 0.100798
v 6.946899 2.428240 0.133860
v 6.946899 0.428240 0.133860
v 6.913837 0.428240 0.100798
v 0.244454 2.428240 2.836306
v 0.211392 2.428240 2.803244
v 0.211392 0.428240 2.803244
v 0.244454 0.428240 2.836306
v 0.211392 2.428240 3.133860
v 0.244454 2.428240 3.100798
v 0.244454 0.428240 3.100798
v 0.211392 0.428240 3.133860
v -0.053100 2.428240 2.803244
v -0.086162 2.428240 2.836306
v -0.086162 0.428240 2.836306
v -0.053100 0.428240 2.803244
v -0.086162 2.428240 3.100798
v -0.053100 2.428240 3.133860
v -0.053100 0.428240 3.133860
v -0.086162 0.428240 3.100798
v -0.129511 0.446424 3.233362
v -0.185664 0.446424 3.177209
v -0.157588 0.446424 3.225839
v -0.178141 0.446424 3.205286
v -0.185664 0.488328 3.177209
v -0.129511 0.488328 3.233362
v -0.178141 0.488328 3.205286
v -0.157588 0.488328 3.225839
v -0.185664 0.446424 2.759895
v -0.129511 0.446424 2.703742
v -0.178141 0.446424 2.731819
v -0.157588 0.446424 2.711265
v -0.129511 0.488328 2.703742
v -0.185664 0.488328 2.759895
v -0.157588 0.488328 2.711265
v -0.178141 0.488328 2.731819
v 0.343956 0.446424 3.177209
v 0.287802 0.446424 3.233362
v 0.336433 0.446424 3.205286
v 0.315879 0.446424 3.225839
v 0.287802 0.488328 3.233362
v 0.343956 0.488328 3.177209
v 0.315879 0.488328 3.225839
v 0.336433 0.488328 3.205286
v 0.287802 0.446424 2.703742
v 0.343956 0.446424 2.759895
v 0.315879 0.446424 2.711265
v 0.336433 0.446424 2.731819
v 0.343956 0.488328 2.759895
v 0.287802 0.488328 2.703742
v 0.336433 0.488328 2.731819
v 0.315879 0.488328 2.711265
v 0.275891 0.427129 3.146163
v 0.275891 0.486782 3.146163
v 0.280377 0.427129 3.146605
v 0.280377 0.486782 3.146605
v 0.284691 0.427129 3.147913
v 0.284691 0.486782 3.147913
v 0.288666 0.427129 3.150038
v 0.288666 0.486782 3.150038
v 0.292151 0.427129 3.152898
v 0.292151 0.486782 3.152898
v 0.295011 0.427129 3.156383
v 0.295011 0.486782 3.156383
v 0.297136 0.427129 3.160358
v 0.297136 0.486782 3.160358
v 0.298445 0.427129 3.164672
v 0.298445 0.486782 3.164672
v 0.298887 0.427129 3.169159
v 0.298887 0.486782 3.169159
v 0.298445 0.427129 3.173645
v 0.298445 0.486782 3.173645
v 0.297136 0.427129 3.177959
v 0.297136 0.486782 3.177959
v 0.295011 0.427129 3.181934
v 0.295011 0.486782 3.181934
v 0.292151 0.427129 3.185419
v 0.292151 0.486782 3.185419
v 0.288666 0.427129 3.188279
v 0.288666 0.486782 3.188279
v 0.284691 0.427129 3.190404
v 0.284691 0.486782 3.190404
v 0.280377 0.427129 3.191713
v 0.280377 0.486782 3.191713
v 0.275891 0.427129 3.192154
v 0.275891 0.486782 3.192154
v 0.271404 0.427129 3.191713
v 0.271404 0.486782 3.191713
v 0.267091 0.427129 3.190404
v 0.267091 0.486782 3.190404
v 0.263115 0.427129 3.188279
v 0.263115 0.486782 3.188279
v 0.259630 0.427129 3.185419
v 0.259630 0.486782 3.185419
v 0.256770 0.427129 3.181934
v 0.256770 0.486782 3.181934
v 0.254645 0.427129 3.177959
v 0.254645 0.486782 3.177959
v 0.253337 0.427129 3.173645
v 0.253337 0.486782 3.173645
v 0.252895 0.427129 3.169159
v 0.252895 0.486782 3.169159
v 0.253337 0.427129 3.164672
v 0.253337 0.486782 3.164672
v 0.254645 0.427129 3.160358
v 0.254645 0.486782 3.160358
v 0.256770 0.427129 3.156383
v 0.256770 0.486782 3.156383
v 0.259630 0.427129 3.152898
v 0.259630 0.486782 3.152898
v 0.263115 0.427129 3.150038
v 0.263115 0.486782 3.150038
v 0.267091 0.427129 3.147913
v 0.267091 0.486782 3.147913
v 0.271404 0.427129 3.146605
v 0.271404 0.486782 3.146605
v 0.275891 0.429485 3.139332
v 0.275891 0.440818 3.139332
v 0.301721 0.429485 3.154245
v 0.301721 0.440818 3.154245
v 0.301721 0.429485 3.184072
v 0.301721 0.440818 3.184072
v 0.275891 0.429485 3.198985
v 0.275891 0.440818 3.198985
v 0.250060 0.429485 3.184072
v 0.250060 0.440818 3.184072
v 0.250060 0.429485 3.154245
v 0.250060 0.440818 3.154245
v -0.126055 0.427129 2.738556
v -0.126055 0.486782 2.738556
v -0.121568 0.427129 2.738998
v -0.121568 0.486782 2.738998
v -0.117254 0.427129 2.740307
v -0.117254 0.486782 2.740307
v -0.113279 0.427129 2.742432
v -0.113279 0.486782 2.742432
v -0.109794 0.427129 2.745292
v -0.109794 0.486782 2.745292
v -0.106934 0.427129 2.748776
v -0.106934 0.486782 2.748776
v -0.104809 0.427129 2.752752
v -0.104809 0.486782 2.752752
v -0.103501 0.427129 2.757066
v -0.103501 0.486782 2.757066
v -0.103059 0.427129 2.761552
v -0.103059 0.486782 2.761552
v -0.103501 0.427129 2.766038
v -0.103501 0.486782 2.766038
v -0.104809 0.427129 2.770352
v -0.104809 0.486782 2.770352
v -0.106934 0.427129 2.774328
v -0.106934 0.486782 2.774328
v -0.109794 0.427129 2.777813
v -0.109794 0.486782 2.777813
v -0.113279 0.427129 2.780673
v -0.113279 0.486782 2.780673
v -0.117254 0.427129 2.782798
v -0.117254 0.486782 2.782798
v -0.121568 0.427129 2.784106
v -0.121568 0.486782 2.784106
v -0.126055 0.427129 2.784548
v -0.126055 0.486782 2.784548
v -0.130541 0.427129 2.784106
v -0.130541 0.486782 2.784106
v -0.134855 0.427129 2.782798
v -0.134855 0.486782 2.782798
v -0.138830 0.427129 2.780673
v -0.138830 0.486782 2.780673
v -0.142315 0.427129 2.777813
v -0.142315 0.486782 2.777813
v -0.145175 0.427129 2.774328
v -0.145175 0.486782 2.774328
v -0.147300 0.427129 2.770352
v -0.147300 0.486782 2.770352
v -0.148609 0.427129 2.766038
v -0.148609 0.486782 2.766038
v -0.149050 0.427129 2.761552
v -0.149050 0.486782 2.761552
v -0.148609 0.427129 2.757066
v -0.148609 0.486782 2.757066
v -0.147300 0.427129 2.752752
v -0.147300 0.486782 2.752752
v -0.145175 0.427129 2.748776
v -0.145175 0.486782 2.748776
v -0.142315 0.427129 2.745292
v -0.142315 0.486782 2.745292
v -0.138830 0.427129 2.742432
v -0.138830 0.486782 2.742432
v -0.134855 0.427129 2.740307
v -0.134855 0.486782 2.740307
v -0.130541 0.427129 2.738998
v -0.130541 0.486782 2.738998
v -0.126055 0.429485 2.731725
v -0.126055 0.440818 2.731725
v -0.100224 0.429485 2.746639
v -0.100224 0.440818 2.746639
v -0.100224 0.429485 2.776465
v -0.100224 0.440818 2.776465
v -0.126055 0.429485 2.791379
v -0.126055 0.440818 2.791379
v -0.151885 0.429485 2.776465
v -0.151885 0.440818 2.776465
v -0.151885 0.429485 2.746639
v -0.151885 0.440818 2.746639
v -0.126055 0.427129 3.146163
v -0.126055 0.486782 3.146163
v -0.121568 0.427129 3.146605
v -0.121568 0.486782 3.146605
v -0.117254 0.427129 3.147913
v -0.117254 0.486782 3.147913
v -0.113279 0.427129 3.150038
v -0.113279 0.486782 3.150038
v -0.109794 0.427129 3.152898
v -0.109794 0.486782 3.152898
v -0.106934 0.427129 3.156383
v -0.106934 0.486782 3.156383
v -0.104809 0.427129 3.160358
v -0.104809 0.486782 3.160358
v -0.103501 0.427129 3.164672
v -0.103501 0.486782 3.164672
v -0.103059 0.427129 3.169159
v -0.103059 0.486782 3.169159
v -0.103501 0.427129 3.173645
v -0.103501 0.486782 3.173645
v -0.104809 0.427129 3.177959
v -0.104809 0.486782 3.177959
v -0.106934 0.427129 3.181934
v -0.106934 0.486782 3.181934
v -0.109794 0.427129 3.185419
v -0.109794 0.486782 3.185419
v -0.113279 0.427129 3.188279
v -0.113279 0.486782 3.188279
v -0.117254 0.427129 3.190404
v -0.117254 0.486782 3.190404
v -0.121568 0.427129 3.191713
v -0.121568 0.486782 3.191713
v -0.126055 0.427129 3.192154
v -0.126055 0.486782 3.192154
v -0.130541 0.427129 3.191713
v -0.130541 0.486782 3.191713
v -0.134855 0.427129 3.190404
v -0.134855 0.486782 3.190404
v -0.138830 0.427129 3.188279
v -0.138830 0.486782 3.188279
v -0.142315 0.427129 3.185419
v -0.142315 0.486782 3.185419
v -0.145175 0.427129 3.181934
v -0.145175 0.486782 3.181934
v -0.147300 0.427129 3.177959
v -0.147300 0.486782 3.177959
v -0.148609 0.427129 3.173645
v -0.148609 0.486782 3.173645
v -0.149050 0.427129 3.169159
v -0.149050 0.486782 3.169159
v -0.148609 0.427129 3.164672
v -0.148609 0.486782 3.164672
v -0.147300 0.427129 3.160358
v -0.147300 0.486782 3.160358
v -0.145175 0.427129 3.156383
v -0.145175 0.486782 3.156383
v -0.142315 0.427129 3.152898
v -0.142315 0.486782 3.152898
v -0.138830 0.427129 3.150038
v -0.138830 0.486782 3.150038
v -0.134855 0.427129 3.147913
v -0.134855 0.486782 3.147913
v -0.130541 0.427129 3.146605
v -0.130541 0.486782 3.146605
v -0.126055 0.429485 3.139332
v -0.126055 0.440818 3.139332
v -0.100224 0.429485 3.154245
v -0.100224 0.440818 3.154245
v -0.100224 0.429485 3.184072
v -0.100224 0.440818 3.184072
v -0.126055 0.429485 3.198985
v -0.126055 0.440818 3.198985
v -0.151885 0.429485 3.184072
v -0.151885 0.440818 3.184072
v -0.151885 0.429485 3.154245
v -0.151885 0.440818 3.154245
v 0.275891 0.427129 2.738556
v 0.275891 0.486782 2.738556
v 0.280377 0.427129 2.738998
v 0.280377 0.486782 2.738998
v 0.284691 0.427129 2.740307
v 0.284691 0.486782 2.740307
v 0.288666 0.427129 2.742432
v 0.288666 0.486782 2.742432
v 0.292151 0.427129 2.745292
v 0.292151 0.486782 2.745292
v 0.295011 0.427129 2.748776
v 0.295011 0.486782 2.748776
v 0.297136 0.427129 2.752752
v 0.297136 0.486782 2.752752
v 0.298445 0.427129 2.757066
v 0.298445 0.486782 2.757066
v 0.298886 0.427129 2.761552
v 0.298886 0.486782 2.761552
v 0.298445 0.427129 2.766038
v 0.298445 0.486782 2.766038
v 0.297136 0.427129 2.770352
v 0.297136 0.486782 2.770352
v 0.295011 0.427129 2.774328
v 0.295011 0.486782 2.774328
v 0.292151 0.427129 2.777813
v 0.292151 0.486782 2.777813
v 0.288666 0.427129 2.780673
v 0.288666 0.486782 2.780673
v 0.284691 0.427129 2.782798
v 0.284691 0.486782 2.782798
v 0.280377 0.427129 2.784106
v 0.280377 0.486782 2.784106
v 0.275891 0.427129 2.784548
v 0.275891 0.486782 2.784548
v 0.271404 0.427129 2.784106
v 0.271404 0.486782 2.784106
v 0.267091 0.427129 2.782798
v 0.267091 0.486782 2.782798
v 0.263115 0.427129 2.780673
v 0.263115 0.486782 2.780673
v 0.259630 0.427129 2.777813
v 0.259630 0.486782 2.777813
v 0.256770 0.427129 2.774328
v 0.256770 0.486782 2.774328
v 0.254645 0.427129 2.770352
v 0.254645 0.486782 2.770352
v 0.253337 0.427129 2.766038
v 0.253337 0.486782 2.766038
v 0.252895 0.427129 2.761552
v 0.252895 0.486782 2.761552
v 0.253337 0.427129 2.757066
v 0.253337 0.486782 2.757066
v 0.254645 0.427129 2.752752
v 0.254645 0.486782 2.752752
v 0.256770 0.427129 2.748776
v 0.256770 0.486782 2.748776
v 0.259630 0.427129 2.745292
v 0.259630 0.486782 2.745292
v 0.263115 0.427129 2.742432
v 0.263115 0.486782 2.742432
v 0.267091 0.427129 2.740307
v 0.267091 0.486782 2.740307
v 0.271404 0.427129 2.738998
v 0.271404 0.486782 2.738998
v 0.275891 0.429485 2.731725
v 0.275891 0.440818 2.731725
v 0.301721 0.429485 2.746639
v 0.301721 0.440818 2.746639
v 0.301721 0.429485 2.776465
v 0.301721 0.440818 2.776465
v 0.275891 0.429485 2.791379
v 0.275891 0.440818 2.791379
v 0.250060 0.429485 2.776465
v 0.250060 0.440818 2.776465
v 0.250060 0.429485 2.746639
v 0.250060 0.440818 2.746639
v -0.129511 0.446424 0.233362
v -0.185664 0.446424 0.177209
v -0.157588 0.446424 0.225839
v -0.178141 0.446424 0.205286
v -0.185664 0.488328 0.177209
v -0.129511 0.488328 0.233362
v -0.178141 0.488328 0.205286
v -0.157588 0.488328 0.225839
v -0.185664 0.446424 -0.240105
v -0.129511 0.446424 -0.296258
v -0.178141 0.446424 -0.268181
v -0.157588 0.446424 -0.288735
v -0.129511 0.488328 -0.296258
v -0.185664 0.488328 -0.240105
v -0.157588 0.488328 -0.288735
v -0.178141 0.488328 -0.268181
v 0.343956 0.446424 0.177209
v 0.287802 0.446424 0.233362
v 0.336433 0.446424 0.205286
v 0.315879 0.446424 0.225839
v 0.287802 0.488328 0.233362
v 0.343956 0.488328 0.177209
v 0.315879 0.488328 0.225839
v 0.336433 0.488328 0.205286
v 0.287802 0.446424 -0.296258
v 0.343956 0.446424 -0.240105
v 0.315879 0.446424 -0.288735
v 0.336433 0.446424 -0.268181
v 0.343956 0.488328 -0.240105
v 0.287802 0.488328 -0.296258
v 0.336433 0.488328 -0.268181
v 0.315879 0.488328 -0.288735
v 0.275891 0.427129 0.146163
v 0.275891 0.486782 0.146163
v 0.280377 0.427129 0.146605
v 0.280377 0.486782 0.146605
v 0.284691 0.427129 0.147913
v 0.284691 0.486782 0.147913
v 0.288666 0.427129 0.150038
v 0.288666 0.486782 0.150038
v 0.292151 0.427129 0.152898
v 0.292151 0.486782 0.152898
v 0.295011 0.427129 0.156383
v 0.295011 0.486782 0.156383
v 0.297136 0.427129 0.160358
v 0.297136 0.486782 0.160358
v 0.298445 0.427129 0.164672
v 0.298445 0.486782 0.164672
v 0.298887 0.427129 0.169159
v 0.298887 0.486782 0.169159
v 0.298445 0.427129 0.173645
v 0.298445 0.486782 0.173645
v 0.297136 0.427129 0.177959
v 0.297136 0.486782 0.177959
v 0.295011 0.427129 0.181934
v 0.295011 0.486782 0.181934
v 0.292151 0.427129 0.185419
v 0.292151 0.486782 0.185419
v 0.288666 0.427129 0.188279
v 0.288666 0.486782 0.188279
v 0.284691 0.427129 0.190404
v 0.284691 0.486782 0.190404
v 0.280377 0.427129 0.191713
v 0.280377 0.486782 0.191713
v 0.275891 0.427129 0.192154
v 0.275891 0.486782 0.192154
v 0.271404 0.427129 0.191713
v 0.271404 0.486782 0.191713
v 0.267091 0.427129 0.190404
v 0.267091 0.486782 0.190404
v 0.263115 0.427129 0.188279
v 0.263115 0.486782 0.188279
v 0.259630 0.427129 0.185419
v 0.259630 0.486782 0.185419
v 0.256770 0.427129 0.181934
v 0.256770 0.486782 0.181934
v 0.254645 0.427129 0.177959
v 0.254645 0.486782 0.177959
v 0.253337 0.427129 0.173645
v 0.253337 0.486782 0.173645
v 0.252895 0.427129 0.169159
v 0.252895 0.486782 0.169159
v 0.253337 0.427129 0.164672
v 0.253337 0.486782 0.164672
v 0.254645 0.427129 0.160358
v 0.254645 0.486782 0.160358
v 0.256770 0.427129 0.156383
v 0.256770 0.486782 0.156383
v 0.259630 0.427129 0.152898
v 0.259630 0.486782 0.152898
v 0.263115 0.427129 0.150038
v 0.263115 0.486782 0.150038
v 0.267091 0.427129 0.147913
v 0.267091 0.486782 0.147913
v 0.271404 0.427129 0.146605
v 0.271404 0.486782 0.146605
v 0.275891 0.429485 0.139332
v 0.275891 0.440818 0.139332
v 0.301721 0.429485 0.154245
v 0.301721 0.440818 0.154245
v 0.301721 0.429485 0.184072
v 0.301721 0.440818 0.184072
v 0.275891 0.429485 0.198985
v 0.275891 0.440818 0.198985
v 0.250060 0.429485 0.184072
v 0.250060 0.440818 0.184072
v 0.250060 0.429485 0.154245
v 0.250060 0.440818 0.154245
v -0.126055 0.427129 -0.261444
v -0.126055 0.486782 -0.261444
v -0.121568 0.427129 -0.261002
v -0.121568 0.486782 -0.261002
v -0.117254 0.427129 -0.259693
v -0.117254 0.486782 -0.259693
v -0.113279 0.427129 -0.257568
v -0.113279 0.486782 -0.257568
v -0.109794 0.427129 -0.254708
v -0.109794 0.486782 -0.254708
v -0.106934 0.427129 -0.251224
v -0.106934 0.486782 -0.251224
v -0.104809 0.427129 -0.247248
v -0.104809 0.486782 -0.247248
v -0.103501 0.427129 -0.242934
v -0.103501 0.486782 -0.242934
v -0.103059 0.427129 -0.238448
v -0.103059 0.486782 -0.238448
v -0.103501 0.427129 -0.233962
v -0.103501 0.486782 -0.233962
v -0.104809 0.427129 -0.229648
v -0.104809 0.486782 -0.229648
v -0.106934 0.427129 -0.225672
v -0.106934 0.486782 -0.225672
v -0.109794 0.427129 -0.222187
v -0.109794 0.486782 -0.222187
v -0.113279 0.427129 -0.219327
v -0.113279 0.486782 -0.219327
v -0.117254 0.427129 -0.217202
v -0.117254 0.486782 -0.217202
v -0.121568 0.427129 -0.215894
v -0.121568 0.486782 -0.215894
v -0.126055 0.427129 -0.215452
v -0.126055 0.486782 -0.215452
v -0.130541 0.427129 -0.215894
v -0.130541 0.486782 -0.215894
v -0.134855 0.427129 -0.217202
v -0.134855 0.486782 -0.217202
v -0.138830 0.427129 -0.219327
v -0.138830 0.486782 -0.219327
v -0.142315 0.427129 -0.222187
v -0.142315 0.486782 -0.222187
v -0.145175 0.427129 -0.225672
v -0.145175 0.486782 -0.225672
v -0.147300 0.427129 -0.229648
v -0.147300 0.486782 -0.229648
v -0.148609 0.427129 -0.233962
v -0.148609 0.486782 -0.233962
v -0.149050 0.427129 -0.238448
v -0.149050 0.486782 -0.238448
v -0.148609 0.427129 -0.242934
v -0.148609 0.486782 -0.242934
v -0.147300 0.427129 -0.247248
v -0.147300 0.486782 -0.247248
v -0.145175 0.427129 -0.251224
v -0.145175 0.486782 -0.251224
v -0.142315 0.427129 -0.254708
v -0.142315 0.486782 -0.254708
v -0.138830 0.427129 -0.257568
v -0.138830 0.486782 -0.257568
v -0.134855 0.427129 -0.259693
v -0.134855 0.486782 -0.259693
v -0.130541 0.427129 -0.261002
v -0.130541 0.486782 -0.261002
v -0.126055 0.429485 -0.268275
v -0.126055 0.440818 -0.268275
v -0.100224 0.429485 -0.253361
v -0.100224 0.440818 -0.253361
v -0.100224 0.429485 -0.223535
v -0.100224 0.440818 -0.223535
v -0.126055 0.429485 -0.208621
v -0.126055 0.440818 -0.208621
v -0.151885 0.429485 -0.223535
v -0.151885 0.440818 -0.223535
v -0.151885 0.429485 -0.253361
v -0.151885 0.440818 -0.253361
v -0.126055 0.427129 0.146163
v -0.126055 0.486782 0.146163
v -0.121568 0.427129 0.146605
v -0.121568 0.486782 0.146605
v -0.117254 0.427129 0.147913
v -0.117254 0.486782 0.147913
v -0.113279 0.427129 0.150038
v -0.113279 0.486782 0.150038
v -0.109794 0.427129 0.152898
v -0.109794 0.486782 0.152898
v -0.106934 0.427129 0.156383
v -0.106934 0.486782 0.156383
v -0.104809 0.427129 0.160358
v -0.104809 0.486782 0.160358
v -0.103501 0.427129 0.164672
v -0.103501 0.486782 0.164672
v -0.103059 0.427129 0.169159
v -0.103059 0.486782 0.169159
v -0.103501 0.427129 0.173645
v -0.103501 0.486782 0.173645
v -0.104809 0.427129 0.177959
v -0.104809 0.486782 0.177959
v -0.106934 0.427129 0.181934
v -0.106934 0.486782 0.181934
v -0.109794 0.427129 0.185419
v -0.109794 0.486782 0.185419
v -0.113279 0.427129 0.188279
v -0.113279 0.486782 0.188279
v -0.117254 0.427129 0.190404
v -0.117254 0.486782 0.190404
v -0.121568 0.427129 0.191713
v -0.121568 0.486782 0.191713
v -0.126055 0.427129 0.192154
v -0.126055 0.486782 0.192154
v -0.130541 0.427129 0.191713
v -0.130541 0.486782 0.191713
v -0.134855 0.427129 0.190404
v -0.134855 0.486782 0.190404
v -0.138830 0.427129 0.188279
v -0.138830 0.486782 0.188279
v -0.142315 0.427129 0.185419
v -0.142315 0.486782 0.185419
v -0.145175 0.427129 0.181934
v -0.145175 0.486782 0.181934
v -0.147300 0.427129 0.177959
v -0.147300 0.486782 0.177959
v -0.148609 0.427129 0.173645
v -0.148609 0.486782 0.173645
v -0.149050 0.427129 0.169159
v -0.149050 0.486782 0.169159
v -0.148609 0.427129 0.164672
v -0.148609 0.486782 0.164672
v -0.147300 0.427129 0.160358
v -0.147300 0.486782 0.160358
v -0.145175 0.427129 0.156383
v -0.145175 0.486782 0.156383
v -0.142315 0.427129 0.152898
v -0.142315 0.486782 0.152898
v -0.138830 0.427129 0.150038
v -0.138830 0.486782 0.150038
v -0.134855 0.427129 0.147913
v -0.134855 0.486782 0.147913
v -0.130541 0.427129 0.146605
v -0.130541 0.486782 0.146605
v -0.126055 0.429485 0.139332
v -0.126055 0.440818 0.139332
v -0.100224 0.429485 0.154245
v -0.100224 0.440818 0.154245
v -0.100224 0.429485 0.184072
v -0.100224 0.440818 0.184072
v -0.126055 0.429485 0.198985
v -0.126055 0.440818 0.198985
v -0.151885 0.429485 0.184072
v -0.151885 0.440818 0.184072
v -0.151885 0.429485 0.154245
v -0.151885 0.440818 0.154245
v 0.275891 0.427129 -0.261444
v 0.275891 0.486782 -0.261444
v 0.280377 0.427129 -0.261002
v 0.280377 0.486782 -0.261002
v 0.284691 0.427129 -0.259693
v 0.284691 0.486782 -0.259693
v 0.288666 0.427129 -0.257568
v 0.288666 0.486782 -0.257568
v 0.292151 0.427129 -0.254708
v 0.292151 0.486782 -0.254708
v 0.295011 0.427129 -0.251224
v 0.295011 0.486782 -0.251224
v 0.297136 0.427129 -0.247248
v 0.297136 0.486782 -0.247248
v 0.298445 0.427129 -0.242934
v 0.298445 0.486782 -0.242934
v 0.298886 0.427129 -0.238448
v 0.298886 0.486782 -0.238448
v 0.298445 0.427129 -0.233962
v 0.298445 0.486782 -0.233962
v 0.297136 0.427129 -0.229648
v 0.297136 0.486782 -0.229648
v 0.295011 0.427129 -0.225672
v 0.295011 0.486782 -0.225672
v 0.292151 0.427129 -0.222187
v 0.292151 0.486782 -0.222187
v 0.288666 0.427129 -0.219327
v 0.288666 0.486782 -0.219327
v 0.284691 0.427129 -0.217202
v 0.284691 0.486782 -0.217202
v 0.280377 0.427129 -0.215894
v 0.280377 0.486782 -0.215894
v 0.275891 0.427129 -0.215452
v 0.275891 0.486782 -0.215452
v 0.271404 0.427129 -0.215894
v 0.271404 0.486782 -0.215894
v 0.267091 0.427129 -0.217202
v 0.267091 0.486782 -0.217202
v 0.263115 0.427129 -0.219327
v 0.263115 0.486782 -0.219327
v 0.259630 0.427129 -0.222187
v 0.259630 0.486782 -0.222187
v 0.256770 0.427129 -0.225672
v 0.256770 0.486782 -0.225672
v 0.254645 0.427129 -0.229648
v 0.254645 0.486782 -0.229648
v 0.253337 0.427129 -0.233962
v 0.253337 0.486782 -0.233962
v 0.252895 0.427129 -0.238448
v 0.252895 0.486782 -0.238448
v 0.253337 0.427129 -0.242934
v 0.253337 0.486782 -0.242934
v 0.254645 0.427129 -0.247248
v 0.254645 0.486782 -0.247248
v 0.256770 0.427129 -0.251224
v 0.256770 0.486782 -0.251224
v 0.259630 0.427129 -0.254708
v 0.259630 0.486782 -0.254708
v 0.263115 0.427129 -0.257568
v 0.263115 0.486782 -0.257568
v 0.267091 0.427129 -0.259693
v 0.267091 0.486782 -0.259693
v 0.271404 0.427129 -0.261002
v 0.271404 0.486782 -0.261002
v 0.275891 0.429485 -0.268275
v 0.275891 0.440818 -0.268275
v 0.301721 0.429485 -0.253361
v 0.301721 0.440818 -0.253361
v 0.301721 0.429485 -0.223535
v 0.301721 0.440818 -0.223535
v 0.275891 0.429485 -0.208621
v 0.275891 0.440818 -0.208621
v 0.250060 0.429485 -0.223535
v 0.250060 0.440818 -0.223535
v 0.250060 0.429485 -0.253361
v 0.250060 0.440818 -0.253361
v 6.870489 0.446424 0.233362
v 6.814336 0.446424 0.177209
v 6.842412 0.446424 0.225839
v 6.821858 0.446424 0.205286
v 6.814336 0.488328 0.177209
v 6.870489 0.488328 0.233362
v 6.821858 0.488328 0.205286
v 6.842412 0.488328 0.225839
v 6.814336 0.446424 -0.240105
v 6.870489 0.446424 -0.296258
v 6.821858 0.446424 -0.268181
v 6.842412 0.446424 -0.288735
v 6.870489 0.488328 -0.296258
v 6.814336 0.488328 -0.240105
v 6.842412 0.488328 -0.288735
v 6.821858 0.488328 -0.268181
v 7.343956 0.446424 0.177209
v 7.287803 0.446424 0.233362
v 7.336432 0.446424 0.205286
v 7.315879 0.446424 0.225839
v 7.287803 0.488328 0.233362
v 7.343956 0.488328 0.177209
v 7.315879 0.488328 0.225839
v 7.336432 0.488328 0.205286
v 7.287803 0.446424 -0.296258
v 7.343956 0.446424 -0.240105
v 7.315879 0.446424 -0.288735
v 7.336432 0.446424 -0.268181
v 7.343956 0.488328 -0.240105
v 7.287803 0.488328 -0.296258
v 7.336432 0.488328 -0.268181
v 7.315879 0.488328 -0.288735
v 7.275890 0.427129 0.146163
v 7.275890 0.486782 0.146163
v 7.280376 0.427129 0.146605
v 7.280376 0.486782 0.146605
v 7.284691 0.427129 0.147913
v 7.284691 0.486782 0.147913
v 7.288667 0.427129 0.150038
v 7.288667 0.486782 0.150038
v 7.292151 0.427129 0.152898
v 7.292151 0.486782 0.152898
v 7.295011 0.427129 0.156383
v 7.295011 0.486782 0.156383
v 7.297136 0.427129 0.160358
v 7.297136 0.486782 0.160358
v 7.298445 0.427129 0.164672
v 7.298445 0.486782 0.164672
v 7.298886 0.427129 0.169159
v 7.298886 0.486782 0.169159
v 7.298445 0.427129 0.173645
v 7.298445 0.486782 0.173645
v 7.297136 0.427129 0.177959
v 7.297136 0.486782 0.177959
v 7.295011 0.427129 0.181934
v 7.295011 0.486782 0.181934
v 7.292151 0.427129 0.185419
v 7.292151 0.486782 0.185419
v 7.288667 0.427129 0.188279
v 7.288667 0.486782 0.188279
v 7.284691 0.427129 0.190404
v 7.284691 0.486782 0.190404
v 7.280376 0.427129 0.191713
v 7.280376 0.486782 0.191713
v 7.275890 0.427129 0.192154
v 7.275890 0.486782 0.192154
v 7.271404 0.427129 0.191713
v 7.271404 0.486782 0.191713
v 7.267091 0.427129 0.190404
v 7.267091 0.486782 0.190404
v 7.263115 0.427129 0.188279
v 7.263115 0.486782 0.188279
v 7.259630 0.427129 0.185419
v 7.259630 0.486782 0.185419
v 7.256770 0.427129 0.181934
v 7.256770 0.486782 0.181934
v 7.254645 0.427129 0.177959
v 7.254645 0.486782 0.177959
v 7.253337 0.427129 0.173645
v 7.253337 0.486782 0.173645
v 7.252894 0.427129 0.169159
v 7.252894 0.486782 0.169159
v 7.253337 0.427129 0.164672
v 7.253337 0.486782 0.164672
v 7.254645 0.427129 0.160358
v 7.254645 0.486782 0.160358
v 7.256770 0.427129 0.156383
v 7.256770 0.486782 0.156383
v 7.259630 0.427129 0.152898
v 7.259630 0.486782 0.152898
v 7.263115 0.427129 0.150038
v 7.263115 0.486782 0.150038
v 7.267091 0.427129 0.147913
v 7.267091 0.486782 0.147913
v 7.271404 0.427129 0.146605
v 7.271404 0.486782 0.146605
v 7.275890 0.429485 0.139332
v 7.275890 0.440818 0.139332
v 7.301722 0.429485 0.154245
v 7.301722 0.440818 0.154245
v 7.301722 0.429485 0.184072
v 7.301722 0.440818 0.184072
v 7.275890 0.429485 0.198985
v 7.275890 0.440818 0.198985
v 7.250060 0.429485 0.184072
v 7.250060 0.440818 0.184072
v 7.250060 0.429485 0.154245
v 7.250060 0.440818 0.154245
v 6.873945 0.427129 -0.261444
v 6.873945 0.486782 -0.261444
v 6.878431 0.427129 -0.261002
v 6.878431 0.486782 -0.261002
v 6.882746 0.427129 -0.259693
v 6.882746 0.486782 -0.259693
v 6.886721 0.427129 -0.257568
v 6.886721 0.486782 -0.257568
v 6.890205 0.427129 -0.254708
v 6.890205 0.486782 -0.254708
v 6.893065 0.427129 -0.251224
v 6.893065 0.486782 -0.251224
v 6.895190 0.427129 -0.247248
v 6.895190 0.486782 -0.247248
v 6.896500 0.427129 -0.242934
v 6.896500 0.486782 -0.242934
v 6.896941 0.427129 -0.238448
v 6.896941 0.486782 -0.238448
v 6.896500 0.427129 -0.233962
v 6.896500 0.486782 -0.233962
v 6.895190 0.427129 -0.229648
v 6.895190 0.486782 -0.229648
v 6.893065 0.427129 -0.225672
v 6.893065 0.486782 -0.225672
v 6.890205 0.427129 -0.222187
v 6.890205 0.486782 -0.222187
v 6.886721 0.427129 -0.219327
v 6.886721 0.486782 -0.219327
v 6.882746 0.427129 -0.217202
v 6.882746 0.486782 -0.217202
v 6.878431 0.427129 -0.215894
v 6.878431 0.486782 -0.215894
v 6.873945 0.427129 -0.215452
v 6.873945 0.486782 -0.215452
v 6.869459 0.427129 -0.215894
v 6.869459 0.486782 -0.215894
v 6.865145 0.427129 -0.217202
v 6.865145 0.486782 -0.217202
v 6.861170 0.427129 -0.219327
v 6.861170 0.486782 -0.219327
v 6.857685 0.427129 -0.222187
v 6.857685 0.486782 -0.222187
v 6.854825 0.427129 -0.225672
v 6.854825 0.486782 -0.225672
v 6.852700 0.427129 -0.229648
v 6.852700 0.486782 -0.229648
v 6.851391 0.427129 -0.233962
v 6.851391 0.486782 -0.233962
v 6.850949 0.427129 -0.238448
v 6.850949 0.486782 -0.238448
v 6.851391 0.427129 -0.242934
v 6.851391 0.486782 -0.242934
v 6.852700 0.427129 -0.247248
v 6.852700 0.486782 -0.247248
v 6.854825 0.427129 -0.251224
v 6.854825 0.486782 -0.251224
v 6.857685 0.427129 -0.254708
v 6.857685 0.486782 -0.254708
v 6.861170 0.427129 -0.257568
v 6.861170 0.486782 -0.257568
v 6.865145 0.427129 -0.259693
v 6.865145 0.486782 -0.259693
v 6.869459 0.427129 -0.261002
v 6.869459 0.486782 -0.261002
v 6.873945 0.429485 -0.268275
v 6.873945 0.440818 -0.268275
v 6.899776 0.429485 -0.253361
v 6.899776 0.440818 -0.253361
v 6.899776 0.429485 -0.223535
v 6.899776 0.440818 -0.223535
v 6.873945 0.429485 -0.208621
v 6.873945 0.440818 -0.208621
v 6.848115 0.429485 -0.223535
v 6.848115 0.440818 -0.223535
v 6.848115 0.429485 -0.253361
v 6.848115 0.440818 -0.253361
v 6.873945 0.427129 0.146163
v 6.873945 0.486782 0.146163
v 6.878431 0.427129 0.146605
v 6.878431 0.486782 0.146605
v 6.882746 0.427129 0.147913
v 6.882746 0.486782 0.147913
v 6.886721 0.427129 0.150038
v 6.886721 0.486782 0.150038
v 6.890205 0.427129 0.152898
v 6.890205 0.486782 0.152898
v 6.893065 0.427129 0.156383
v 6.893065 0.486782 0.156383
v 6.895190 0.427129 0.160358
v 6.895190 0.486782 0.160358
v 6.896500 0.427129 0.164672
v 6.896500 0.486782 0.164672
v 6.896941 0.427129 0.169159
v 6.896941 0.486782 0.169159
v 6.896500 0.427129 0.173645
v 6.896500 0.486782 0.173645
v 6.895190 0.427129 0.177959
v 6.895190 0.486782 0.177959
v 6.893065 0.427129 0.181934
v 6.893065 0.486782 0.181934
v 6.890205 0.427129 0.185419
v 6.890205 0.486782 0.185419
v 6.886721 0.427129 0.188279
v 6.886721 0.486782 0.188279
v 6.882746 0.427129 0.190404
v 6.882746 0.486782 0.190404
v 6.878431 0.427129 0.191713
v 6.878431 0.486782 0.191713
v 6.873945 0.427129 0.192154
v 6.873945 0.486782 0.192154
v 6.869459 0.427129 0.191713
v 6.869459 0.486782 0.191713
v 6.865145 0.427129 0.190404
v 6.865145 0.486782 0.190404
v 6.861170 0.427129 0.188279
v 6.861170 0.486782 0.188279
v 6.857685 0.427129 0.185419
v 6.857685 0.486782 0.185419
v 6.854825 0.427129 0.181934
v 6.854825 0.486782 0.181934
v 6.852700 0.427129 0.177959
v 6.852700 0.486782 0.177959
v 6.851391 0.427129 0.173645
v 6.851391 0.486782 0.173645
v 6.850949 0.427129 0.169159
v 6.850949 0.486782 0.169159
v 6.851391 0.427129 0.164672
v 6.851391 0.486782 0.164672
v 6.852700 0.427129 0.160358
v 6.852700 0.486782 0.160358
v 6.854825 0.427129 0.156383
v 6.854825 0.486782 0.156383
v 6.857685 0.427129 0.152898
v 6.857685 0.486782 0.152898
v 6.861170 0.427129 0.150038
v 6.861170 0.486782 0.150038
v 6.865145 0.427129 0.147913
v 6.865145 0.486782 0.147913
v 6.869459 0.427129 0.146605
v 6.869459 0.486782 0.146605
v 6.873945 0.429485 0.139332
v 6.873945 0.440818 0.139332
v 6.899776 0.429485 0.154245
v 6.899776 0.440818 0.154245
v 6.899776 0.429485 0.184072
v 6.899776 0.440818 0.184072
v 6.873945 0.429485 0.198985
v 6.873945 0.440818 0.198985
v 6.848115 0.429485 0.184072
v 6.848115 0.440818 0.184072
v 6.848115 0.429485 0.154245
v 6.848115 0.440818 0.154245
v 7.275890 0.427129 -0.261444
v 7.275890 0.486782 -0.261444
v 7.280376 0.427129 -0.261002
v 7.280376 0.486782 -0.261002
v 7.284691 0.427129 -0.259693
v 7.284691 0.486782 -0.259693
v 7.288667 0.427129 -0.257568
v 7.288667 0.486782 -0.257568
v 7.292151 0.427129 -0.254708
v 7.292151 0.486782 -0.254708
v 7.295011 0.427129 -0.251224
v 7.295011 0.486782 -0.251224
v 7.297136 0.427129 -0.247248
v 7.297136 0.486782 -0.247248
v 7.298445 0.427129 -0.242934
v 7.298445 0.486782 -0.242934
v 7.298886 0.427129 -0.238448
v 7.298886 0.486782 -0.238448
v 7.298445 0.427129 -0.233962
v 7.298445 0.486782 -0.233962
v 7.297136 0.427129 -0.229648
v 7.297136 0.486782 -0.229648
v 7.295011 0.427129 -0.225672
v 7.295011 0.486782 -0.225672
v 7.292151 0.427129 -0.222187
v 7.292151 0.486782 -0.222187
v 7.288667 0.427129 -0.219327
v 7.288667 0.486782 -0.219327
v 7.284691 0.427129 -0.217202
v 7.284691 0.486782 -0.217202
v 7.280376 0.427129 -0.215894
v 7.280376 0.486782 -0.215894
v 7.275890 0.427129 -0.215452
v 7.275890 0.486782 -0.215452
v 7.271404 0.427129 -0.215894
v 7.271404 0.486782 -0.215894
v 7.267091 0.427129 -0.217202
v 7.267091 0.486782 -0.217202
v 7.263115 0.427129 -0.219327
v 7.263115 0.486782 -0.219327
v 7.259630 0.427129 -0.222187
v 7.259630 0.486782 -0.222187
v 7.256770 0.427129 -0.225672
v 7.256770 0.486782 -0.225672
v 7.254645 0.427129 -0.229648
v 7.254645 0.486782 -0.229648
v 7.253337 0.427129 -0.233962
v 7.253337 0.486782 -0.233962
v 7.252894 0.427129 -0.238448
v 7.252894 0.486782 -0.238448
v 7.253337 0.427129 -0.242934
v 7.253337 0.486782 -0.242934
v 7.254645 0.427129 -0.247248
v 7.254645 0.486782 -0.247248
v 7.256770 0.427129 -0.251224
v 7.256770 0.486782 -0.251224
v 7.259630 0.427129 -0.254708
v 7.259630 0.486782 -0.254708
v 7.263115 0.427129 -0.257568
v 7.263115 0.486782 -0.257568
v 7.267091 0.427129 -0.259693
v 7.267091 0.486782 -0.259693
v 7.271404 0.427129 -0.261002
v 7.271404 0.486782 -0.261002
v 7.275890 0.429485 -0.268275
v 7.275890 0.440818 -0.268275
v 7.301722 0.429485 -0.253361
v 7.301722 0.440818 -0.253361
v 7.301722 0.429485 -0.223535
v 7.301722 0.440818 -0.223535
v 7.275890 0.429485 -0.208621
v 7.275890 0.440818 -0.208621
v 7.250060 0.429485 -0.223535
v 7.250060 0.440818 -0.223535
v 7.250060 0.429485 -0.253361
v 7.250060 0.440818 -0.253361
v 6.870489 0.446424 3.233362
v 6.814336 0.446424 3.177209
v 6.842412 0.446424 3.225839
v 6.821858 0.446424 3.205286
v 6.814336 0.488328 3.177209
v 6.870489 0.488328 3.233362
v 6.821858 0.488328 3.205286
v 6.842412 0.488328 3.225839
v 6.814336 0.446424 2.759895
v 6.870489 0.446424 2.703742
v 6.821858 0.446424 2.731819
v 6.842412 0.446424 2.711265
v 6.870489 0.488328 2.703742
v 6.814336 0.488328 2.759895
v 6.842412 0.488328 2.711265
v 6.821858 0.488328 2.731819
v 7.343956 0.446424 3.177209
v 7.287803 0.446424 3.233362
v 7.336432 0.446424 3.205286
v 7.315879 0.446424 3.225839
v 7.287803 0.488328 3.233362
v 7.343956 0.488328 3.177209
v 7.315879 0.488328 3.225839
v 7.336432 0.488328 3.205286
v 7.287803 0.446424 2.703742
v 7.343956 0.446424 2.759895
v 7.315879 0.446424 2.711265
v 7.336432 0.446424 2.731819
v 7.343956 0.488328 2.759895
v 7.287803 0.488328 2.703742
v 7.336432 0.488328 2.731819
v 7.315879 0.488328 2.711265
v 7.275890 0.427129 3.146163
v 7.275890 0.486782 3.146163
v 7.280376 0.427129 3.146605
v 7.280376 0.486782 3.146605
v 7.284691 0.427129 3.147913
v 7.284691 0.486782 3.147913
v 7.288667 0.427129 3.150038
v 7.288667 0.486782 3.150038
v 7.292151 0.427129 3.152898
v 7.292151 0.486782 3.152898
v 7.295011 0.427129 3.156383
v 7.295011 0.486782 3.156383
v 7.297136 0.427129 3.160358
v 7.297136 0.486782 3.160358
v 7.298445 0.427129 3.164672
v 7.298445 0.486782 3.164672
v 7.298886 0.427129 3.169159
v 7.298886 0.486782 3.169159
v 7.298445 0.427129 3.173645
v 7.298445 0.486782 3.173645
v 7.297136 0.427129 3.177959
v 7.297136 0.486782 3.177959
v 7.295011 0.427129 3.181934
v 7.295011 0.486782 3.181934
v 7.292151 0.427129 3.185419
v 7.292151 0.486782 3.185419
v 7.288667 0.427129 3.188279
v 7.288667 0.486782 3.188279
v 7.284691 0.427129 3.190404
v 7.284691 0.486782 3.190404
v 7.280376 0.427129 3.191713
v 7.280376 0.486782 3.191713
v 7.275890 0.427129 3.192154
v 7.275890 0.486782 3.192154
v 7.271404 0.427129 3.191713
v 7.271404 0.486782 3.191713
v 7.267091 0.427129 3.190404
v 7.267091 0.486782 3.190404
v 7.263115 0.427129 3.188279
v 7.263115 0.486782 3.188279
v 7.259630 0.427129 3.185419
v 7.259630 0.486782 3.185419
v 7.256770 0.427129 3.181934
v 7.256770 0.486782 3.181934
v 7.254645 0.427129 3.177959
v 7.254645 0.486782 3.177959
v 7.253337 0.427129 3.173645
v 7.253337 0.486782 3.173645
v 7.252894 0.427129 3.169159
v 7.252894 0.486782 3.169159
v 7.253337 0.427129 3.164672
v 7.253337 0.486782 3.164672
v 7.254645 0.427129 3.160358
v 7.254645 0.486782 3.160358
v 7.256770 0.427129 3.156383
v 7.256770 0.486782 3.156383
v 7.259630 0.427129 3.152898
v 7.259630 0.486782 3.152898
v 7.263115 0.427129 3.150038
v 7.263115 0.486782 3.150038
v 7.267091 0.427129 3.147913
v 7.267091 0.486782 3.147913
v 7.271404 0.427129 3.146605
v 7.271404 0.486782 3.146605
v 7.275890 0.429485 3.139332
v 7.275890 0.440818 3.139332
v 7.301722 0.429485 3.154245
v 7.301722 0.440818 3.154245
v 7.301722 0.429485 3.184072
v 7.301722 0.440818 3.184072
v 7.275890 0.429485 3.198985
v 7.275890 0.440818 3.198985
v 7.250060 0.429485 3.184072
v 7.250060 0.440818 3.184072
v 7.250060 0.429485 3.154245
v 7.250060 0.440818 3.154245
v 6.873945 0.427129 2.738556
v 6.873945 0.486782 2.738556
v 6.878431 0.427129 2.738998
v 6.878431 0.486782 2.738998
v 6.882746 0.427129 2.740307
v 6.882746 0.486782 2.740307
v 6.886721 0.427129 2.742432
v 6.886721 0.486782 2.742432
v 6.890205 0.427129 2.745292
v 6.890205 0.486782 2.745292
v 6.893065 0.427129 2.748776
v 6.893065 0.486782 2.748776
v 6.895190 0.427129 2.752752
v 6.895190 0.486782 2.752752
v 6.896500 0.427129 2.757066
v 6.896500 0.486782 2.757066
v 6.896941 0.427129 2.761552
v 6.896941 0.486782 2.761552
v 6.896500 0.427129 2.766038
v 6.896500 0.486782 2.766038
v 6.895190 0.427129 2.770352
v 6.895190 0.486782 2.770352
v 6.893065 0.427129 2.774328
v 6.893065 0.486782 2.774328
v 6.890205 0.427129 2.777813
v 6.890205 0.486782 2.777813
v 6.886721 0.427129 2.780673
v 6.886721 0.486782 2.780673
v 6.882746 0.427129 2.782798
v 6.882746 0.486782 2.782798
v 6.878431 0.427129 2.784106
v 6.878431 0.486782 2.784106
v 6.873945 0.427129 2.784548
v 6.873945 0.486782 2.784548
v 6.869459 0.427129 2.784106
v 6.869459 0.486782 2.784106
v 6.865145 0.427129 2.782798
v 6.865145 0.486782 2.782798
v 6.861170 0.427129 2.780673
v 6.861170 0.486782 2.780673
v 6.857685 0.427129 2.777813
v 6.857685 0.486782 2.777813
v 6.854825 0.427129 2.774328
v 6.854825 0.486782 2.774328
v 6.852700 0.427129 2.770352
v 6.852700 0.486782 2.770352
v 6.851391 0.427129 2.766038
v 6.851391 0.486782 2.766038
v 6.850949 0.427129 2.761552
v 6.850949 0.486782 2.761552
v 6.851391 0.427129 2.757066
v 6.851391 0.486782 2.757066
v 6.852700 0.427129 2.752752
v 6.852700 0.486782 2.752752
v 6.854825 0.427129 2.748776
v 6.854825 0.486782 2.748776
v 6.857685 0.427129 2.745292
v 6.857685 0.486782 2.745292
v 6.861170 0.427129 2.742432
v 6.861170 0.486782 2.742432
v 6.865145 0.427129 2.740307
v 6.865145 0.486782 2.740307
v 6.869459 0.427129 2.738998
v 6.869459 0.486782 2.738998
v 6.873945 0.429485 2.731725
v 6.873945 0.440818 2.731725
v 6.899776 0.429485 2.746639
v 6.899776 0.440818 2.746639
v 6.899776 0.429485 2.776465
v 6.899776 0.440818 2.776465
v 6.873945 0.429485 2.791379
v 6.873945 0.440818 2.791379
v 6.848115 0.429485 2.776465
v 6.848115 0.440818 2.776465
v 6.848115 0.429485 2.746639
v 6.848115 0.440818 2.746639
v 6.873945 0.427129 3.146163
v 6.873945 0.486782 3.146163
v 6.878431 0.427129 3.146605
v 6.878431 0.486782 3.146605
v 6.882746 0.427129 3.147913
v 6.882746 0.486782 3.147913
v 6.886721 0.427129 3.150038
v 6.886721 0.486782 3.150038
v 6.890205 0.427129 3.152898
v 6.890205 0.486782 3.152898
v 6.893065 0.427129 3.156383
v 6.893065 0.486782 3.156383
v 6.895190 0.427129 3.160358
v 6.895190 0.486782 3.160358
v 6.896500 0.427129 3.164672
v 6.896500 0.486782 3.164672
v 6.896941 0.427129 3.169159
v 6.896941 0.486782 3.169159
v 6.896500 0.427129 3.173645
v 6.896500 0.486782 3.173645
v 6.895190 0.427129 3.177959
v 6.895190 0.486782 3.177959
v 6.893065 0.427129 3.181934
v 6.893065 0.486782 3.181934
v 6.890205 0.427129 3.185419
v 6.890205 0.486782 3.185419
v 6.886721 0.427129 3.188279
v 6.886721 0.486782 3.188279
v 6.882746 0.427129 3.190404
v 6.882746 0.486782 3.190404
v 6.878431 0.427129 3.191713
v 6.878431 0.486782 3.191713
v 6.873945 0.427129 3.192154
v 6.873945 0.486782 3.192154
v 6.869459 0.427129 3.191713
v 6.869459 0.486782 3.191713
v 6.865145 0.427129 3.190404
v 6.865145 0.486782 3.190404
v 6.861170 0.427129 3.188279
v 6.861170 0.486782 3.188279
v 6.857685 0.427129 3.185419
v 6.857685 0.486782 3.185419
v 6.854825 0.427129 3.181934
v 6.854825 0.486782 3.181934
v 6.852700 0.427129 3.177959
v 6.852700 0.486782 3.177959
v 6.851391 0.427129 3.173645
v 6.851391 0.486782 3.173645
v 6.850949 0.427129 3.169159
v 6.850949 0.486782 3.169159
v 6.851391 0.427129 3.164672
v 6.851391 0.486782 3.164672
v 6.852700 0.427129 3.160358
v 6.852700 0.486782 3.160358
v 6.854825 0.427129 3.156383
v 6.854825 0.486782 3.156383
v 6.857685 0.427129 3.152898
v 6.857685 0.486782 3.152898
v 6.861170 0.427129 3.150038
v 6.861170 0.486782 3.150038
v 6.865145 0.427129 3.147913
v 6.865145 0.486782 3.147913
v 6.869459 0.427129 3.146605
v 6.869459 0.486782 3.146605
v 6.873945 0.429485 3.139332
v 6.873945 0.440818 3.139332
v 6.899776 0.429485 3.154245
v 6.899776 0.440818 3.154245
v 6.899776 0.429485 3.184072
v 6.899776 0.440818 3.184072
v 6.873945 0.429485 3.198985
v 6.873945 0.440818 3.198985
v 6.848115 0.429485 3.184072
v 6.848115 0.440818 3.184072
v 6.848115 0.429485 3.154245
v 6.848115 0.440818 3.154245
v 7.275890 0.427129 2.738556
v 7.275890 0.486782 2.738556
v 7.280376 0.427129 2.738998
v 7.280376 0.486782 2.738998
v 7.284691 0.427129 2.740307
v 7.284691 0.486782 2.740307
v 7.288667 0.427129 2.742432
v 7.288667 0.486782 2.742432
v 7.292151 0.427129 2.745292
v 7.292151 0.486782 2.745292
v 7.295011 0.427129 2.748776
v 7.295011 0.486782 2.748776
v 7.297136 0.427129 2.752752
v 7.297136 0.486782 2.752752
v 7.298445 0.427129 2.757066
v 7.298445 0.486782 2.757066
v 7.298886 0.427129 2.761552
v 7.298886 0.486782 2.761552
v 7.298445 0.427129 2.766038
v 7.298445 0.486782 2.766038
v 7.297136 0.427129 2.770352
v 7.297136 0.486782 2.770352
v 7.295011 0.427129 2.774328
v 7.295011 0.486782 2.774328
v 7.292151 0.427129 2.777813
v 7.292151 0.486782 2.777813
v 7.288667 0.427129 2.780673
v 7.288667 0.486782 2.780673
v 7.284691 0.427129 2.782798
v 7.284691 0.486782 2.782798
v 7.280376 0.427129 2.784106
v 7.280376 0.486782 2.784106
v 7.275890 0.427129 2.784548
v 7.275890 0.486782 2.784548
v 7.271404 0.427129 2.784106
v 7.271404 0.486782 2.784106
v 7.267091 0.427129 2.782798
v 7.267091 0.486782 2.782798
v 7.263115 0.427129 2.780673
v 7.263115 0.486782 2.780673
v 7.259630 0.427129 2.777813
v 7.259630 0.486782 2.777813
v 7.256770 0.427129 2.774328
v 7.256770 0.486782 2.774328
v 7.254645 0.427129 2.770352
v 7.254645 0.486782 2.770352
v 7.253337 0.427129 2.766038
v 7.253337 0.486782 2.766038
v 7.252894 0.427129 2.761552
v 7.252894 0.486782 2.761552
v 7.253337 0.427129 2.757066
v 7.253337 0.486782 2.757066
v 7.254645 0.427129 2.752752
v 7.254645 0.486782 2.752752
v 7.256770 0.427129 2.748776
v 7.256770 0.486782 2.748776
v 7.259630 0.427129 2.745292
v 7.259630 0.486782 2.745292
v 7.263115 0.427129 2.742432
v 7.263115 0.486782 2.742432
v 7.267091 0.427129 2.740307
v 7.267091 0.486782 2.740307
v 7.271404 0.427129 2.738998
v 7.271404 0.486782 2.738998
v 7.275890 0.429485 2.731725
v 7.275890 0.440818 2.731725
v 7.301722 0.429485 2.746639
v 7.301722 0.440818 2.746639
v 7.301722 0.429485 2.776465
v 7.301722 0.440818 2.776465
v 7.275890 0.429485 2.791379
v 7.275890 0.440818 2.791379
v 7.250060 0.429485 2.776465
v 7.250060 0.440818 2.776465
v 7.250060 0.429485 2.746639
v 7.250060 0.440818 2.746639
v -1.396958 3.508355 3.458993
v 8.555249 3.508355 3.458993
v -1.396958 3.508355 -0.521889
v 8.555249 3.508355 -0.521889
v -0.129511 3.382342 0.233362
v -0.185664 3.382342 0.177209
v -0.157587 3.382342 0.225839
v -0.178141 3.382342 0.205286
v -0.185664 3.424246 0.177209
v -0.129511 3.424246 0.233362
v -0.178141 3.424246 0.205286
v -0.157587 3.424246 0.225839
v -0.185664 3.382342 -0.240105
v -0.129511 3.382342 -0.296258
v -0.178141 3.382342 -0.268181
v -0.157587 3.382342 -0.288735
v -0.129511 3.424246 -0.296258
v -0.185664 3.424246 -0.240105
v -0.157587 3.424246 -0.288735
v -0.178141 3.424246 -0.268181
v 0.343956 3.382342 0.177209
v 0.287803 3.382342 0.233362
v 0.336433 3.382342 0.205286
v 0.315880 3.382342 0.225839
v 0.287803 3.424246 0.233362
v 0.343956 3.424246 0.177209
v 0.315880 3.424246 0.225839
v 0.336433 3.424246 0.205286
v 0.287803 3.382342 -0.296258
v 0.343956 3.382342 -0.240105
v 0.315880 3.382342 -0.288735
v 0.336433 3.382342 -0.268181
v 0.343956 3.424246 -0.240105
v 0.287803 3.424246 -0.296258
v 0.336433 3.424246 -0.268181
v 0.315880 3.424246 -0.288735
v 0.275891 3.363046 0.146163
v 0.275891 3.422700 0.146163
v 0.280377 3.363046 0.146605
v 0.280377 3.422700 0.146605
v 0.284691 3.363046 0.147913
v 0.284691 3.422700 0.147913
v 0.288667 3.363046 0.150038
v 0.288667 3.422700 0.150038
v 0.292152 3.363046 0.152898
v 0.292152 3.422700 0.152898
v 0.295011 3.363046 0.156383
v 0.295011 3.422700 0.156383
v 0.297137 3.363046 0.160359
v 0.297137 3.422700 0.160359
v 0.298445 3.363046 0.164672
v 0.298445 3.422700 0.164672
v 0.298887 3.363046 0.169159
v 0.298887 3.422700 0.169159
v 0.298445 3.363046 0.173645
v 0.298445 3.422700 0.173645
v 0.297137 3.363046 0.177959
v 0.297137 3.422700 0.177959
v 0.295011 3.363046 0.181935
v 0.295011 3.422700 0.181935
v 0.292152 3.363046 0.185419
v 0.292152 3.422700 0.185419
v 0.288667 3.363046 0.188279
v 0.288667 3.422700 0.188279
v 0.284691 3.363046 0.190404
v 0.284691 3.422700 0.190404
v 0.280377 3.363046 0.191713
v 0.280377 3.422700 0.191713
v 0.275891 3.363046 0.192155
v 0.275891 3.422700 0.192155
v 0.271405 3.363046 0.191713
v 0.271405 3.422700 0.191713
v 0.267091 3.363046 0.190404
v 0.267091 3.422700 0.190404
v 0.263115 3.363046 0.188279
v 0.263115 3.422700 0.188279
v 0.259630 3.363046 0.185419
v 0.259630 3.422700 0.185419
v 0.256771 3.363046 0.181935
v 0.256771 3.422700 0.181935
v 0.254646 3.363046 0.177959
v 0.254646 3.422700 0.177959
v 0.253337 3.363046 0.173645
v 0.253337 3.422700 0.173645
v 0.252895 3.363046 0.169159
v 0.252895 3.422700 0.169159
v 0.253337 3.363046 0.164672
v 0.253337 3.422700 0.164672
v 0.254646 3.363046 0.160359
v 0.254646 3.422700 0.160359
v 0.256771 3.363046 0.156383
v 0.256771 3.422700 0.156383
v 0.259630 3.363046 0.152898
v 0.259630 3.422700 0.152898
v 0.263115 3.363046 0.150038
v 0.263115 3.422700 0.150038
v 0.267091 3.363046 0.147913
v 0.267091 3.422700 0.147913
v 0.271405 3.363046 0.146605
v 0.271405 3.422700 0.146605
v 0.275891 3.365402 0.139332
v 0.275891 3.376735 0.139332
v 0.301722 3.365402 0.154245
v 0.301722 3.376735 0.154245
v 0.301722 3.365402 0.184072
v 0.301722 3.376735 0.184072
v 0.275891 3.365402 0.198985
v 0.275891 3.376735 0.198985
v 0.250060 3.365402 0.184072
v 0.250060 3.376735 0.184072
v 0.250060 3.365402 0.154245
v 0.250060 3.376735 0.154245
v -0.126054 3.363046 -0.261444
v -0.126054 3.422700 -0.261444
v -0.121568 3.363046 -0.261002
v -0.121568 3.422700 -0.261002
v -0.117254 3.363046 -0.259693
v -0.117254 3.422700 -0.259693
v -0.113278 3.363046 -0.257568
v -0.113278 3.422700 -0.257568
v -0.109794 3.363046 -0.254708
v -0.109794 3.422700 -0.254708
v -0.106934 3.363046 -0.251224
v -0.106934 3.422700 -0.251224
v -0.104809 3.363046 -0.247248
v -0.104809 3.422700 -0.247248
v -0.103500 3.363046 -0.242934
v -0.103500 3.422700 -0.242934
v -0.103058 3.363046 -0.238448
v -0.103058 3.422700 -0.238448
v -0.103500 3.363046 -0.233961
v -0.103500 3.422700 -0.233961
v -0.104809 3.363046 -0.229648
v -0.104809 3.422700 -0.229648
v -0.106934 3.363046 -0.225672
v -0.106934 3.422700 -0.225672
v -0.109794 3.363046 -0.222187
v -0.109794 3.422700 -0.222187
v -0.113278 3.363046 -0.219327
v -0.113278 3.422700 -0.219327
v -0.117254 3.363046 -0.217202
v -0.117254 3.422700 -0.217202
v -0.121568 3.363046 -0.215894
v -0.121568 3.422700 -0.215894
v -0.126054 3.363046 -0.215452
v -0.126054 3.422700 -0.215452
v -0.130541 3.363046 -0.215894
v -0.130541 3.422700 -0.215894
v -0.134854 3.363046 -0.217202
v -0.134854 3.422700 -0.217202
v -0.138830 3.363046 -0.219327
v -0.138830 3.422700 -0.219327
v -0.142315 3.363046 -0.222187
v -0.142315 3.422700 -0.222187
v -0.145175 3.363046 -0.225672
v -0.145175 3.422700 -0.225672
v -0.147300 3.363046 -0.229648
v -0.147300 3.422700 -0.229648
v -0.148608 3.363046 -0.233961
v -0.148608 3.422700 -0.233961
v -0.149050 3.363046 -0.238448
v -0.149050 3.422700 -0.238448
v -0.148608 3.363046 -0.242934
v -0.148608 3.422700 -0.242934
v -0.147300 3.363046 -0.247248
v -0.147300 3.422700 -0.247248
v -0.145175 3.363046 -0.251224
v -0.145175 3.422700 -0.251224
v -0.142315 3.363046 -0.254708
v -0.142315 3.422700 -0.254708
v -0.138830 3.363046 -0.257568
v -0.138830 3.422700 -0.257568
v -0.134854 3.363046 -0.259693
v -0.134854 3.422700 -0.259693
v -0.130541 3.363046 -0.261002
v -0.130541 3.422700 -0.261002
v -0.126054 3.365402 -0.268274
v -0.126054 3.376735 -0.268274
v -0.100224 3.365402 -0.253361
v -0.100224 3.376735 -0.253361
v -0.100224 3.365402 -0.223534
v -0.100224 3.376735 -0.223534
v -0.126054 3.365402 -0.208621
v -0.126054 3.376735 -0.208621
v -0.151885 3.365402 -0.223534
v -0.151885 3.376735 -0.223534
v -0.151885 3.365402 -0.253361
v -0.151885 3.376735 -0.253361
v -0.126054 3.363046 0.146163
v -0.126054 3.422700 0.146163
v -0.121568 3.363046 0.146605
v -0.121568 3.422700 0.146605
v -0.117254 3.363046 0.147913
v -0.117254 3.422700 0.147913
v -0.113278 3.363046 0.150038
v -0.113278 3.422700 0.150038
v -0.109794 3.363046 0.152898
v -0.109794 3.422700 0.152898
v -0.106934 3.363046 0.156383
v -0.106934 3.422700 0.156383
v -0.104809 3.363046 0.160359
v -0.104809 3.422700 0.160359
v -0.103500 3.363046 0.164672
v -0.103500 3.422700 0.164672
v -0.103058 3.363046 0.169159
v -0.103058 3.422700 0.169159
v -0.103500 3.363046 0.173645
v -0.103500 3.422700 0.173645
v -0.104809 3.363046 0.177959
v -0.104809 3.422700 0.177959
v -0.106934 3.363046 0.181935
v -0.106934 3.422700 0.181935
v -0.109794 3.363046 0.185419
v -0.109794 3.422700 0.185419
v -0.113278 3.363046 0.188279
v -0.113278 3.422700 0.188279
v -0.117254 3.363046 0.190404
v -0.117254 3.422700 0.190404
v -0.121568 3.363046 0.191713
v -0.121568 3.422700 0.191713
v -0.126054 3.363046 0.192155
v -0.126054 3.422700 0.192155
v -0.130541 3.363046 0.191713
v -0.130541 3.422700 0.191713
v -0.134854 3.363046 0.190404
v -0.134854 3.422700 0.190404
v -0.138830 3.363046 0.188279
v -0.138830 3.422700 0.188279
v -0.142315 3.363046 0.185419
v -0.142315 3.422700 0.185419
v -0.145175 3.363046 0.181935
v -0.145175 3.422700 0.181935
v -0.147300 3.363046 0.177959
v -0.147300 3.422700 0.177959
v -0.148608 3.363046 0.173645
v -0.148608 3.422700 0.173645
v -0.149050 3.363046 0.169159
v -0.149050 3.422700 0.169159
v -0.148608 3.363046 0.164672
v -0.148608 3.422700 0.164672
v -0.147300 3.363046 0.160359
v -0.147300 3.422700 0.160359
v -0.145175 3.363046 0.156383
v -0.145175 3.422700 0.156383
v -0.142315 3.363046 0.152898
v -0.142315 3.422700 0.152898
v -0.138830 3.363046 0.150038
v -0.138830 3.422700 0.150038
v -0.134854 3.363046 0.147913
v -0.134854 3.422700 0.147913
v -0.130541 3.363046 0.146605
v -0.130541 3.422700 0.146605
v -0.126054 3.365402 0.139332
v -0.126054 3.376735 0.139332
v -0.100224 3.365402 0.154245
v -0.100224 3.376735 0.154245
v -0.100224 3.365402 0.184072
v -0.100224 3.376735 0.184072
v -0.126054 3.365402 0.198985
v -0.126054 3.376735 0.198985
v -0.151885 3.365402 0.184072
v -0.151885 3.376735 0.184072
v -0.151885 3.365402 0.154245
v -0.151885 3.376735 0.154245
v 0.275891 3.363046 -0.261444
v 0.275891 3.422700 -0.261444
v 0.280377 3.363046 -0.261002
v 0.280377 3.422700 -0.261002
v 0.284691 3.363046 -0.259693
v 0.284691 3.422700 -0.259693
v 0.288667 3.363046 -0.257568
v 0.288667 3.422700 -0.257568
v 0.292151 3.363046 -0.254708
v 0.292151 3.422700 -0.254708
v 0.295011 3.363046 -0.251224
v 0.295011 3.422700 -0.251224
v 0.297137 3.363046 -0.247248
v 0.297137 3.422700 -0.247248
v 0.298445 3.363046 -0.242934
v 0.298445 3.422700 -0.242934
v 0.298887 3.363046 -0.238448
v 0.298887 3.422700 -0.238448
v 0.298445 3.363046 -0.233961
v 0.298445 3.422700 -0.233961
v 0.297137 3.363046 -0.229648
v 0.297137 3.422700 -0.229648
v 0.295011 3.363046 -0.225672
v 0.295011 3.422700 -0.225672
v 0.292151 3.363046 -0.222187
v 0.292151 3.422700 -0.222187
v 0.288667 3.363046 -0.219327
v 0.288667 3.422700 -0.219327
v 0.284691 3.363046 -0.217202
v 0.284691 3.422700 -0.217202
v 0.280377 3.363046 -0.215894
v 0.280377 3.422700 -0.215894
v 0.275891 3.363046 -0.215452
v 0.275891 3.422700 -0.215452
v 0.271405 3.363046 -0.215894
v 0.271405 3.422700 -0.215894
v 0.267091 3.363046 -0.217202
v 0.267091 3.422700 -0.217202
v 0.263115 3.363046 -0.219327
v 0.263115 3.422700 -0.219327
v 0.259630 3.363046 -0.222187
v 0.259630 3.422700 -0.222187
v 0.256771 3.363046 -0.225672
v 0.256771 3.422700 -0.225672
v 0.254646 3.363046 -0.229648
v 0.254646 3.422700 -0.229648
v 0.253337 3.363046 -0.233961
v 0.253337 3.422700 -0.233961
v 0.252895 3.363046 -0.238448
v 0.252895 3.422700 -0.238448
v 0.253337 3.363046 -0.242934
v 0.253337 3.422700 -0.242934
v 0.254646 3.363046 -0.247248
v 0.254646 3.422700 -0.247248
v 0.256771 3.363046 -0.251224
v 0.256771 3.422700 -0.251224
v 0.259630 3.363046 -0.254708
v 0.259630 3.422700 -0.254708
v 0.263115 3.363046 -0.257568
v 0.263115 3.422700 -0.257568
v 0.267091 3.363046 -0.259693
v 0.267091 3.422700 -0.259693
v 0.271405 3.363046 -0.261002
v 0.271405 3.422700 -0.261002
v 0.275891 3.365402 -0.268274
v 0.275891 3.376735 -0.268274
v 0.301722 3.365402 -0.253361
v 0.301722 3.376735 -0.253361
v 0.301722 3.365402 -0.223534
v 0.301722 3.376735 -0.223534
v 0.275891 3.365402 -0.208621
v 0.275891 3.376735 -0.208621
v 0.250060 3.365402 -0.223534
v 0.250060 3.376735 -0.223534
v 0.250060 3.365402 -0.253361
v 0.250060 3.376735 -0.253361
v -0.129511 3.382342 3.233362
v -0.185664 3.382342 3.177209
v -0.157587 3.382342 3.225839
v -0.178141 3.382342 3.205286
v -0.185664 3.424246 3.177209
v -0.129511 3.424246 3.233362
v -0.178141 3.424246 3.205286
v -0.157587 3.424246 3.225839
v -0.185664 3.382342 2.759895
v -0.129511 3.382342 2.703742
v -0.178141 3.382342 2.731819
v -0.157587 3.382342 2.711265
v -0.129511 3.424246 2.703742
v -0.185664 3.424246 2.759895
v -0.157587 3.424246 2.711265
v -0.178141 3.424246 2.731819
v 0.343956 3.382342 3.177209
v 0.287803 3.382342 3.233362
v 0.336433 3.382342 3.205286
v 0.315880 3.382342 3.225839
v 0.287803 3.424246 3.233362
v 0.343956 3.424246 3.177209
v 0.315880 3.424246 3.225839
v 0.336433 3.424246 3.205286
v 0.287803 3.382342 2.703742
v 0.343956 3.382342 2.759895
v 0.315880 3.382342 2.711265
v 0.336433 3.382342 2.731819
v 0.343956 3.424246 2.759895
v 0.287803 3.424246 2.703742
v 0.336433 3.424246 2.731819
v 0.315880 3.424246 2.711265
v 0.275891 3.363046 3.146163
v 0.275891 3.422700 3.146163
v 0.280377 3.363046 3.146605
v 0.280377 3.422700 3.146605
v 0.284691 3.363046 3.147913
v 0.284691 3.422700 3.147913
v 0.288667 3.363046 3.150038
v 0.288667 3.422700 3.150038
v 0.292152 3.363046 3.152898
v 0.292152 3.422700 3.152898
v 0.295011 3.363046 3.156383
v 0.295011 3.422700 3.156383
v 0.297137 3.363046 3.160358
v 0.297137 3.422700 3.160358
v 0.298445 3.363046 3.164672
v 0.298445 3.422700 3.164672
v 0.298887 3.363046 3.169159
v 0.298887 3.422700 3.169159
v 0.298445 3.363046 3.173645
v 0.298445 3.422700 3.173645
v 0.297137 3.363046 3.177959
v 0.297137 3.422700 3.177959
v 0.295011 3.363046 3.181934
v 0.295011 3.422700 3.181934
v 0.292152 3.363046 3.185419
v 0.292152 3.422700 3.185419
v 0.288667 3.363046 3.188279
v 0.288667 3.422700 3.188279
v 0.284691 3.363046 3.190404
v 0.284691 3.422700 3.190404
v 0.280377 3.363046 3.191713
v 0.280377 3.422700 3.191713
v 0.275891 3.363046 3.192154
v 0.275891 3.422700 3.192154
v 0.271405 3.363046 3.191713
v 0.271405 3.422700 3.191713
v 0.267091 3.363046 3.190404
v 0.267091 3.422700 3.190404
v 0.263115 3.363046 3.188279
v 0.263115 3.422700 3.188279
v 0.259630 3.363046 3.185419
v 0.259630 3.422700 3.185419
v 0.256771 3.363046 3.181934
v 0.256771 3.422700 3.181934
v 0.254646 3.363046 3.177959
v 0.254646 3.422700 3.177959
v 0.253337 3.363046 3.173645
v 0.253337 3.422700 3.173645
v 0.252895 3.363046 3.169159
v 0.252895 3.422700 3.169159
v 0.253337 3.363046 3.164672
v 0.253337 3.422700 3.164672
v 0.254646 3.363046 3.160358
v 0.254646 3.422700 3.160358
v 0.256771 3.363046 3.156383
v 0.256771 3.422700 3.156383
v 0.259630 3.363046 3.152898
v 0.259630 3.422700 3.152898
v 0.263115 3.363046 3.150038
v 0.263115 3.422700 3.150038
v 0.267091 3.363046 3.147913
v 0.267091 3.422700 3.147913
v 0.271405 3.363046 3.146605
v 0.271405 3.422700 3.146605
v 0.275891 3.365402 3.139332
v 0.275891 3.376735 3.139332
v 0.301722 3.365402 3.154245
v 0.301722 3.376735 3.154245
v 0.301722 3.365402 3.184072
v 0.301722 3.376735 3.184072
v 0.275891 3.365402 3.198986
v 0.275891 3.376735 3.198986
v 0.250060 3.365402 3.184072
v 0.250060 3.376735 3.184072
v 0.250060 3.365402 3.154245
v 0.250060 3.376735 3.154245
v -0.126054 3.363046 2.738556
v -0.126054 3.422700 2.738556
v -0.121568 3.363046 2.738998
v -0.121568 3.422700 2.738998
v -0.117254 3.363046 2.740307
v -0.117254 3.422700 2.740307
v -0.113278 3.363046 2.742432
v -0.113278 3.422700 2.742432
v -0.109794 3.363046 2.745292
v -0.109794 3.422700 2.745292
v -0.106934 3.363046 2.748776
v -0.106934 3.422700 2.748776
v -0.104809 3.363046 2.752752
v -0.104809 3.422700 2.752752
v -0.103500 3.363046 2.757066
v -0.103500 3.422700 2.757066
v -0.103058 3.363046 2.761552
v -0.103058 3.422700 2.761552
v -0.103500 3.363046 2.766038
v -0.103500 3.422700 2.766038
v -0.104809 3.363046 2.770352
v -0.104809 3.422700 2.770352
v -0.106934 3.363046 2.774328
v -0.106934 3.422700 2.774328
v -0.109794 3.363046 2.777813
v -0.109794 3.422700 2.777813
v -0.113278 3.363046 2.780673
v -0.113278 3.422700 2.780673
v -0.117254 3.363046 2.782798
v -0.117254 3.422700 2.782798
v -0.121568 3.363046 2.784106
v -0.121568 3.422700 2.784106
v -0.126054 3.363046 2.784548
v -0.126054 3.422700 2.784548
v -0.130541 3.363046 2.784106
v -0.130541 3.422700 2.784106
v -0.134854 3.363046 2.782798
v -0.134854 3.422700 2.782798
v -0.138830 3.363046 2.780673
v -0.138830 3.422700 2.780673
v -0.142315 3.363046 2.777813
v -0.142315 3.422700 2.777813
v -0.145175 3.363046 2.774328
v -0.145175 3.422700 2.774328
v -0.147300 3.363046 2.770352
v -0.147300 3.422700 2.770352
v -0.148608 3.363046 2.766038
v -0.148608 3.422700 2.766038
v -0.149050 3.363046 2.761552
v -0.149050 3.422700 2.761552
v -0.148608 3.363046 2.757066
v -0.148608 3.422700 2.757066
v -0.147300 3.363046 2.752752
v -0.147300 3.422700 2.752752
v -0.145175 3.363046 2.748776
v -0.145175 3.422700 2.748776
v -0.142315 3.363046 2.745292
v -0.142315 3.422700 2.745292
v -0.138830 3.363046 2.742432
v -0.138830 3.422700 2.742432
v -0.134854 3.363046 2.740307
v -0.134854 3.422700 2.740307
v -0.130541 3.363046 2.738998
v -0.130541 3.422700 2.738998
v -0.126054 3.365402 2.731726
v -0.126054 3.376735 2.731726
v -0.100224 3.365402 2.746639
v -0.100224 3.376735 2.746639
v -0.100224 3.365402 2.776465
v -0.100224 3.376735 2.776465
v -0.126054 3.365402 2.791379
v -0.126054 3.376735 2.791379
v -0.151885 3.365402 2.776465
v -0.151885 3.376735 2.776465
v -0.151885 3.365402 2.746639
v -0.151885 3.376735 2.746639
v -0.126054 3.363046 3.146163
v -0.126054 3.422700 3.146163
v -0.121568 3.363046 3.146605
v -0.121568 3.422700 3.146605
v -0.117254 3.363046 3.147913
v -0.117254 3.422700 3.147913
v -0.113278 3.363046 3.150038
v -0.113278 3.422700 3.150038
v -0.109794 3.363046 3.152898
v -0.109794 3.422700 3.152898
v -0.106934 3.363046 3.156383
v -0.106934 3.422700 3.156383
v -0.104809 3.363046 3.160358
v -0.104809 3.422700 3.160358
v -0.103500 3.363046 3.164672
v -0.103500 3.422700 3.164672
v -0.103058 3.363046 3.169159
v -0.103058 3.422700 3.169159
v -0.103500 3.363046 3.173645
v -0.103500 3.422700 3.173645
v -0.104809 3.363046 3.177959
v -0.104809 3.422700 3.177959
v -0.106934 3.363046 3.181934
v -0.106934 3.422700 3.181934
v -0.109794 3.363046 3.185419
v -0.109794 3.422700 3.185419
v -0.113278 3.363046 3.188279
v -0.113278 3.422700 3.188279
v -0.117254 3.363046 3.190404
v -0.117254 3.422700 3.190404
v -0.121568 3.363046 3.191713
v -0.121568 3.422700 3.191713
v -0.126054 3.363046 3.192154
v -0.126054 3.422700 3.192154
v -0.130541 3.363046 3.191713
v -0.130541 3.422700 3.191713
v -0.134854 3.363046 3.190404
v -0.134854 3.422700 3.190404
v -0.138830 3.363046 3.188279
v -0.138830 3.422700 3.188279
v -0.142315 3.363046 3.185419
v -0.142315 3.422700 3.185419
v -0.145175 3.363046 3.181934
v -0.145175 3.422700 3.181934
v -0.147300 3.363046 3.177959
v -0.147300 3.422700 3.177959
v -0.148608 3.363046 3.173645
v -0.148608 3.422700 3.173645
v -0.149050 3.363046 3.169159
v -0.149050 3.422700 3.169159
v -0.148608 3.363046 3.164672
v -0.148608 3.422700 3.164672
v -0.147300 3.363046 3.160358
v -0.147300 3.422700 3.160358
v -0.145175 3.363046 3.156383
v -0.145175 3.422700 3.156383
v -0.142315 3.363046 3.152898
v -0.142315 3.422700 3.152898
v -0.138830 3.363046 3.150038
v -0.138830 3.422700 3.150038
v -0.134854 3.363046 3.147913
v -0.134854 3.422700 3.147913
v -0.130541 3.363046 3.146605
v -0.130541 3.422700 3.146605
v -0.126054 3.365402 3.139332
v -0.126054 3.376735 3.139332
v -0.100224 3.365402 3.154245
v -0.100224 3.376735 3.154245
v -0.100224 3.365402 3.184072
v -0.100224 3.376735 3.184072
v -0.126054 3.365402 3.198986
v -0.126054 3.376735 3.198986
v -0.151885 3.365402 3.184072
v -0.151885 3.376735 3.184072
v -0.151885 3.365402 3.154245
v -0.151885 3.376735 3.154245
v 0.275891 3.363046 2.738556
v 0.275891 3.422700 2.738556
v 0.280377 3.363046 2.738998
v 0.280377 3.422700 2.738998
v 0.284691 3.363046 2.740307
v 0.284691 3.422700 2.740307
v 0.288667 3.363046 2.742432
v 0.288667 3.422700 2.742432
v 0.292151 3.363046 2.745292
v 0.292151 3.422700 2.745292
v 0.295011 3.363046 2.748776
v 0.295011 3.422700 2.748776
v 0.297137 3.363046 2.752752
v 0.297137 3.422700 2.752752
v 0.298445 3.363046 2.757066
v 0.298445 3.422700 2.757066
v 0.298887 3.363046 2.761552
v 0.298887 3.422700 2.761552
v 0.298445 3.363046 2.766038
v 0.298445 3.422700 2.766038
v 0.297137 3.363046 2.770352
v 0.297137 3.422700 2.770352
v 0.295011 3.363046 2.774328
v 0.295011 3.422700 2.774328
v 0.292151 3.363046 2.777813
v 0.292151 3.422700 2.777813
v 0.288667 3.363046 2.780673
v 0.288667 3.422700 2.780673
v 0.284691 3.363046 2.782798
v 0.284691 3.422700 2.782798
v 0.280377 3.363046 2.784106
v 0.280377 3.422700 2.784106
v 0.275891 3.363046 2.784548
v 0.275891 3.422700 2.784548
v 0.271405 3.363046 2.784106
v 0.271405 3.422700 2.784106
v 0.267091 3.363046 2.782798
v 0.267091 3.422700 2.782798
v 0.263115 3.363046 2.780673
v 0.263115 3.422700 2.780673
v 0.259630 3.363046 2.777813
v 0.259630 3.422700 2.777813
v 0.256771 3.363046 2.774328
v 0.256771 3.422700 2.774328
v 0.254646 3.363046 2.770352
v 0.254646 3.422700 2.770352
v 0.253337 3.363046 2.766038
v 0.253337 3.422700 2.766038
v 0.252895 3.363046 2.761552
v 0.252895 3.422700 2.761552
v 0.253337 3.363046 2.757066
v 0.253337 3.422700 2.757066
v 0.254646 3.363046 2.752752
v 0.254646 3.422700 2.752752
v 0.256771 3.363046 2.748776
v 0.256771 3.422700 2.748776
v 0.259630 3.363046 2.745292
v 0.259630 3.422700 2.745292
v 0.263115 3.363046 2.742432
v 0.263115 3.422700 2.742432
v 0.267091 3.363046 2.740307
v 0.267091 3.422700 2.740307
v 0.271405 3.363046 2.738998
v 0.271405 3.422700 2.738998
v 0.275891 3.365402 2.731726
v 0.275891 3.376735 2.731726
v 0.301722 3.365402 2.746639
v 0.301722 3.376735 2.746639
v 0.301722 3.365402 2.776465
v 0.301722 3.376735 2.776465
v 0.275891 3.365402 2.791379
v 0.275891 3.376735 2.791379
v 0.250060 3.365402 2.776465
v 0.250060 3.376735 2.776465
v 0.250060 3.365402 2.746639
v 0.250060 3.376735 2.746639
v 6.870489 3.382342 0.233362
v 6.814336 3.382342 0.177209
v 6.842413 3.382342 0.225839
v 6.821859 3.382342 0.205286
v 6.814336 3.424246 0.177209
v 6.870489 3.424246 0.233362
v 6.821859 3.424246 0.205286
v 6.842413 3.424246 0.225839
v 6.814336 3.382342 -0.240105
v 6.870489 3.382342 -0.296258
v 6.821859 3.382342 -0.268181
v 6.842413 3.382342 -0.288735
v 6.870489 3.424246 -0.296258
v 6.814336 3.424246 -0.240105
v 6.842413 3.424246 -0.288735
v 6.821859 3.424246 -0.268181
v 7.343956 3.382342 0.177209
v 7.287803 3.382342 0.233362
v 7.336433 3.382342 0.205286
v 7.315880 3.382342 0.225839
v 7.287803 3.424246 0.233362
v 7.343956 3.424246 0.177209
v 7.315880 3.424246 0.225839
v 7.336433 3.424246 0.205286
v 7.287803 3.382342 -0.296258
v 7.343956 3.382342 -0.240105
v 7.315880 3.382342 -0.288735
v 7.336433 3.382342 -0.268181
v 7.343956 3.424246 -0.240105
v 7.287803 3.424246 -0.296258
v 7.336433 3.424246 -0.268181
v 7.315880 3.424246 -0.288735
v 7.275891 3.363046 0.146163
v 7.275891 3.422700 0.146163
v 7.280377 3.363046 0.146605
v 7.280377 3.422700 0.146605
v 7.284691 3.363046 0.147913
v 7.284691 3.422700 0.147913
v 7.288667 3.363046 0.150038
v 7.288667 3.422700 0.150038
v 7.292151 3.363046 0.152898
v 7.292151 3.422700 0.152898
v 7.295012 3.363046 0.156383
v 7.295012 3.422700 0.156383
v 7.297136 3.363046 0.160359
v 7.297136 3.422700 0.160359
v 7.298445 3.363046 0.164672
v 7.298445 3.422700 0.164672
v 7.298887 3.363046 0.169159
v 7.298887 3.422700 0.169159
v 7.298445 3.363046 0.173645
v 7.298445 3.422700 0.173645
v 7.297136 3.363046 0.177959
v 7.297136 3.422700 0.177959
v 7.295012 3.363046 0.181935
v 7.295012 3.422700 0.181935
v 7.292151 3.363046 0.185419
v 7.292151 3.422700 0.185419
v 7.288667 3.363046 0.188279
v 7.288667 3.422700 0.188279
v 7.284691 3.363046 0.190404
v 7.284691 3.422700 0.190404
v 7.280377 3.363046 0.191713
v 7.280377 3.422700 0.191713
v 7.275891 3.363046 0.192155
v 7.275891 3.422700 0.192155
v 7.271405 3.363046 0.191713
v 7.271405 3.422700 0.191713
v 7.267091 3.363046 0.190404
v 7.267091 3.422700 0.190404
v 7.263115 3.363046 0.188279
v 7.263115 3.422700 0.188279
v 7.259630 3.363046 0.185419
v 7.259630 3.422700 0.185419
v 7.256771 3.363046 0.181935
v 7.256771 3.422700 0.181935
v 7.254645 3.363046 0.177959
v 7.254645 3.422700 0.177959
v 7.253337 3.363046 0.173645
v 7.253337 3.422700 0.173645
v 7.252895 3.363046 0.169159
v 7.252895 3.422700 0.169159
v 7.253337 3.363046 0.164672
v 7.253337 3.422700 0.164672
v 7.254645 3.363046 0.160359
v 7.254645 3.422700 0.160359
v 7.256771 3.363046 0.156383
v 7.256771 3.422700 0.156383
v 7.259630 3.363046 0.152898
v 7.259630 3.422700 0.152898
v 7.263115 3.363046 0.150038
v 7.263115 3.422700 0.150038
v 7.267091 3.363046 0.147913
v 7.267091 3.422700 0.147913
v 7.271405 3.363046 0.146605
v 7.271405 3.422700 0.146605
v 7.275891 3.365402 0.139332
v 7.275891 3.376735 0.139332
v 7.301722 3.365402 0.154245
v 7.301722 3.376735 0.154245
v 7.301722 3.365402 0.184072
v 7.301722 3.376735 0.184072
v 7.275891 3.365402 0.198985
v 7.275891 3.376735 0.198985
v 7.250060 3.365402 0.184072
v 7.250060 3.376735 0.184072
v 7.250060 3.365402 0.154245
v 7.250060 3.376735 0.154245
v 6.873946 3.363046 -0.261444
v 6.873946 3.422700 -0.261444
v 6.878432 3.363046 -0.261002
v 6.878432 3.422700 -0.261002
v 6.882746 3.363046 -0.259693
v 6.882746 3.422700 -0.259693
v 6.886722 3.363046 -0.257568
v 6.886722 3.422700 -0.257568
v 6.890206 3.363046 -0.254708
v 6.890206 3.422700 -0.254708
v 6.893066 3.363046 -0.251224
v 6.893066 3.422700 -0.251224
v 6.895191 3.363046 -0.247248
v 6.895191 3.422700 -0.247248
v 6.896500 3.363046 -0.242934
v 6.896500 3.422700 -0.242934
v 6.896941 3.363046 -0.238448
v 6.896941 3.422700 -0.238448
v 6.896500 3.363046 -0.233961
v 6.896500 3.422700 -0.233961
v 6.895191 3.363046 -0.229648
v 6.895191 3.422700 -0.229648
v 6.893066 3.363046 -0.225672
v 6.893066 3.422700 -0.225672
v 6.890206 3.363046 -0.222187
v 6.890206 3.422700 -0.222187
v 6.886722 3.363046 -0.219327
v 6.886722 3.422700 -0.219327
v 6.882746 3.363046 -0.217202
v 6.882746 3.422700 -0.217202
v 6.878432 3.363046 -0.215894
v 6.878432 3.422700 -0.215894
v 6.873946 3.363046 -0.215452
v 6.873946 3.422700 -0.215452
v 6.869459 3.363046 -0.215894
v 6.869459 3.422700 -0.215894
v 6.865146 3.363046 -0.217202
v 6.865146 3.422700 -0.217202
v 6.861170 3.363046 -0.219327
v 6.861170 3.422700 -0.219327
v 6.857685 3.363046 -0.222187
v 6.857685 3.422700 -0.222187
v 6.854825 3.363046 -0.225672
v 6.854825 3.422700 -0.225672
v 6.852700 3.363046 -0.229648
v 6.852700 3.422700 -0.229648
v 6.851392 3.363046 -0.233961
v 6.851392 3.422700 -0.233961
v 6.850950 3.363046 -0.238448
v 6.850950 3.422700 -0.238448
v 6.851392 3.363046 -0.242934
v 6.851392 3.422700 -0.242934
v 6.852700 3.363046 -0.247248
v 6.852700 3.422700 -0.247248
v 6.854825 3.363046 -0.251224
v 6.854825 3.422700 -0.251224
v 6.857685 3.363046 -0.254708
v 6.857685 3.422700 -0.254708
v 6.861170 3.363046 -0.257568
v 6.861170 3.422700 -0.257568
v 6.865146 3.363046 -0.259693
v 6.865146 3.422700 -0.259693
v 6.869459 3.363046 -0.261002
v 6.869459 3.422700 -0.261002
v 6.873946 3.365402 -0.268274
v 6.873946 3.376735 -0.268274
v 6.899776 3.365402 -0.253361
v 6.899776 3.376735 -0.253361
v 6.899776 3.365402 -0.223534
v 6.899776 3.376735 -0.223534
v 6.873946 3.365402 -0.208621
v 6.873946 3.376735 -0.208621
v 6.848115 3.365402 -0.223534
v 6.848115 3.376735 -0.223534
v 6.848115 3.365402 -0.253361
v 6.848115 3.376735 -0.253361
v 6.873946 3.363046 0.146163
v 6.873946 3.422700 0.146163
v 6.878432 3.363046 0.146605
v 6.878432 3.422700 0.146605
v 6.882746 3.363046 0.147913
v 6.882746 3.422700 0.147913
v 6.886722 3.363046 0.150038
v 6.886722 3.422700 0.150038
v 6.890206 3.363046 0.152898
v 6.890206 3.422700 0.152898
v 6.893066 3.363046 0.156383
v 6.893066 3.422700 0.156383
v 6.895191 3.363046 0.160359
v 6.895191 3.422700 0.160359
v 6.896500 3.363046 0.164672
v 6.896500 3.422700 0.164672
v 6.896941 3.363046 0.169159
v 6.896941 3.422700 0.169159
v 6.896500 3.363046 0.173645
v 6.896500 3.422700 0.173645
v 6.895191 3.363046 0.177959
v 6.895191 3.422700 0.177959
v 6.893066 3.363046 0.181935
v 6.893066 3.422700 0.181935
v 6.890206 3.363046 0.185419
v 6.890206 3.422700 0.185419
v 6.886722 3.363046 0.188279
v 6.886722 3.422700 0.188279
v 6.882746 3.363046 0.190404
v 6.882746 3.422700 0.190404
v 6.878432 3.363046 0.191713
v 6.878432 3.422700 0.191713
v 6.873946 3.363046 0.192155
v 6.873946 3.422700 0.192155
v 6.869459 3.363046 0.191713
v 6.869459 3.422700 0.191713
v 6.865146 3.363046 0.190404
v 6.865146 3.422700 0.190404
v 6.861170 3.363046 0.188279
v 6.861170 3.422700 0.188279
v 6.857685 3.363046 0.185419
v 6.857685 3.422700 0.185419
v 6.854825 3.363046 0.181935
v 6.854825 3.422700 0.181935
v 6.852700 3.363046 0.177959
v 6.852700 3.422700 0.177959
v 6.851392 3.363046 0.173645
v 6.851392 3.422700 0.173645
v 6.850950 3.363046 0.169159
v 6.850950 3.422700 0.169159
v 6.851392 3.363046 0.164672
v 6.851392 3.422700 0.164672
v 6.852700 3.363046 0.160359
v 6.852700 3.422700 0.160359
v 6.854825 3.363046 0.156383
v 6.854825 3.422700 0.156383
v 6.857685 3.363046 0.152898
v 6.857685 3.422700 0.152898
v 6.861170 3.363046 0.150038
v 6.861170 3.422700 0.150038
v 6.865146 3.363046 0.147913
v 6.865146 3.422700 0.147913
v 6.869459 3.363046 0.146605
v 6.869459 3.422700 0.146605
v 6.873946 3.365402 0.139332
v 6.873946 3.376735 0.139332
v 6.899776 3.365402 0.154245
v 6.899776 3.376735 0.154245
v 6.899776 3.365402 0.184072
v 6.899776 3.376735 0.184072
v 6.873946 3.365402 0.198985
v 6.873946 3.376735 0.198985
v 6.848115 3.365402 0.184072
v 6.848115 3.376735 0.184072
v 6.848115 3.365402 0.154245
v 6.848115 3.376735 0.154245
v 7.275891 3.363046 -0.261444
v 7.275891 3.422700 -0.261444
v 7.280377 3.363046 -0.261002
v 7.280377 3.422700 -0.261002
v 7.284691 3.363046 -0.259693
v 7.284691 3.422700 -0.259693
v 7.288667 3.363046 -0.257568
v 7.288667 3.422700 -0.257568
v 7.292151 3.363046 -0.254708
v 7.292151 3.422700 -0.254708
v 7.295012 3.363046 -0.251224
v 7.295012 3.422700 -0.251224
v 7.297136 3.363046 -0.247248
v 7.297136 3.422700 -0.247248
v 7.298445 3.363046 -0.242934
v 7.298445 3.422700 -0.242934
v 7.298887 3.363046 -0.238448
v 7.298887 3.422700 -0.238448
v 7.298445 3.363046 -0.233961
v 7.298445 3.422700 -0.233961
v 7.297136 3.363046 -0.229648
v 7.297136 3.422700 -0.229648
v 7.295012 3.363046 -0.225672
v 7.295012 3.422700 -0.225672
v 7.292151 3.363046 -0.222187
v 7.292151 3.422700 -0.222187
v 7.288667 3.363046 -0.219327
v 7.288667 3.422700 -0.219327
v 7.284691 3.363046 -0.217202
v 7.284691 3.422700 -0.217202
v 7.280377 3.363046 -0.215894
v 7.280377 3.422700 -0.215894
v 7.275891 3.363046 -0.215452
v 7.275891 3.422700 -0.215452
v 7.271405 3.363046 -0.215894
v 7.271405 3.422700 -0.215894
v 7.267091 3.363046 -0.217202
v 7.267091 3.422700 -0.217202
v 7.263115 3.363046 -0.219327
v 7.263115 3.422700 -0.219327
v 7.259630 3.363046 -0.222187
v 7.259630 3.422700 -0.222187
v 7.256771 3.363046 -0.225672
v 7.256771 3.422700 -0.225672
v 7.254645 3.363046 -0.229648
v 7.254645 3.422700 -0.229648
v 7.253337 3.363046 -0.233961
v 7.253337 3.422700 -0.233961
v 7.252895 3.363046 -0.238448
v 7.252895 3.422700 -0.238448
v 7.253337 3.363046 -0.242934
v 7.253337 3.422700 -0.242934
v 7.254645 3.363046 -0.247248
v 7.254645 3.422700 -0.247248
v 7.256771 3.363046 -0.251224
v 7.256771 3.422700 -0.251224
v 7.259630 3.363046 -0.254708
v 7.259630 3.422700 -0.254708
v 7.263115 3.363046 -0.257568
v 7.263115 3.422700 -0.257568
v 7.267091 3.363046 -0.259693
v 7.267091 3.422700 -0.259693
v 7.271405 3.363046 -0.261002
v 7.271405 3.422700 -0.261002
v 7.275891 3.365402 -0.268274
v 7.275891 3.376735 -0.268274
v 7.301722 3.365402 -0.253361
v 7.301722 3.376735 -0.253361
v 7.301722 3.365402 -0.223534
v 7.301722 3.376735 -0.223534
v 7.275891 3.365402 -0.208621
v 7.275891 3.376735 -0.208621
v 7.250060 3.365402 -0.223534
v 7.250060 3.376735 -0.223534
v 7.250060 3.365402 -0.253361
v 7.250060 3.376735 -0.253361
v 6.870489 3.382342 3.233362
v 6.814336 3.382342 3.177209
v 6.842413 3.382342 3.225839
v 6.821859 3.382342 3.205286
v 6.814336 3.424246 3.177209
v 6.870489 3.424246 3.233362
v 6.821859 3.424246 3.205286
v 6.842413 3.424246 3.225839
v 6.814336 3.382342 2.759895
v 6.870489 3.382342 2.703742
v 6.821859 3.382342 2.731819
v 6.842413 3.382342 2.711265
v 6.870489 3.424246 2.703742
v 6.814336 3.424246 2.759895
v 6.842413 3.424246 2.711265
v 6.821859 3.424246 2.731819
v 7.343956 3.382342 3.177209
v 7.287803 3.382342 3.233362
v 7.336433 3.382342 3.205286
v 7.315880 3.382342 3.225839
v 7.287803 3.424246 3.233362
v 7.343956 3.424246 3.177209
v 7.315880 3.424246 3.225839
v 7.336433 3.424246 3.205286
v 7.287803 3.382342 2.703742
v 7.343956 3.382342 2.759895
v 7.315880 3.382342 2.711265
v 7.336433 3.382342 2.731819
v 7.343956 3.424246 2.759895
v 7.287803 3.424246 2.703742
v 7.336433 3.424246 2.731819
v 7.315880 3.424246 2.711265
v 7.275891 3.363046 3.146163
v 7.275891 3.422700 3.146163
v 7.280377 3.363046 3.146605
v 7.280377 3.422700 3.146605
v 7.284691 3.363046 3.147913
v 7.284691 3.422700 3.147913
v 7.288667 3.363046 3.150038
v 7.288667 3.422700 3.150038
v 7.292151 3.363046 3.152898
v 7.292151 3.422700 3.152898
v 7.295012 3.363046 3.156383
v 7.295012 3.422700 3.156383
v 7.297136 3.363046 3.160358
v 7.297136 3.422700 3.160358
v 7.298445 3.363046 3.164672
v 7.298445 3.422700 3.164672
v 7.298887 3.363046 3.169159
v 7.298887 3.422700 3.169159
v 7.298445 3.363046 3.173645
v 7.298445 3.422700 3.173645
v 7.297136 3.363046 3.177959
v 7.297136 3.422700 3.177959
v 7.295012 3.363046 3.181934
v 7.295012 3.422700 3.181934
v 7.292151 3.363046 3.185419
v 7.292151 3.422700 3.185419
v 7.288667 3.363046 3.188279
v 7.288667 3.422700 3.188279
v 7.284691 3.363046 3.190404
v 7.284691 3.422700 3.190404
v 7.280377 3.363046 3.191713
v 7.280377 3.422700 3.191713
v 7.275891 3.363046 3.192154
v 7.275891 3.422700 3.192154
v 7.271405 3.363046 3.191713
v 7.271405 3.422700 3.191713
v 7.267091 3.363046 3.190404
v 7.267091 3.422700 3.190404
v 7.263115 3.363046 3.188279
v 7.263115 3.422700 3.188279
v 7.259630 3.363046 3.185419
v 7.259630 3.422700 3.185419
v 7.256771 3.363046 3.181934
v 7.256771 3.422700 3.181934
v 7.254645 3.363046 3.177959
v 7.254645 3.422700 3.177959
v 7.253337 3.363046 3.173645
v 7.253337 3.422700 3.173645
v 7.252895 3.363046 3.169159
v 7.252895 3.422700 3.169159
v 7.253337 3.363046 3.164672
v 7.253337 3.422700 3.164672
v 7.254645 3.363046 3.160358
v 7.254645 3.422700 3.160358
v 7.256771 3.363046 3.156383
v 7.256771 3.422700 3.156383
v 7.259630 3.363046 3.152898
v 7.259630 3.422700 3.152898
v 7.263115 3.363046 3.150038
v 7.263115 3.422700 3.150038
v 7.267091 3.363046 3.147913
v 7.267091 3.422700 3.147913
v 7.271405 3.363046 3.146605
v 7.271405 3.422700 3.146605
v 7.275891 3.365402 3.139332
v 7.275891 3.376735 3.139332
v 7.301722 3.365402 3.154245
v 7.301722 3.376735 3.154245
v 7.301722 3.365402 3.184072
v 7.301722 3.376735 3.184072
v 7.275891 3.365402 3.198986
v 7.275891 3.376735 3.198986
v 7.250060 3.365402 3.184072
v 7.250060 3.376735 3.184072
v 7.250060 3.365402 3.154245
v 7.250060 3.376735 3.154245
v 6.873946 3.363046 2.738556
v 6.873946 3.422700 2.738556
v 6.878432 3.363046 2.738998
v 6.878432 3.422700 2.738998
v 6.882746 3.363046 2.740307
v 6.882746 3.422700 2.740307
v 6.886722 3.363046 2.742432
v 6.886722 3.422700 2.742432
v 6.890206 3.363046 2.745292
v 6.890206 3.422700 2.745292
v 6.893066 3.363046 2.748776
v 6.893066 3.422700 2.748776
v 6.895191 3.363046 2.752752
v 6.895191 3.422700 2.752752
v 6.896500 3.363046 2.757066
v 6.896500 3.422700 2.757066
v 6.896941 3.363046 2.761552
v 6.896941 3.422700 2.761552
v 6.896500 3.363046 2.766038
v 6.896500 3.422700 2.766038
v 6.895191 3.363046 2.770352
v 6.895191 3.422700 2.770352
v 6.893066 3.363046 2.774328
v 6.893066 3.422700 2.774328
v 6.890206 3.363046 2.777813
v 6.890206 3.422700 2.777813
v 6.886722 3.363046 2.780673
v 6.886722 3.422700 2.780673
v 6.882746 3.363046 2.782798
v 6.882746 3.422700 2.782798
v 6.878432 3.363046 2.784106
v 6.878432 3.422700 2.784106
v 6.873946 3.363046 2.784548
v 6.873946 3.422700 2.784548
v 6.869459 3.363046 2.784106
v 6.869459 3.422700 2.784106
v 6.865146 3.363046 2.782798
v 6.865146 3.422700 2.782798
v 6.861170 3.363046 2.780673
v 6.861170 3.422700 2.780673
v 6.857685 3.363046 2.777813
v 6.857685 3.422700 2.777813
v 6.854825 3.363046 2.774328
v 6.854825 3.422700 2.774328
v 6.852700 3.363046 2.770352
v 6.852700 3.422700 2.770352
v 6.851392 3.363046 2.766038
v 6.851392 3.422700 2.766038
v 6.850950 3.363046 2.761552
v 6.850950 3.422700 2.761552
v 6.851392 3.363046 2.757066
v 6.851392 3.422700 2.757066
v 6.852700 3.363046 2.752752
v 6.852700 3.422700 2.752752
v 6.854825 3.363046 2.748776
v 6.854825 3.422700 2.748776
v 6.857685 3.363046 2.745292
v 6.857685 3.422700 2.745292
v 6.861170 3.363046 2.742432
v 6.861170 3.422700 2.742432
v 6.865146 3.363046 2.740307
v 6.865146 3.422700 2.740307
v 6.869459 3.363046 2.738998
v 6.869459 3.422700 2.738998
v 6.873946 3.365402 2.731726
v 6.873946 3.376735 2.731726
v 6.899776 3.365402 2.746639
v 6.899776 3.376735 2.746639
v 6.899776 3.365402 2.776465
v 6.899776 3.376735 2.776465
v 6.873946 3.365402 2.791379
v 6.873946 3.376735 2.791379
v 6.848115 3.365402 2.776465
v 6.848115 3.376735 2.776465
v 6.848115 3.365402 2.746639
v 6.848115 3.376735 2.746639
v 6.873946 3.363046 3.146163
v 6.873946 3.422700 3.146163
v 6.878432 3.363046 3.146605
v 6.878432 3.422700 3.146605
v 6.882746 3.363046 3.147913
v 6.882746 3.422700 3.147913
v 6.886722 3.363046 3.150038
v 6.886722 3.422700 3.150038
v 6.890206 3.363046 3.152898
v 6.890206 3.422700 3.152898
v 6.893066 3.363046 3.156383
v 6.893066 3.422700 3.156383
v 6.895191 3.363046 3.160358
v 6.895191 3.422700 3.160358
v 6.896500 3.363046 3.164672
v 6.896500 3.422700 3.164672
v 6.896941 3.363046 3.169159
v 6.896941 3.422700 3.169159
v 6.896500 3.363046 3.173645
v 6.896500 3.422700 3.173645
v 6.895191 3.363046 3.177959
v 6.895191 3.422700 3.177959
v 6.893066 3.363046 3.181934
v 6.893066 3.422700 3.181934
v 6.890206 3.363046 3.185419
v 6.890206 3.422700 3.185419
v 6.886722 3.363046 3.188279
v 6.886722 3.422700 3.188279
v 6.882746 3.363046 3.190404
v 6.882746 3.422700 3.190404
v 6.878432 3.363046 3.191713
v 6.878432 3.422700 3.191713
v 6.873946 3.363046 3.192154
v 6.873946 3.422700 3.192154
v 6.869459 3.363046 3.191713
v 6.869459 3.422700 3.191713
v 6.865146 3.363046 3.190404
v 6.865146 3.422700 3.190404
v 6.861170 3.363046 3.188279
v 6.861170 3.422700 3.188279
v 6.857685 3.363046 3.185419
v 6.857685 3.422700 3.185419
v 6.854825 3.363046 3.181934
v 6.854825 3.422700 3.181934
v 6.852700 3.363046 3.177959
v 6.852700 3.422700 3.177959
v 6.851392 3.363046 3.173645
v 6.851392 3.422700 3.173645
v 6.850950 3.363046 3.169159
v 6.850950 3.422700 3.169159
v 6.851392 3.363046 3.164672
v 6.851392 3.422700 3.164672
v 6.852700 3.363046 3.160358
v 6.852700 3.422700 3.160358
v 6.854825 3.363046 3.156383
v 6.854825 3.422700 3.156383
v 6.857685 3.363046 3.152898
v 6.857685 3.422700 3.152898
v 6.861170 3.363046 3.150038
v 6.861170 3.422700 3.150038
v 6.865146 3.363046 3.147913
v 6.865146 3.422700 3.147913
v 6.869459 3.363046 3.146605
v 6.869459 3.422700 3.146605
v 6.873946 3.365402 3.139332
v 6.873946 3.376735 3.139332
v 6.899776 3.365402 3.154245
v 6.899776 3.376735 3.154245
v 6.899776 3.365402 3.184072
v 6.899776 3.376735 3.184072
v 6.873946 3.365402 3.198986
v 6.873946 3.376735 3.198986
v 6.848115 3.365402 3.184072
v 6.848115 3.376735 3.184072
v 6.848115 3.365402 3.154245
v 6.848115 3.376735 3.154245
v 7.275891 3.363046 2.738556
v 7.275891 3.422700 2.738556
v 7.280377 3.363046 2.738998
v 7.280377 3.422700 2.738998
v 7.284691 3.363046 2.740307
v 7.284691 3.422700 2.740307
v 7.288667 3.363046 2.742432
v 7.288667 3.422700 2.742432
v 7.292151 3.363046 2.745292
v 7.292151 3.422700 2.745292
v 7.295012 3.363046 2.748776
v 7.295012 3.422700 2.748776
v 7.297136 3.363046 2.752752
v 7.297136 3.422700 2.752752
v 7.298445 3.363046 2.757066
v 7.298445 3.422700 2.757066
v 7.298887 3.363046 2.761552
v 7.298887 3.422700 2.761552
v 7.298445 3.363046 2.766038
v 7.298445 3.422700 2.766038
v 7.297136 3.363046 2.770352
v 7.297136 3.422700 2.770352
v 7.295012 3.363046 2.774328
v 7.295012 3.422700 2.774328
v 7.292151 3.363046 2.777813
v 7.292151 3.422700 2.777813
v 7.288667 3.363046 2.780673
v 7.288667 3.422700 2.780673
v 7.284691 3.363046 2.782798
v 7.284691 3.422700 2.782798
v 7.280377 3.363046 2.784106
v 7.280377 3.422700 2.784106
v 7.275891 3.363046 2.784548
v 7.275891 3.422700 2.784548
v 7.271405 3.363046 2.784106
v 7.271405 3.422700 2.784106
v 7.267091 3.363046 2.782798
v 7.267091 3.422700 2.782798
v 7.263115 3.363046 2.780673
v 7.263115 3.422700 2.780673
v 7.259630 3.363046 2.777813
v 7.259630 3.422700 2.777813
v 7.256771 3.363046 2.774328
v 7.256771 3.422700 2.774328
v 7.254645 3.363046 2.770352
v 7.254645 3.422700 2.770352
v 7.253337 3.363046 2.766038
v 7.253337 3.422700 2.766038
v 7.252895 3.363046 2.761552
v 7.252895 3.422700 2.761552
v 7.253337 3.363046 2.757066
v 7.253337 3.422700 2.757066
v 7.254645 3.363046 2.752752
v 7.254645 3.422700 2.752752
v 7.256771 3.363046 2.748776
v 7.256771 3.422700 2.748776
v 7.259630 3.363046 2.745292
v 7.259630 3.422700 2.745292
v 7.263115 3.363046 2.742432
v 7.263115 3.422700 2.742432
v 7.267091 3.363046 2.740307
v 7.267091 3.422700 2.740307
v 7.271405 3.363046 2.738998
v 7.271405 3.422700 2.738998
v 7.275891 3.365402 2.731726
v 7.275891 3.376735 2.731726
v 7.301722 3.365402 2.746639
v 7.301722 3.376735 2.746639
v 7.301722 3.365402 2.776465
v 7.301722 3.376735 2.776465
v 7.275891 3.365402 2.791379
v 7.275891 3.376735 2.791379
v 7.250060 3.365402 2.776465
v 7.250060 3.376735 2.776465
v 7.250060 3.365402 2.746639
v 7.250060 3.376735 2.746639
v 7.209302 3.432513 -0.135573
v 7.183271 3.432513 -0.161605
v 7.183271 1.432513 -0.161605
v 7.209302 1.432513 -0.135573
v 7.183271 3.432513 0.098709
v 7.209302 3.432513 0.072677
v 7.209302 1.432513 0.072677
v 7.183271 1.432513 0.098709
v 6.975020 3.432513 -0.161605
v 6.948989 3.432513 -0.135573
v 6.948989 1.432513 -0.135573
v 6.975020 1.432513 -0.161605
v 6.948989 3.432513 0.072677
v 6.975020 3.432513 0.098709
v 6.975020 1.432513 0.098709
v 6.948989 1.432513 0.072677
v 0.209303 3.432513 -0.135573
v 0.183271 3.432513 -0.161605
v 0.183271 1.432513 -0.161605
v 0.209303 1.432513 -0.135573
v 0.183271 3.432513 0.098709
v 0.209303 3.432513 0.072677
v 0.209303 1.432513 0.072677
v 0.183271 1.432513 0.098709
v -0.024979 3.432513 -0.161605
v -0.051011 3.432513 -0.135573
v -0.051011 1.432513 -0.135573
v -0.024979 1.432513 -0.161605
v -0.051011 3.432513 0.072677
v -0.024979 3.432513 0.098709
v -0.024979 1.432513 0.098709
v -0.051011 1.432513 0.072677
v 0.209303 3.432513 2.864427
v 0.183271 3.432513 2.838395
v 0.183271 1.432513 2.838395
v 0.209303 1.432513 2.864427
v 0.183271 3.432513 3.098709
v 0.209303 3.432513 3.072677
v 0.209303 1.432513 3.072677
v 0.183271 1.432513 3.098709
v -0.024979 3.432513 2.838395
v -0.051011 3.432513 2.864427
v -0.051011 1.432513 2.864427
v -0.024979 1.432513 2.838395
v -0.051011 3.432513 3.072677
v -0.024979 3.432513 3.098709
v -0.024979 1.432513 3.098709
v -0.051011 1.432513 3.072677
v 7.209303 3.432513 2.864427
v 7.183271 3.432513 2.838395
v 7.183271 1.432513 2.838395
v 7.209303 1.432513 2.864427
v 7.183271 3.432513 3.098709
v 7.209303 3.432513 3.072677
v 7.209303 1.432513 3.072677
v 7.183271 1.432513 3.098709
v 6.975021 3.432513 2.838395
v 6.948990 3.432513 2.864427
v 6.948990 1.432513 2.864427
v 6.975021 1.432513 2.838395
v 6.948990 3.432513 3.072677
v 6.975021 3.432513 3.098709
v 6.975021 1.432513 3.098709
v 6.948990 1.432513 3.072677
v 0.079146 1.122138 -0.091721
v 0.079146 3.273301 -0.091721
v 0.090905 1.122138 -0.090563
v 0.090905 3.273301 -0.090563
v 0.102211 1.122138 -0.087133
v 0.102211 3.273301 -0.087133
v 0.112632 1.122138 -0.081563
v 0.112632 3.273301 -0.081563
v 0.121765 1.122138 -0.074067
v 0.121765 3.273301 -0.074067
v 0.129261 1.122138 -0.064934
v 0.129261 3.273301 -0.064934
v 0.134831 1.122138 -0.054513
v 0.134831 3.273301 -0.054513
v 0.138261 1.122138 -0.043207
v 0.138261 3.273301 -0.043207
v 0.139419 1.122138 -0.031448
v 0.139419 3.273301 -0.031448
v 0.138261 1.122138 -0.019689
v 0.138261 3.273301 -0.019689
v 0.134831 1.122138 -0.008383
v 0.134831 3.273301 -0.008383
v 0.129261 1.122138 0.002038
v 0.129261 3.273301 0.002038
v 0.121765 1.122138 0.011171
v 0.121765 3.273301 0.011171
v 0.112632 1.122138 0.018667
v 0.112632 3.273301 0.018667
v 0.102211 1.122138 0.024237
v 0.102211 3.273301 0.024237
v 0.090905 1.122138 0.027667
v 0.090905 3.273301 0.027667
v 0.079146 1.122138 0.028825
v 0.079146 3.273301 0.028825
v 0.067388 1.122138 0.027667
v 0.067388 3.273301 0.027667
v 0.056081 1.122138 0.024237
v 0.056081 3.273301 0.024237
v 0.045660 1.122138 0.018667
v 0.045660 3.273301 0.018667
v 0.036527 1.122138 0.011171
v 0.036527 3.273301 0.011171
v 0.029031 1.122138 0.002038
v 0.029031 3.273301 0.002038
v 0.023461 1.122138 -0.008383
v 0.023461 3.273301 -0.008383
v 0.020031 1.122138 -0.019689
v 0.020031 3.273301 -0.019689
v 0.018873 1.122138 -0.031448
v 0.018873 3.273301 -0.031448
v 0.020031 1.122138 -0.043207
v 0.020031 3.273301 -0.043207
v 0.023461 1.122138 -0.054513
v 0.023461 3.273301 -0.054513
v 0.029031 1.122138 -0.064934
v 0.029031 3.273301 -0.064934
v 0.036527 1.122138 -0.074067
v 0.036527 3.273301 -0.074067
v 0.045660 1.122138 -0.081563
v 0.045660 3.273301 -0.081563
v 0.056081 1.122138 -0.087133
v 0.056081 3.273301 -0.087133
v 0.067388 1.122138 -0.090563
v 0.067388 3.273301 -0.090563
v 0.079146 1.122138 2.903714
v 0.079146 3.273301 2.903714
v 0.090905 1.122138 2.904872
v 0.090905 3.273301 2.904872
v 0.102211 1.122138 2.908302
v 0.102211 3.273301 2.908302
v 0.112632 1.122138 2.913872
v 0.112632 3.273301 2.913872
v 0.121765 1.122138 2.921368
v 0.121765 3.273301 2.921368
v 0.129261 1.122138 2.930501
v 0.129261 3.273301 2.930501
v 0.134831 1.122138 2.940922
v 0.134831 3.273301 2.940922
v 0.138261 1.122138 2.952229
v 0.138261 3.273301 2.952229
v 0.139419 1.122138 2.963987
v 0.139419 3.273301 2.963987
v 0.138261 1.122138 2.975746
v 0.138261 3.273301 2.975746
v 0.134831 1.122138 2.987052
v 0.134831 3.273301 2.987052
v 0.129261 1.122138 2.997473
v 0.129261 3.273301 2.997473
v 0.121765 1.122138 3.006606
v 0.121765 3.273301 3.006606
v 0.112632 1.122138 3.014102
v 0.112632 3.273301 3.014102
v 0.102211 1.122138 3.019672
v 0.102211 3.273301 3.019672
v 0.090905 1.122138 3.023102
v 0.090905 3.273301 3.023102
v 0.079146 1.122138 3.024260
v 0.079146 3.273301 3.024260
v 0.067388 1.122138 3.023102
v 0.067388 3.273301 3.023102
v 0.056081 1.122138 3.019672
v 0.056081 3.273301 3.019672
v 0.045660 1.122138 3.014102
v 0.045660 3.273301 3.014102
v 0.036527 1.122138 3.006606
v 0.036527 3.273301 3.006606
v 0.029031 1.122138 2.997473
v 0.029031 3.273301 2.997473
v 0.023461 1.122138 2.987052
v 0.023461 3.273301 2.987052
v 0.020031 1.122138 2.975746
v 0.020031 3.273301 2.975746
v 0.018873 1.122138 2.963987
v 0.018873 3.273301 2.963987
v 0.020031 1.122138 2.952229
v 0.020031 3.273301 2.952229
v 0.023461 1.122138 2.940922
v 0.023461 3.273301 2.940922
v 0.029031 1.122138 2.930501
v 0.029031 3.273301 2.930501
v 0.036527 1.122138 2.921368
v 0.036527 3.273301 2.921368
v 0.045660 1.122138 2.913872
v 0.045660 3.273301 2.913872
v 0.056081 1.122138 2.908302
v 0.056081 3.273301 2.908302
v 0.067388 1.122138 2.904872
v 0.067388 3.273301 2.904872
v 7.079146 1.122138 -0.091721
v 7.079146 3.273301 -0.091721
v 7.090905 1.122138 -0.090563
v 7.090905 3.273301 -0.090563
v 7.102211 1.122138 -0.087133
v 7.102211 3.273301 -0.087133
v 7.112632 1.122138 -0.081563
v 7.112632 3.273301 -0.081563
v 7.121765 1.122138 -0.074067
v 7.121765 3.273301 -0.074067
v 7.129261 1.122138 -0.064934
v 7.129261 3.273301 -0.064934
v 7.134831 1.122138 -0.054513
v 7.134831 3.273301 -0.054513
v 7.138261 1.122138 -0.043207
v 7.138261 3.273301 -0.043207
v 7.139419 1.122138 -0.031448
v 7.139419 3.273301 -0.031448
v 7.138261 1.122138 -0.019689
v 7.138261 3.273301 -0.019689
v 7.134831 1.122138 -0.008383
v 7.134831 3.273301 -0.008383
v 7.129261 1.122138 0.002038
v 7.129261 3.273301 0.002038
v 7.121765 1.122138 0.011171
v 7.121765 3.273301 0.011171
v 7.112632 1.122138 0.018667
v 7.112632 3.273301 0.018667
v 7.102211 1.122138 0.024237
v 7.102211 3.273301 0.024237
v 7.090905 1.122138 0.027667
v 7.090905 3.273301 0.027667
v 7.079146 1.122138 0.028825
v 7.079146 3.273301 0.028825
v 7.067388 1.122138 0.027667
v 7.067388 3.273301 0.027667
v 7.056081 1.122138 0.024237
v 7.056081 3.273301 0.024237
v 7.045660 1.122138 0.018667
v 7.045660 3.273301 0.018667
v 7.036527 1.122138 0.011171
v 7.036527 3.273301 0.011171
v 7.029031 1.122138 0.002038
v 7.029031 3.273301 0.002038
v 7.023461 1.122138 -0.008383
v 7.023461 3.273301 -0.008383
v 7.020031 1.122138 -0.019689
v 7.020031 3.273301 -0.019689
v 7.018873 1.122138 -0.031448
v 7.018873 3.273301 -0.031448
v 7.020031 1.122138 -0.043207
v 7.020031 3.273301 -0.043207
v 7.023461 1.122138 -0.054513
v 7.023461 3.273301 -0.054513
v 7.029031 1.122138 -0.064934
v 7.029031 3.273301 -0.064934
v 7.036527 1.122138 -0.074067
v 7.036527 3.273301 -0.074067
v 7.045660 1.122138 -0.081563
v 7.045660 3.273301 -0.081563
v 7.056081 1.122138 -0.087133
v 7.056081 3.273301 -0.087133
v 7.067388 1.122138 -0.090563
v 7.067388 3.273301 -0.090563
v 7.079146 1.122138 2.903714
v 7.079146 3.273301 2.903714
v 7.090905 1.122138 2.904872
v 7.090905 3.273301 2.904872
v 7.102211 1.122138 2.908302
v 7.102211 3.273301 2.908302
v 7.112632 1.122138 2.913872
v 7.112632 3.273301 2.913872
v 7.121765 1.122138 2.921368
v 7.121765 3.273301 2.921368
v 7.129261 1.122138 2.930501
v 7.129261 3.273301 2.930501
v 7.134831 1.122138 2.940922
v 7.134831 3.273301 2.940922
v 7.138261 1.122138 2.952229
v 7.138261 3.273301 2.952229
v 7.139419 1.122138 2.963987
v 7.139419 3.273301 2.963987
v 7.138261 1.122138 2.975746
v 7.138261 3.273301 2.975746
v 7.134831 1.122138 2.987052
v 7.134831 3.273301 2.987052
v 7.129261 1.122138 2.997473
v 7.129261 3.273301 2.997473
v 7.121765 1.122138 3.006606
v 7.121765 3.273301 3.006606
v 7.112632 1.122138 3.014102
v 7.112632 3.273301 3.014102
v 7.102211 1.122138 3.019672
v 7.102211 3.273301 3.019672
v 7.090905 1.122138 3.023102
v 7.090905 3.273301 3.023102
v 7.079146 1.122138 3.024260
v 7.079146 3.273301 3.024260
v 7.067388 1.122138 3.023102
v 7.067388 3.273301 3.023102
v 7.056081 1.122138 3.019672
v 7.056081 3.273301 3.019672
v 7.045660 1.122138 3.014102
v 7.045660 3.273301 3.014102
v 7.036527 1.122138 3.006606
v 7.036527 3.273301 3.006606
v 7.029031 1.122138 2.997473
v 7.029031 3.273301 2.997473
v 7.023461 1.122138 2.987052
v 7.023461 3.273301 2.987052
v 7.020031 1.122138 2.975746
v 7.020031 3.273301 2.975746
v 7.018873 1.122138 2.963987
v 7.018873 3.273301 2.963987
v 7.020031 1.122138 2.952229
v 7.020031 3.273301 2.952229
v 7.023461 1.122138 2.940922
v 7.023461 3.273301 2.940922
v 7.029031 1.122138 2.930501
v 7.029031 3.273301 2.930501
v 7.036527 1.122138 2.921368
v 7.036527 3.273301 2.921368
v 7.045660 1.122138 2.913872
v 7.045660 3.273301 2.913872
v 7.056081 1.122138 2.908302
v 7.056081 3.273301 2.908302
v 7.067388 1.122138 2.904872
v 7.067388 3.273301 2.904872
vn -0.0000 -0.0000 1.0000
vn 1.0000 -0.0000 -0.0000
vn -0.0000 1.0000 -0.0000
vn -1.0000 -0.0000 -0.0000
vn -0.0000 -0.0000 -1.0000
vn -0.7071 -0.7071 -0.0000
vn -0.7071 0.7071 -0.0000
vn -0.0000 -0.7071 -0.7071
vn -0.0000 0.7071 -0.7071
vn 0.7071 -0.7071 -0.0000
vn 0.7071 0.7071 -0.0000
vn -0.0000 -0.7071 0.7071
vn -0.0000 0.7071 0.7071
vn -0.0000 -1.0000 -0.0000
vn -0.6303 -0.0000 -0.7764
vn 0.6303 -0.0000 -0.7764
vn 0.6303 -0.5490 -0.5490
vn -0.6303 -0.5490 -0.5490
vn 0.6303 -0.7764 -0.0000
vn -0.6303 -0.7764 -0.0000
vn 0.6303 -0.5490 0.5490
vn -0.6303 -0.5490 0.5490
vn 0.6303 -0.0000 0.7764
vn -0.6303 -0.0000 0.7764
vn 0.6303 0.5490 0.5490
vn -0.6303 0.5490 0.5490
vn 0.6303 0.7764 -0.0000
vn -0.6303 0.7764 -0.0000
vn 0.6303 0.5490 -0.5490
vn -0.6303 0.5490 -0.5490
vn -0.0000 0.0103 -0.9999
vn -0.0000 -0.9999 0.0103
vn -1.0000 -0.0000 -0.0001
vn -0.6789 -0.0958 -0.7280
vn -0.5774 0.5774 -0.5774
vn 0.5774 0.5774 -0.5774
vn 0.6789 -0.0958 -0.7280
vn 0.6532 -0.3786 -0.6557
vn -0.6532 -0.3786 -0.6557
vn 0.6532 -0.6557 -0.3786
vn -0.6532 -0.6557 -0.3786
vn 0.6789 -0.7280 -0.0958
vn -0.6789 -0.7280 -0.0958
vn -0.5773 -0.5773 0.5774
vn 0.5773 -0.5773 0.5774
vn -0.7376 0.0873 0.6696
vn 0.7375 0.0873 0.6696
vn 0.5773 0.5772 0.5775
vn -0.5773 0.5772 0.5775
vn -0.7705 0.3182 0.5523
vn 0.7705 0.3182 0.5523
vn -0.7705 0.5523 0.3182
vn 0.7705 0.5523 0.3182
vn -0.7375 0.6696 0.0873
vn 0.7375 0.6696 0.0873
vn -0.5773 0.5775 0.5772
vn 0.5773 0.5775 0.5772
vn 0.7071 -0.0000 -0.7071
vn -0.7071 -0.0000 0.7071
vn 0.7071 -0.0000 0.7071
vn -0.7071 -0.0000 -0.7071
vn 0.0958 -0.6789 0.7280
vn 0.0958 0.6789 0.7280
vn -0.0958 0.6789 0.7280
vn -0.0958 -0.6789 0.7280
vn 0.7280 -0.6789 -0.0958
vn 0.7280 0.6789 -0.0958
vn 0.7280 0.6789 0.0958
vn 0.7280 -0.6789 0.0958
vn 0.6557 0.6532 -0.3786
vn 0.3786 0.6532 -0.6557
vn 0.0958 0.6789 -0.7280
vn -0.0958 0.6789 -0.7280
vn -0.3786 0.6532 -0.6557
vn -0.6557 0.6532 -0.3786
vn -0.7280 0.6789 -0.0958
vn -0.7280 0.6789 0.0958
vn -0.6557 0.6532 0.3786
vn -0.3786 0.6532 0.6557
vn 0.3786 0.6532 0.6557
vn 0.6557 0.6532 0.3786
vn -0.7280 -0.6789 0.0958
vn -0.7280 -0.6789 -0.0958
vn -0.0958 -0.6789 -0.7280
vn 0.0958 -0.6789 -0.7280
vn -0.3786 -0.6532 0.6557
vn -0.6557 -0.6532 0.3786
vn -0.3786 -0.6532 -0.6557
vn -0.6557 -0.6532 -0.3786
vn 0.6557 -0.6532 -0.3786
vn 0.3786 -0.6532 -0.6557
vn 0.3786 -0.6532 0.6557
vn 0.6557 -0.6532 0.3786
vn -0.0000 -0.6857 -0.7279
vn -0.0000 0.6857 -0.7279
vn 0.1420 0.6857 -0.7139
vn 0.1420 -0.6857 -0.7139
vn 0.2785 0.6857 -0.6725
vn 0.2785 -0.6857 -0.6725
vn 0.4044 0.6857 -0.6052
vn 0.4044 -0.6857 -0.6052
vn 0.5147 0.6857 -0.5147
vn 0.5147 -0.6857 -0.5147
vn 0.6052 0.6857 -0.4044
vn 0.6052 -0.6857 -0.4044
vn 0.6725 0.6857 -0.2786
vn 0.6725 -0.6857 -0.2786
vn 0.7139 0.6857 -0.1420
vn 0.7139 -0.6857 -0.1420
vn 0.7279 0.6857 -0.0000
vn 0.7279 -0.6857 -0.0000
vn 0.7139 0.6857 0.1420
vn 0.7139 -0.6857 0.1420
vn 0.6725 0.6857 0.2786
vn 0.6725 -0.6857 0.2786
vn 0.6052 0.6857 0.4044
vn 0.6052 -0.6857 0.4044
vn 0.5147 0.6857 0.5147
vn 0.5147 -0.6857 0.5147
vn 0.4044 0.6857 0.6052
vn 0.4044 -0.6857 0.6052
vn 0.2786 0.6857 0.6725
vn 0.2786 -0.6857 0.6725
vn 0.1420 0.6857 0.7139
vn 0.1420 -0.6857 0.7139
vn -0.0000 0.6857 0.7279
vn -0.0000 -0.6857 0.7279
vn -0.1420 0.6857 0.7139
vn -0.1420 -0.6857 0.7139
vn -0.2786 0.6857 0.6725
vn -0.2786 -0.6857 0.6725
vn -0.4044 0.6857 0.6052
vn -0.4044 -0.6857 0.6052
vn -0.5147 0.6857 0.5147
vn -0.5147 -0.6857 0.5147
vn -0.6052 0.6857 0.4044
vn -0.6052 -0.6857 0.4044
vn -0.6725 0.6857 0.2786
vn -0.6725 -0.6857 0.2786
vn -0.7139 0.6857 0.1420
vn -0.7139 -0.6857 0.1420
vn -0.7279 0.6857 -0.0000
vn -0.7279 -0.6857 -0.0000
vn -0.7139 0.6857 -0.1420
vn -0.7139 -0.6857 -0.1420
vn -0.6725 0.6857 -0.2786
vn -0.6725 -0.6857 -0.2786
vn -0.6052 0.6857 -0.4044
vn -0.6052 -0.6857 -0.4044
vn -0.5147 0.6857 -0.5147
vn -0.5147 -0.6857 -0.5147
vn -0.4044 0.6857 -0.6052
vn -0.4044 -0.6857 -0.6052
vn -0.2785 0.6857 -0.6725
vn -0.2785 -0.6857 -0.6725
vn -0.1420 0.6857 -0.7139
vn -0.1420 -0.6857 -0.7139
vn 0.5000 -0.0000 -0.8660
vn 0.5000 -0.0000 0.8660
vn -0.5000 -0.0000 0.8660
vn -0.5000 -0.0000 -0.8660
vn 0.2786 -0.6857 -0.6725
vn 0.6725 0.6857 -0.2785
vn 0.6725 -0.6857 -0.2785
vn 0.6725 0.6857 0.2785
vn 0.6725 -0.6857 0.2785
vn 0.2785 0.6857 0.6725
vn 0.2785 -0.6857 0.6725
vn -0.2785 0.6857 0.6725
vn -0.2785 -0.6857 0.6725
vn -0.2786 0.6857 -0.6725
vn -0.2786 -0.6857 -0.6725
vn 0.2786 0.6857 -0.6725
vn -0.6725 0.6857 0.2785
vn -0.6725 -0.6857 0.2785
vn -0.6725 0.6857 -0.2785
vn -0.6725 -0.6857 -0.2785
vn 0.0980 -0.0000 -0.9952
vn 0.2903 -0.0000 -0.9569
vn 0.4714 -0.0000 -0.8819
vn 0.6344 -0.0000 -0.7730
vn 0.7730 -0.0000 -0.6344
vn 0.8819 -0.0000 -0.4714
vn 0.9569 -0.0000 -0.2903
vn 0.9952 -0.0000 -0.0980
vn 0.9952 -0.0000 0.0980
vn 0.9569 -0.0000 0.2903
vn 0.8819 -0.0000 0.4714
vn 0.7730 -0.0000 0.6344
vn 0.6344 -0.0000 0.7730
vn 0.4714 -0.0000 0.8819
vn 0.2903 -0.0000 0.9569
vn 0.0980 -0.0000 0.9952
vn -0.0980 -0.0000 0.9952
vn -0.2903 -0.0000 0.9569
vn -0.4714 -0.0000 0.8819
vn -0.6344 -0.0000 0.7730
vn -0.7730 -0.0000 0.6344
vn -0.8819 -0.0000 0.4714
vn -0.9569 -0.0000 0.2903
vn -0.9952 -0.0000 0.0980
vn -0.9952 -0.0000 -0.0980
vn -0.9569 -0.0000 -0.2903
vn -0.8819 -0.0000 -0.4714
vn -0.7730 -0.0000 -0.6344
vn -0.6344 -0.0000 -0.7730
vn -0.4714 -0.0000 -0.8819
vn -0.2903 -0.0000 -0.9569
vn -0.0980 -0.0000 -0.9952
vt 0.418653 0.750000
vt 0.581347 0.750000
vt 0.581347 1.000000
vt 0.418653 1.000000
vt 0.418653 0.500000
vt 0.581347 0.500000
vt 0.581347 0.750000
vt 0.418653 0.750000
vt 6.606179 2.856180
vt -5.606179 2.856180
vt -5.606179 -1.856180
vt 6.606179 -1.856180
vt 0.418653 0.000000
vt 0.581347 0.000000
vt 0.581347 0.250000
vt 0.418653 0.250000
vt 0.418653 0.250000
vt 0.581347 0.250000
vt 0.581347 0.500000
vt 0.418653 0.500000
vt 0.125500 0.501249
vt 0.125500 0.748751
vt 0.125000 0.750000
vt 0.125000 0.500000
vt 0.874500 0.748751
vt 0.874500 0.501249
vt 0.875000 0.500000
vt 0.875000 0.750000
vt 0.374500 0.501249
vt 0.375000 0.500000
vt 0.625500 0.501249
vt 0.625000 0.500000
vt 0.374500 0.748751
vt 0.625500 0.748751
vt 0.375000 0.750000
vt 0.625000 0.750000
vt 0.872123 0.742809
vt 0.872124 0.507191
vt 0.627876 0.507191
vt 0.627876 0.742809
vt 0.000000 0.000000
s 0
usemtl TopMaterial
f 54/46/27 56/47/27 48/48/27 46/49/27
f 58/50/28 60/51/28 56/52/28 54/53/28
f 46/58/30 48/59/30 52/60/30 50/61/30
f 50/62/31 52/63/31 60/64/31 58/65/31
f 49/66/32 45/67/32 46/68/32 50/69/32
f 61/70/33 62/71/33 52/72/33 48/73/33
f 57/74/34 49/66/34 50/69/34 58/75/34
f 62/71/35 63/76/35 60/77/35 52/72/35
f 53/78/36 57/74/36 58/50/36 54/53/36
f 63/76/37 64/79/37 56/52/37 60/51/37
f 45/67/38 53/78/38 54/80/38 46/68/38
f 64/79/39 61/70/39 48/73/39 56/81/39
f 49/66/40 57/74/40 53/78/40 45/67/40
f 47/82/29 51/83/29 62/71/29 61/70/29
f 51/83/29 59/84/29 63/76/29 62/71/29
f 59/84/29 55/85/29 64/79/29 63/76/29
f 55/85/29 47/82/29 61/70/29 64/79/29
usemtl Wood_Plank
f 59/54/29 51/55/29 47/56/29 55/57/29
usemtl darkerplastic
f 73/86/30 74/86/30 68/86/30 67/86/30
f 67/86/31 68/86/31 72/86/31 71/86/31
f 71/86/28 72/86/28 75/86/28 76/86/28
f 70/86/40 66/86/40 78/86/40 79/86/40
f 67/86/40 71/86/40 76/86/40 73/86/40
f 72/86/29 68/86/29 74/86/29 75/86/29
f 65/86/27 66/86/27 74/86/27 73/86/27
f 70/86/27 69/86/27 76/86/27 75/86/27
f 69/86/27 65/86/27 73/86/27 76/86/27
f 66/86/27 70/86/27 75/86/27 74/86/27
f 69/86/30 70/86/30 79/86/30 80/86/30
f 65/86/29 69/86/29 80/86/29 77/86/29
f 66/86/28 65/86/28 77/86/28 78/86/28
usemtl blackRubber
f 80/86/27 79/86/27 78/86/27 77/86/27
s 1
f 222/86/88 225/86/89 210/86/90 205/86/91
f 230/86/92 233/86/93 226/86/94 221/86/95
f 233/86/93 235/86/96 236/86/97 234/86/98 217/86/99 219/86/100 220/86/101 218/86/102 209/86/103 211/86/104 212/86/105 210/86/90 225/86/89 227/86/106 228/86/107 226/86/94
f 206/86/108 209/86/103 218/86/102 213/86/109
f 214/86/110 217/86/99 234/86/98 229/86/111
f 205/86/91 210/86/90 212/86/105 207/86/112
f 207/86/112 212/86/105 211/86/104 208/86/113
f 208/86/113 211/86/104 209/86/103 206/86/108
f 217/86/99 214/86/110 216/86/114 219/86/100
f 219/86/100 216/86/114 215/86/115 220/86/101
f 220/86/101 215/86/115 213/86/109 218/86/102
f 233/86/93 230/86/92 232/86/116 235/86/96
f 235/86/96 232/86/116 231/86/117 236/86/97
f 236/86/97 231/86/117 229/86/111 234/86/98
f 225/86/89 222/86/88 224/86/118 227/86/106
f 227/86/106 224/86/118 223/86/119 228/86/107
f 228/86/107 223/86/119 221/86/95 226/86/94
f 213/86/109 215/86/115 216/86/114 214/86/110 229/86/111 231/86/117 232/86/116 230/86/92 221/86/95 223/86/119 224/86/118 222/86/88 205/86/91 207/86/112 208/86/113 206/86/108
f 558/86/88 561/86/89 546/86/90 541/86/91
f 566/86/92 569/86/93 562/86/94 557/86/95
f 569/86/93 571/86/96 572/86/97 570/86/98 553/86/99 555/86/100 556/86/101 554/86/102 545/86/103 547/86/104 548/86/105 546/86/90 561/86/89 563/86/106 564/86/107 562/86/94
f 542/86/108 545/86/103 554/86/102 549/86/109
f 550/86/110 553/86/99 570/86/98 565/86/111
f 541/86/91 546/86/90 548/86/105 543/86/112
f 543/86/112 548/86/105 547/86/104 544/86/113
f 544/86/113 547/86/104 545/86/103 542/86/108
f 553/86/99 550/86/110 552/86/114 555/86/100
f 555/86/100 552/86/114 551/86/115 556/86/101
f 556/86/101 551/86/115 549/86/109 554/86/102
f 569/86/93 566/86/92 568/86/116 571/86/96
f 571/86/96 568/86/116 567/86/117 572/86/97
f 572/86/97 567/86/117 565/86/111 570/86/98
f 561/86/89 558/86/88 560/86/118 563/86/106
f 563/86/106 560/86/118 559/86/119 564/86/107
f 564/86/107 559/86/119 557/86/95 562/86/94
f 549/86/109 551/86/115 552/86/114 550/86/110 565/86/111 567/86/117 568/86/116 566/86/92 557/86/95 559/86/119 560/86/118 558/86/88 541/86/91 543/86/112 544/86/113 542/86/108
f 894/86/88 897/86/89 882/86/90 877/86/91
f 902/86/92 905/86/93 898/86/94 893/86/95
f 905/86/93 907/86/96 908/86/97 906/86/98 889/86/99 891/86/100 892/86/101 890/86/102 881/86/103 883/86/104 884/86/105 882/86/90 897/86/89 899/86/106 900/86/107 898/86/94
f 878/86/108 881/86/103 890/86/102 885/86/109
f 886/86/110 889/86/99 906/86/98 901/86/111
f 877/86/91 882/86/90 884/86/105 879/86/112
f 879/86/112 884/86/105 883/86/104 880/86/113
f 880/86/113 883/86/104 881/86/103 878/86/108
f 889/86/99 886/86/110 888/86/114 891/86/100
f 891/86/100 888/86/114 887/86/115 892/86/101
f 892/86/101 887/86/115 885/86/109 890/86/102
f 905/86/93 902/86/92 904/86/116 907/86/96
f 907/86/96 904/86/116 903/86/117 908/86/97
f 908/86/97 903/86/117 901/86/111 906/86/98
f 897/86/89 894/86/88 896/86/118 899/86/106
f 899/86/106 896/86/118 895/86/119 900/86/107
f 900/86/107 895/86/119 893/86/95 898/86/94
f 885/86/109 887/86/115 888/86/114 886/86/110 901/86/111 903/86/117 904/86/116 902/86/92 893/86/95 895/86/119 896/86/118 894/86/88 877/86/91 879/86/112 880/86/113 878/86/108
f 1230/86/88 1233/86/89 1218/86/90 1213/86/91
f 1238/86/92 1241/86/93 1234/86/94 1229/86/95
f 1241/86/93 1243/86/96 1244/86/97 1242/86/98 1225/86/99 1227/86/100 1228/86/101 1226/86/102 1217/86/103 1219/86/104 1220/86/105 1218/86/90 1233/86/89 1235/86/106 1236/86/107 1234/86/94
f 1214/86/108 1217/86/103 1226/86/102 1221/86/109
f 1222/86/110 1225/86/99 1242/86/98 1237/86/111
f 1213/86/91 1218/86/90 1220/86/105 1215/86/112
f 1215/86/112 1220/86/105 1219/86/104 1216/86/113
f 1216/86/113 1219/86/104 1217/86/103 1214/86/108
f 1225/86/99 1222/86/110 1224/86/114 1227/86/100
f 1227/86/100 1224/86/114 1223/86/115 1228/86/101
f 1228/86/101 1223/86/115 1221/86/109 1226/86/102
f 1241/86/93 1238/86/92 1240/86/116 1243/86/96
f 1243/86/96 1240/86/116 1239/86/117 1244/86/97
f 1244/86/97 1239/86/117 1237/86/111 1242/86/98
f 1233/86/89 1230/86/88 1232/86/118 1235/86/106
f 1235/86/106 1232/86/118 1231/86/119 1236/86/107
f 1236/86/107 1231/86/119 1229/86/95 1234/86/94
f 1221/86/109 1223/86/115 1224/86/114 1222/86/110 1237/86/111 1239/86/117 1240/86/116 1238/86/92 1229/86/95 1231/86/119 1232/86/118 1230/86/88 1213/86/91 1215/86/112 1216/86/113 1214/86/108
usemtl cheapmet
f 81/86/41 82/86/42 84/86/43 83/86/44
f 83/86/44 84/86/43 86/86/45 85/86/46
f 85/86/46 86/86/45 88/86/47 87/86/48
f 87/86/48 88/86/47 90/86/49 89/86/50
f 89/86/50 90/86/49 92/86/51 91/86/52
f 91/86/52 92/86/51 94/86/53 93/86/54
f 84/86/43 82/86/42 96/86/55 94/86/53 92/86/51 90/86/49 88/86/47 86/86/45
f 93/86/54 94/86/53 96/86/55 95/86/56
f 95/86/56 96/86/55 82/86/42 81/86/41
f 81/86/41 83/86/44 85/86/46 87/86/48 89/86/50 91/86/52 93/86/54 95/86/56
s 0
f 97/86/27 99/86/27 100/86/27 98/86/27
f 98/86/29 102/86/29 101/86/29 97/86/29
f 104/86/57 105/86/57 106/86/57 103/86/57
f 105/86/58 104/86/58 107/86/58 108/86/58
f 102/86/28 98/86/28 105/86/28 108/86/28
f 100/86/40 99/86/40 103/86/40 106/86/40
f 97/86/30 101/86/30 107/86/30 104/86/30
f 101/86/31 102/86/31 108/86/31 107/86/31
f 98/86/28 100/86/28 106/86/28 105/86/28
f 99/86/59 97/86/59 104/86/59 103/86/59
f 133/86/30 134/86/30 136/86/30 135/86/30
f 135/86/31 136/86/31 140/86/31 139/86/31
f 139/86/28 140/86/28 138/86/28 137/86/28
f 137/86/27 138/86/27 134/86/27 133/86/27
f 135/86/40 139/86/40 137/86/40 133/86/40
f 140/86/29 136/86/29 134/86/29 138/86/29
s 1
f 237/86/120 238/86/121 240/86/122 239/86/123
f 239/86/123 240/86/122 242/86/124 241/86/125
f 241/86/125 242/86/124 244/86/126 243/86/127
f 243/86/127 244/86/126 246/86/128 245/86/129
f 245/86/129 246/86/128 248/86/130 247/86/131
f 247/86/131 248/86/130 250/86/132 249/86/133
f 249/86/133 250/86/132 252/86/134 251/86/135
f 251/86/135 252/86/134 254/86/136 253/86/137
f 253/86/137 254/86/136 256/86/138 255/86/139
f 255/86/139 256/86/138 258/86/140 257/86/141
f 257/86/141 258/86/140 260/86/142 259/86/143
f 259/86/143 260/86/142 262/86/144 261/86/145
f 261/86/145 262/86/144 264/86/146 263/86/147
f 263/86/147 264/86/146 266/86/148 265/86/149
f 265/86/149 266/86/148 268/86/150 267/86/151
f 267/86/151 268/86/150 270/86/152 269/86/153
f 269/86/153 270/86/152 272/86/154 271/86/155
f 271/86/155 272/86/154 274/86/156 273/86/157
f 273/86/157 274/86/156 276/86/158 275/86/159
f 275/86/159 276/86/158 278/86/160 277/86/161
f 277/86/161 278/86/160 280/86/162 279/86/163
f 279/86/163 280/86/162 282/86/164 281/86/165
f 281/86/165 282/86/164 284/86/166 283/86/167
f 283/86/167 284/86/166 286/86/168 285/86/169
f 285/86/169 286/86/168 288/86/170 287/86/171
f 287/86/171 288/86/170 290/86/172 289/86/173
f 289/86/173 290/86/172 292/86/174 291/86/175
f 291/86/175 292/86/174 294/86/176 293/86/177
f 293/86/177 294/86/176 296/86/178 295/86/179
f 295/86/179 296/86/178 298/86/180 297/86/181
f 240/86/122 238/86/121 300/86/182 298/86/180 296/86/178 294/86/176 292/86/174 290/86/172 288/86/170 286/86/168 284/86/166 282/86/164 280/86/162 278/86/160 276/86/158 274/86/156 272/86/154 270/86/152 268/86/150 266/86/148 264/86/146 262/86/144 260/86/142 258/86/140 256/86/138 254/86/136 252/86/134 250/86/132 248/86/130 246/86/128 244/86/126 242/86/124
f 297/86/181 298/86/180 300/86/182 299/86/183
f 299/86/183 300/86/182 238/86/121 237/86/120
f 237/86/120 239/86/123 241/86/125 243/86/127 245/86/129 247/86/131 249/86/133 251/86/135 253/86/137 255/86/139 257/86/141 259/86/143 261/86/145 263/86/147 265/86/149 267/86/151 269/86/153 271/86/155 273/86/157 275/86/159 277/86/161 279/86/163 281/86/165 283/86/167 285/86/169 287/86/171 289/86/173 291/86/175 293/86/177 295/86/179 297/86/181 299/86/183
s 0
f 301/86/184 302/86/184 304/86/184 303/86/184
f 303/86/28 304/86/28 306/86/28 305/86/28
f 305/86/185 306/86/185 308/86/185 307/86/185
f 307/86/186 308/86/186 310/86/186 309/86/186
f 304/86/29 302/86/29 312/86/29 310/86/29 308/86/29 306/86/29
f 309/86/30 310/86/30 312/86/30 311/86/30
f 311/86/187 312/86/187 302/86/187 301/86/187
f 301/86/40 303/86/40 305/86/40 307/86/40 309/86/40 311/86/40
s 1
f 313/86/120 314/86/121 316/86/122 315/86/123
f 315/86/123 316/86/122 318/86/124 317/86/188
f 317/86/188 318/86/124 320/86/126 319/86/127
f 319/86/127 320/86/126 322/86/128 321/86/129
f 321/86/129 322/86/128 324/86/130 323/86/131
f 323/86/131 324/86/130 326/86/189 325/86/190
f 325/86/190 326/86/189 328/86/134 327/86/135
f 327/86/135 328/86/134 330/86/136 329/86/137
f 329/86/137 330/86/136 332/86/138 331/86/139
f 331/86/139 332/86/138 334/86/191 333/86/192
f 333/86/192 334/86/191 336/86/142 335/86/143
f 335/86/143 336/86/142 338/86/144 337/86/145
f 337/86/145 338/86/144 340/86/146 339/86/147
f 339/86/147 340/86/146 342/86/193 341/86/194
f 341/86/194 342/86/193 344/86/150 343/86/151
f 343/86/151 344/86/150 346/86/152 345/86/153
f 345/86/153 346/86/152 348/86/154 347/86/155
f 347/86/155 348/86/154 350/86/195 349/86/196
f 349/86/196 350/86/195 352/86/158 351/86/159
f 351/86/159 352/86/158 354/86/160 353/86/161
f 353/86/161 354/86/160 356/86/162 355/86/163
f 355/86/163 356/86/162 358/86/164 357/86/165
f 357/86/165 358/86/164 360/86/166 359/86/167
f 359/86/167 360/86/166 362/86/168 361/86/169
f 361/86/169 362/86/168 364/86/170 363/86/171
f 363/86/171 364/86/170 366/86/172 365/86/173
f 365/86/173 366/86/172 368/86/174 367/86/175
f 367/86/175 368/86/174 370/86/176 369/86/177
f 369/86/177 370/86/176 372/86/178 371/86/179
f 371/86/179 372/86/178 374/86/197 373/86/198
f 316/86/122 314/86/121 376/86/182 374/86/197 372/86/178 370/86/176 368/86/174 366/86/172 364/86/170 362/86/168 360/86/166 358/86/164 356/86/162 354/86/160 352/86/158 350/86/195 348/86/154 346/86/152 344/86/150 342/86/193 340/86/146 338/86/144 336/86/142 334/86/191 332/86/138 330/86/136 328/86/134 326/86/189 324/86/130 322/86/128 320/86/126 318/86/124
f 373/86/198 374/86/197 376/86/182 375/86/183
f 375/86/183 376/86/182 314/86/121 313/86/120
f 313/86/120 315/86/123 317/86/188 319/86/127 321/86/129 323/86/131 325/86/190 327/86/135 329/86/137 331/86/139 333/86/192 335/86/143 337/86/145 339/86/147 341/86/194 343/86/151 345/86/153 347/86/155 349/86/196 351/86/159 353/86/161 355/86/163 357/86/165 359/86/167 361/86/169 363/86/171 365/86/173 367/86/175 369/86/177 371/86/179 373/86/198 375/86/183
s 0
f 377/86/184 378/86/184 380/86/184 379/86/184
f 379/86/28 380/86/28 382/86/28 381/86/28
f 381/86/185 382/86/185 384/86/185 383/86/185
f 383/86/186 384/86/186 386/86/186 385/86/186
f 380/86/29 378/86/29 388/86/29 386/86/29 384/86/29 382/86/29
f 385/86/30 386/86/30 388/86/30 387/86/30
f 387/86/187 388/86/187 378/86/187 377/86/187
f 377/86/40 379/86/40 381/86/40 383/86/40 385/86/40 387/86/40
s 1
f 389/86/120 390/86/121 392/86/122 391/86/123
f 391/86/123 392/86/122 394/86/124 393/86/125
f 393/86/125 394/86/124 396/86/126 395/86/127
f 395/86/127 396/86/126 398/86/128 397/86/129
f 397/86/129 398/86/128 400/86/130 399/86/131
f 399/86/131 400/86/130 402/86/189 401/86/190
f 401/86/190 402/86/189 404/86/134 403/86/135
f 403/86/135 404/86/134 406/86/136 405/86/137
f 405/86/137 406/86/136 408/86/138 407/86/139
f 407/86/139 408/86/138 410/86/191 409/86/192
f 409/86/192 410/86/191 412/86/142 411/86/143
f 411/86/143 412/86/142 414/86/144 413/86/145
f 413/86/145 414/86/144 416/86/146 415/86/147
f 415/86/147 416/86/146 418/86/193 417/86/194
f 417/86/194 418/86/193 420/86/150 419/86/151
f 419/86/151 420/86/150 422/86/152 421/86/153
f 421/86/153 422/86/152 424/86/154 423/86/155
f 423/86/155 424/86/154 426/86/195 425/86/196
f 425/86/196 426/86/195 428/86/158 427/86/159
f 427/86/159 428/86/158 430/86/160 429/86/161
f 429/86/161 430/86/160 432/86/162 431/86/163
f 431/86/163 432/86/162 434/86/164 433/86/165
f 433/86/165 434/86/164 436/86/166 435/86/167
f 435/86/167 436/86/166 438/86/168 437/86/169
f 437/86/169 438/86/168 440/86/170 439/86/171
f 439/86/171 440/86/170 442/86/172 441/86/173
f 441/86/173 442/86/172 444/86/174 443/86/175
f 443/86/175 444/86/174 446/86/176 445/86/177
f 445/86/177 446/86/176 448/86/178 447/86/179
f 447/86/179 448/86/178 450/86/197 449/86/198
f 392/86/122 390/86/121 452/86/182 450/86/197 448/86/178 446/86/176 444/86/174 442/86/172 440/86/170 438/86/168 436/86/166 434/86/164 432/86/162 430/86/160 428/86/158 426/86/195 424/86/154 422/86/152 420/86/150 418/86/193 416/86/146 414/86/144 412/86/142 410/86/191 408/86/138 406/86/136 404/86/134 402/86/189 400/86/130 398/86/128 396/86/126 394/86/124
f 449/86/198 450/86/197 452/86/182 451/86/183
f 451/86/183 452/86/182 390/86/121 389/86/120
f 389/86/120 391/86/123 393/86/125 395/86/127 397/86/129 399/86/131 401/86/190 403/86/135 405/86/137 407/86/139 409/86/192 411/86/143 413/86/145 415/86/147 417/86/194 419/86/151 421/86/153 423/86/155 425/86/196 427/86/159 429/86/161 431/86/163 433/86/165 435/86/167 437/86/169 439/86/171 441/86/173 443/86/175 445/86/177 447/86/179 449/86/198 451/86/183
s 0
f 453/86/184 454/86/184 456/86/184 455/86/184
f 455/86/28 456/86/28 458/86/28 457/86/28
f 457/86/185 458/86/185 460/86/185 459/86/185
f 459/86/186 460/86/186 462/86/186 461/86/186
f 456/86/29 454/86/29 464/86/29 462/86/29 460/86/29 458/86/29
f 461/86/30 462/86/30 464/86/30 463/86/30
f 463/86/187 464/86/187 454/86/187 453/86/187
f 453/86/40 455/86/40 457/86/40 459/86/40 461/86/40 463/86/40
s 1
f 465/86/120 466/86/121 468/86/122 467/86/123
f 467/86/123 468/86/122 470/86/199 469/86/188
f 469/86/188 470/86/199 472/86/126 471/86/127
f 471/86/127 472/86/126 474/86/128 473/86/129
f 473/86/129 474/86/128 476/86/130 475/86/131
f 475/86/131 476/86/130 478/86/132 477/86/133
f 477/86/133 478/86/132 480/86/134 479/86/135
f 479/86/135 480/86/134 482/86/136 481/86/137
f 481/86/137 482/86/136 484/86/138 483/86/139
f 483/86/139 484/86/138 486/86/140 485/86/141
f 485/86/141 486/86/140 488/86/142 487/86/143
f 487/86/143 488/86/142 490/86/144 489/86/145
f 489/86/145 490/86/144 492/86/146 491/86/147
f 491/86/147 492/86/146 494/86/193 493/86/194
f 493/86/194 494/86/193 496/86/150 495/86/151
f 495/86/151 496/86/150 498/86/152 497/86/153
f 497/86/153 498/86/152 500/86/154 499/86/155
f 499/86/155 500/86/154 502/86/195 501/86/196
f 501/86/196 502/86/195 504/86/158 503/86/159
f 503/86/159 504/86/158 506/86/160 505/86/161
f 505/86/161 506/86/160 508/86/162 507/86/163
f 507/86/163 508/86/162 510/86/200 509/86/201
f 509/86/201 510/86/200 512/86/166 511/86/167
f 511/86/167 512/86/166 514/86/168 513/86/169
f 513/86/169 514/86/168 516/86/170 515/86/171
f 515/86/171 516/86/170 518/86/202 517/86/203
f 517/86/203 518/86/202 520/86/174 519/86/175
f 519/86/175 520/86/174 522/86/176 521/86/177
f 521/86/177 522/86/176 524/86/178 523/86/179
f 523/86/179 524/86/178 526/86/197 525/86/198
f 468/86/122 466/86/121 528/86/182 526/86/197 524/86/178 522/86/176 520/86/174 518/86/202 516/86/170 514/86/168 512/86/166 510/86/200 508/86/162 506/86/160 504/86/158 502/86/195 500/86/154 498/86/152 496/86/150 494/86/193 492/86/146 490/86/144 488/86/142 486/86/140 484/86/138 482/86/136 480/86/134 478/86/132 476/86/130 474/86/128 472/86/126 470/86/199
f 525/86/198 526/86/197 528/86/182 527/86/183
f 527/86/183 528/86/182 466/86/121 465/86/120
f 465/86/120 467/86/123 469/86/188 471/86/127 473/86/129 475/86/131 477/86/133 479/86/135 481/86/137 483/86/139 485/86/141 487/86/143 489/86/145 491/86/147 493/86/194 495/86/151 497/86/153 499/86/155 501/86/196 503/86/159 505/86/161 507/86/163 509/86/201 511/86/167 513/86/169 515/86/171 517/86/203 519/86/175 521/86/177 523/86/179 525/86/198 527/86/183
s 0
f 529/86/184 530/86/184 532/86/184 531/86/184
f 531/86/28 532/86/28 534/86/28 533/86/28
f 533/86/185 534/86/185 536/86/185 535/86/185
f 535/86/186 536/86/186 538/86/186 537/86/186
f 532/86/29 530/86/29 540/86/29 538/86/29 536/86/29 534/86/29
f 537/86/30 538/86/30 540/86/30 539/86/30
f 539/86/187 540/86/187 530/86/187 529/86/187
f 529/86/40 531/86/40 533/86/40 535/86/40 537/86/40 539/86/40
s 1
f 573/86/120 574/86/121 576/86/122 575/86/123
f 575/86/123 576/86/122 578/86/124 577/86/188
f 577/86/188 578/86/124 580/86/126 579/86/127
f 579/86/127 580/86/126 582/86/128 581/86/129
f 581/86/129 582/86/128 584/86/130 583/86/131
f 583/86/131 584/86/130 586/86/132 585/86/133
f 585/86/133 586/86/132 588/86/134 587/86/135
f 587/86/135 588/86/134 590/86/136 589/86/137
f 589/86/137 590/86/136 592/86/138 591/86/139
f 591/86/139 592/86/138 594/86/140 593/86/141
f 593/86/141 594/86/140 596/86/142 595/86/143
f 595/86/143 596/86/142 598/86/144 597/86/145
f 597/86/145 598/86/144 600/86/146 599/86/147
f 599/86/147 600/86/146 602/86/193 601/86/149
f 601/86/149 602/86/193 604/86/150 603/86/151
f 603/86/151 604/86/150 606/86/152 605/86/153
f 605/86/153 606/86/152 608/86/154 607/86/155
f 607/86/155 608/86/154 610/86/156 609/86/157
f 609/86/157 610/86/156 612/86/158 611/86/159
f 611/86/159 612/86/158 614/86/160 613/86/161
f 613/86/161 614/86/160 616/86/162 615/86/163
f 615/86/163 616/86/162 618/86/164 617/86/165
f 617/86/165 618/86/164 620/86/166 619/86/167
f 619/86/167 620/86/166 622/86/168 621/86/169
f 621/86/169 622/86/168 624/86/170 623/86/171
f 623/86/171 624/86/170 626/86/172 625/86/173
f 625/86/173 626/86/172 628/86/174 627/86/175
f 627/86/175 628/86/174 630/86/176 629/86/177
f 629/86/177 630/86/176 632/86/178 631/86/179
f 631/86/179 632/86/178 634/86/197 633/86/198
f 576/86/122 574/86/121 636/86/182 634/86/197 632/86/178 630/86/176 628/86/174 626/86/172 624/86/170 622/86/168 620/86/166 618/86/164 616/86/162 614/86/160 612/86/158 610/86/156 608/86/154 606/86/152 604/86/150 602/86/193 600/86/146 598/86/144 596/86/142 594/86/140 592/86/138 590/86/136 588/86/134 586/86/132 584/86/130 582/86/128 580/86/126 578/86/124
f 633/86/198 634/86/197 636/86/182 635/86/183
f 635/86/183 636/86/182 574/86/121 573/86/120
f 573/86/120 575/86/123 577/86/188 579/86/127 581/86/129 583/86/131 585/86/133 587/86/135 589/86/137 591/86/139 593/86/141 595/86/143 597/86/145 599/86/147 601/86/149 603/86/151 605/86/153 607/86/155 609/86/157 611/86/159 613/86/161 615/86/163 617/86/165 619/86/167 621/86/169 623/86/171 625/86/173 627/86/175 629/86/177 631/86/179 633/86/198 635/86/183
s 0
f 637/86/184 638/86/184 640/86/184 639/86/184
f 639/86/28 640/86/28 642/86/28 641/86/28
f 641/86/185 642/86/185 644/86/185 643/86/185
f 643/86/186 644/86/186 646/86/186 645/86/186
f 640/86/29 638/86/29 648/86/29 646/86/29 644/86/29 642/86/29
f 645/86/30 646/86/30 648/86/30 647/86/30
f 647/86/187 648/86/187 638/86/187 637/86/187
f 637/86/40 639/86/40 641/86/40 643/86/40 645/86/40 647/86/40
s 1
f 649/86/120 650/86/121 652/86/122 651/86/123
f 651/86/123 652/86/122 654/86/124 653/86/125
f 653/86/125 654/86/124 656/86/126 655/86/127
f 655/86/127 656/86/126 658/86/128 657/86/129
f 657/86/129 658/86/128 660/86/130 659/86/131
f 659/86/131 660/86/130 662/86/189 661/86/190
f 661/86/190 662/86/189 664/86/134 663/86/135
f 663/86/135 664/86/134 666/86/136 665/86/137
f 665/86/137 666/86/136 668/86/138 667/86/139
f 667/86/139 668/86/138 670/86/191 669/86/192
f 669/86/192 670/86/191 672/86/142 671/86/143
f 671/86/143 672/86/142 674/86/144 673/86/145
f 673/86/145 674/86/144 676/86/146 675/86/147
f 675/86/147 676/86/146 678/86/193 677/86/194
f 677/86/194 678/86/193 680/86/150 679/86/151
f 679/86/151 680/86/150 682/86/152 681/86/153
f 681/86/153 682/86/152 684/86/154 683/86/155
f 683/86/155 684/86/154 686/86/156 685/86/157
f 685/86/157 686/86/156 688/86/158 687/86/159
f 687/86/159 688/86/158 690/86/160 689/86/161
f 689/86/161 690/86/160 692/86/162 691/86/163
f 691/86/163 692/86/162 694/86/164 693/86/165
f 693/86/165 694/86/164 696/86/166 695/86/167
f 695/86/167 696/86/166 698/86/168 697/86/169
f 697/86/169 698/86/168 700/86/170 699/86/171
f 699/86/171 700/86/170 702/86/172 701/86/173
f 701/86/173 702/86/172 704/86/174 703/86/175
f 703/86/175 704/86/174 706/86/176 705/86/177
f 705/86/177 706/86/176 708/86/178 707/86/179
f 707/86/179 708/86/178 710/86/197 709/86/198
f 652/86/122 650/86/121 712/86/182 710/86/197 708/86/178 706/86/176 704/86/174 702/86/172 700/86/170 698/86/168 696/86/166 694/86/164 692/86/162 690/86/160 688/86/158 686/86/156 684/86/154 682/86/152 680/86/150 678/86/193 676/86/146 674/86/144 672/86/142 670/86/191 668/86/138 666/86/136 664/86/134 662/86/189 660/86/130 658/86/128 656/86/126 654/86/124
f 709/86/198 710/86/197 712/86/182 711/86/183
f 711/86/183 712/86/182 650/86/121 649/86/120
f 649/86/120 651/86/123 653/86/125 655/86/127 657/86/129 659/86/131 661/86/190 663/86/135 665/86/137 667/86/139 669/86/192 671/86/143 673/86/145 675/86/147 677/86/194 679/86/151 681/86/153 683/86/155 685/86/157 687/86/159 689/86/161 691/86/163 693/86/165 695/86/167 697/86/169 699/86/171 701/86/173 703/86/175 705/86/177 707/86/179 709/86/198 711/86/183
s 0
f 713/86/184 714/86/184 716/86/184 715/86/184
f 715/86/28 716/86/28 718/86/28 717/86/28
f 717/86/185 718/86/185 720/86/185 719/86/185
f 719/86/186 720/86/186 722/86/186 721/86/186
f 716/86/29 714/86/29 724/86/29 722/86/29 720/86/29 718/86/29
f 721/86/30 722/86/30 724/86/30 723/86/30
f 723/86/187 724/86/187 714/86/187 713/86/187
f 713/86/40 715/86/40 717/86/40 719/86/40 721/86/40 723/86/40
s 1
f 725/86/120 726/86/121 728/86/122 727/86/123
f 727/86/123 728/86/122 730/86/124 729/86/125
f 729/86/125 730/86/124 732/86/126 731/86/127
f 731/86/127 732/86/126 734/86/128 733/86/129
f 733/86/129 734/86/128 736/86/130 735/86/131
f 735/86/131 736/86/130 738/86/189 737/86/190
f 737/86/190 738/86/189 740/86/134 739/86/135
f 739/86/135 740/86/134 742/86/136 741/86/137
f 741/86/137 742/86/136 744/86/138 743/86/139
f 743/86/139 744/86/138 746/86/191 745/86/192
f 745/86/192 746/86/191 748/86/142 747/86/143
f 747/86/143 748/86/142 750/86/144 749/86/145
f 749/86/145 750/86/144 752/86/146 751/86/147
f 751/86/147 752/86/146 754/86/193 753/86/194
f 753/86/194 754/86/193 756/86/150 755/86/151
f 755/86/151 756/86/150 758/86/152 757/86/153
f 757/86/153 758/86/152 760/86/154 759/86/155
f 759/86/155 760/86/154 762/86/156 761/86/157
f 761/86/157 762/86/156 764/86/158 763/86/159
f 763/86/159 764/86/158 766/86/160 765/86/161
f 765/86/161 766/86/160 768/86/162 767/86/163
f 767/86/163 768/86/162 770/86/164 769/86/165
f 769/86/165 770/86/164 772/86/166 771/86/167
f 771/86/167 772/86/166 774/86/168 773/86/169
f 773/86/169 774/86/168 776/86/170 775/86/171
f 775/86/171 776/86/170 778/86/172 777/86/173
f 777/86/173 778/86/172 780/86/174 779/86/175
f 779/86/175 780/86/174 782/86/176 781/86/177
f 781/86/177 782/86/176 784/86/178 783/86/179
f 783/86/179 784/86/178 786/86/180 785/86/181
f 728/86/122 726/86/121 788/86/182 786/86/180 784/86/178 782/86/176 780/86/174 778/86/172 776/86/170 774/86/168 772/86/166 770/86/164 768/86/162 766/86/160 764/86/158 762/86/156 760/86/154 758/86/152 756/86/150 754/86/193 752/86/146 750/86/144 748/86/142 746/86/191 744/86/138 742/86/136 740/86/134 738/86/189 736/86/130 734/86/128 732/86/126 730/86/124
f 785/86/181 786/86/180 788/86/182 787/86/183
f 787/86/183 788/86/182 726/86/121 725/86/120
f 725/86/120 727/86/123 729/86/125 731/86/127 733/86/129 735/86/131 737/86/190 739/86/135 741/86/137 743/86/139 745/86/192 747/86/143 749/86/145 751/86/147 753/86/194 755/86/151 757/86/153 759/86/155 761/86/157 763/86/159 765/86/161 767/86/163 769/86/165 771/86/167 773/86/169 775/86/171 777/86/173 779/86/175 781/86/177 783/86/179 785/86/181 787/86/183
s 0
f 789/86/184 790/86/184 792/86/184 791/86/184
f 791/86/28 792/86/28 794/86/28 793/86/28
f 793/86/185 794/86/185 796/86/185 795/86/185
f 795/86/186 796/86/186 798/86/186 797/86/186
f 792/86/29 790/86/29 800/86/29 798/86/29 796/86/29 794/86/29
f 797/86/30 798/86/30 800/86/30 799/86/30
f 799/86/187 800/86/187 790/86/187 789/86/187
f 789/86/40 791/86/40 793/86/40 795/86/40 797/86/40 799/86/40
s 1
f 801/86/120 802/86/121 804/86/122 803/86/123
f 803/86/123 804/86/122 806/86/199 805/86/188
f 805/86/188 806/86/199 808/86/126 807/86/127
f 807/86/127 808/86/126 810/86/128 809/86/129
f 809/86/129 810/86/128 812/86/130 811/86/131
f 811/86/131 812/86/130 814/86/132 813/86/133
f 813/86/133 814/86/132 816/86/134 815/86/135
f 815/86/135 816/86/134 818/86/136 817/86/137
f 817/86/137 818/86/136 820/86/138 819/86/139
f 819/86/139 820/86/138 822/86/140 821/86/141
f 821/86/141 822/86/140 824/86/142 823/86/143
f 823/86/143 824/86/142 826/86/144 825/86/145
f 825/86/145 826/86/144 828/86/146 827/86/147
f 827/86/147 828/86/146 830/86/148 829/86/149
f 829/86/149 830/86/148 832/86/150 831/86/151
f 831/86/151 832/86/150 834/86/152 833/86/153
f 833/86/153 834/86/152 836/86/154 835/86/155
f 835/86/155 836/86/154 838/86/156 837/86/157
f 837/86/157 838/86/156 840/86/158 839/86/159
f 839/86/159 840/86/158 842/86/160 841/86/161
f 841/86/161 842/86/160 844/86/162 843/86/163
f 843/86/163 844/86/162 846/86/200 845/86/201
f 845/86/201 846/86/200 848/86/166 847/86/167
f 847/86/167 848/86/166 850/86/168 849/86/169
f 849/86/169 850/86/168 852/86/170 851/86/171
f 851/86/171 852/86/170 854/86/202 853/86/203
f 853/86/203 854/86/202 856/86/174 855/86/175
f 855/86/175 856/86/174 858/86/176 857/86/177
f 857/86/177 858/86/176 860/86/178 859/86/179
f 859/86/179 860/86/178 862/86/197 861/86/198
f 804/86/122 802/86/121 864/86/182 862/86/197 860/86/178 858/86/176 856/86/174 854/86/202 852/86/170 850/86/168 848/86/166 846/86/200 844/86/162 842/86/160 840/86/158 838/86/156 836/86/154 834/86/152 832/86/150 830/86/148 828/86/146 826/86/144 824/86/142 822/86/140 820/86/138 818/86/136 816/86/134 814/86/132 812/86/130 810/86/128 808/86/126 806/86/199
f 861/86/198 862/86/197 864/86/182 863/86/183
f 863/86/183 864/86/182 802/86/121 801/86/120
f 801/86/120 803/86/123 805/86/188 807/86/127 809/86/129 811/86/131 813/86/133 815/86/135 817/86/137 819/86/139 821/86/141 823/86/143 825/86/145 827/86/147 829/86/149 831/86/151 833/86/153 835/86/155 837/86/157 839/86/159 841/86/161 843/86/163 845/86/201 847/86/167 849/86/169 851/86/171 853/86/203 855/86/175 857/86/177 859/86/179 861/86/198 863/86/183
s 0
f 865/86/184 866/86/184 868/86/184 867/86/184
f 867/86/28 868/86/28 870/86/28 869/86/28
f 869/86/185 870/86/185 872/86/185 871/86/185
f 871/86/186 872/86/186 874/86/186 873/86/186
f 868/86/29 866/86/29 876/86/29 874/86/29 872/86/29 870/86/29
f 873/86/30 874/86/30 876/86/30 875/86/30
f 875/86/187 876/86/187 866/86/187 865/86/187
f 865/86/40 867/86/40 869/86/40 871/86/40 873/86/40 875/86/40
s 1
f 909/86/120 910/86/121 912/86/122 911/86/123
f 911/86/123 912/86/122 914/86/124 913/86/125
f 913/86/125 914/86/124 916/86/126 915/86/127
f 915/86/127 916/86/126 918/86/128 917/86/129
f 917/86/129 918/86/128 920/86/130 919/86/131
f 919/86/131 920/86/130 922/86/132 921/86/133
f 921/86/133 922/86/132 924/86/134 923/86/135
f 923/86/135 924/86/134 926/86/136 925/86/137
f 925/86/137 926/86/136 928/86/138 927/86/139
f 927/86/139 928/86/138 930/86/140 929/86/141
f 929/86/141 930/86/140 932/86/142 931/86/143
f 931/86/143 932/86/142 934/86/144 933/86/145
f 933/86/145 934/86/144 936/86/146 935/86/147
f 935/86/147 936/86/146 938/86/193 937/86/194
f 937/86/194 938/86/193 940/86/150 939/86/151
f 939/86/151 940/86/150 942/86/152 941/86/153
f 941/86/153 942/86/152 944/86/154 943/86/155
f 943/86/155 944/86/154 946/86/195 945/86/196
f 945/86/196 946/86/195 948/86/158 947/86/159
f 947/86/159 948/86/158 950/86/160 949/86/161
f 949/86/161 950/86/160 952/86/162 951/86/163
f 951/86/163 952/86/162 954/86/164 953/86/165
f 953/86/165 954/86/164 956/86/166 955/86/167
f 955/86/167 956/86/166 958/86/168 957/86/169
f 957/86/169 958/86/168 960/86/170 959/86/171
f 959/86/171 960/86/170 962/86/172 961/86/173
f 961/86/173 962/86/172 964/86/174 963/86/175
f 963/86/175 964/86/174 966/86/176 965/86/177
f 965/86/177 966/86/176 968/86/178 967/86/179
f 967/86/179 968/86/178 970/86/180 969/86/181
f 912/86/122 910/86/121 972/86/182 970/86/180 968/86/178 966/86/176 964/86/174 962/86/172 960/86/170 958/86/168 956/86/166 954/86/164 952/86/162 950/86/160 948/86/158 946/86/195 944/86/154 942/86/152 940/86/150 938/86/193 936/86/146 934/86/144 932/86/142 930/86/140 928/86/138 926/86/136 924/86/134 922/86/132 920/86/130 918/86/128 916/86/126 914/86/124
f 969/86/181 970/86/180 972/86/182 971/86/183
f 971/86/183 972/86/182 910/86/121 909/86/120
f 909/86/120 911/86/123 913/86/125 915/86/127 917/86/129 919/86/131 921/86/133 923/86/135 925/86/137 927/86/139 929/86/141 931/86/143 933/86/145 935/86/147 937/86/194 939/86/151 941/86/153 943/86/155 945/86/196 947/86/159 949/86/161 951/86/163 953/86/165 955/86/167 957/86/169 959/86/171 961/86/173 963/86/175 965/86/177 967/86/179 969/86/181 971/86/183
s 0
f 973/86/184 974/86/184 976/86/184 975/86/184
f 975/86/28 976/86/28 978/86/28 977/86/28
f 977/86/185 978/86/185 980/86/185 979/86/185
f 979/86/186 980/86/186 982/86/186 981/86/186
f 976/86/29 974/86/29 984/86/29 982/86/29 980/86/29 978/86/29
f 981/86/30 982/86/30 984/86/30 983/86/30
f 983/86/187 984/86/187 974/86/187 973/86/187
f 973/86/40 975/86/40 977/86/40 979/86/40 981/86/40 983/86/40
s 1
f 985/86/120 986/86/121 988/86/122 987/86/123
f 987/86/123 988/86/122 990/86/199 989/86/188
f 989/86/188 990/86/199 992/86/126 991/86/127
f 991/86/127 992/86/126 994/86/128 993/86/129
f 993/86/129 994/86/128 996/86/130 995/86/131
f 995/86/131 996/86/130 998/86/132 997/86/133
f 997/86/133 998/86/132 1000/86/134 999/86/135
f 999/86/135 1000/86/134 1002/86/136 1001/86/137
f 1001/86/137 1002/86/136 1004/86/138 1003/86/139
f 1003/86/139 1004/86/138 1006/86/140 1005/86/141
f 1005/86/141 1006/86/140 1008/86/142 1007/86/143
f 1007/86/143 1008/86/142 1010/86/144 1009/86/145
f 1009/86/145 1010/86/144 1012/86/146 1011/86/147
f 1011/86/147 1012/86/146 1014/86/148 1013/86/149
f 1013/86/149 1014/86/148 1016/86/150 1015/86/151
f 1015/86/151 1016/86/150 1018/86/152 1017/86/153
f 1017/86/153 1018/86/152 1020/86/154 1019/86/155
f 1019/86/155 1020/86/154 1022/86/156 1021/86/157
f 1021/86/157 1022/86/156 1024/86/158 1023/86/159
f 1023/86/159 1024/86/158 1026/86/160 1025/86/161
f 1025/86/161 1026/86/160 1028/86/162 1027/86/163
f 1027/86/163 1028/86/162 1030/86/164 1029/86/165
f 1029/86/165 1030/86/164 1032/86/166 1031/86/167
f 1031/86/167 1032/86/166 1034/86/168 1033/86/169
f 1033/86/169 1034/86/168 1036/86/170 1035/86/171
f 1035/86/171 1036/86/170 1038/86/172 1037/86/173
f 1037/86/173 1038/86/172 1040/86/174 1039/86/175
f 1039/86/175 1040/86/174 1042/86/176 1041/86/177
f 1041/86/177 1042/86/176 1044/86/178 1043/86/179
f 1043/86/179 1044/86/178 1046/86/197 1045/86/198
f 988/86/122 986/86/121 1048/86/182 1046/86/197 1044/86/178 1042/86/176 1040/86/174 1038/86/172 1036/86/170 1034/86/168 1032/86/166 1030/86/164 1028/86/162 1026/86/160 1024/86/158 1022/86/156 1020/86/154 1018/86/152 1016/86/150 1014/86/148 1012/86/146 1010/86/144 1008/86/142 1006/86/140 1004/86/138 1002/86/136 1000/86/134 998/86/132 996/86/130 994/86/128 992/86/126 990/86/199
f 1045/86/198 1046/86/197 1048/86/182 1047/86/183
f 1047/86/183 1048/86/182 986/86/121 985/86/120
f 985/86/120 987/86/123 989/86/188 991/86/127 993/86/129 995/86/131 997/86/133 999/86/135 1001/86/137 1003/86/139 1005/86/141 1007/86/143 1009/86/145 1011/86/147 1013/86/149 1015/86/151 1017/86/153 1019/86/155 1021/86/157 1023/86/159 1025/86/161 1027/86/163 1029/86/165 1031/86/167 1033/86/169 1035/86/171 1037/86/173 1039/86/175 1041/86/177 1043/86/179 1045/86/198 1047/86/183
s 0
f 1049/86/184 1050/86/184 1052/86/184 1051/86/184
f 1051/86/28 1052/86/28 1054/86/28 1053/86/28
f 1053/86/185 1054/86/185 1056/86/185 1055/86/185
f 1055/86/186 1056/86/186 1058/86/186 1057/86/186
f 1052/86/29 1050/86/29 1060/86/29 1058/86/29 1056/86/29 1054/86/29
f 1057/86/30 1058/86/30 1060/86/30 1059/86/30
f 1059/86/187 1060/86/187 1050/86/187 1049/86/187
f 1049/86/40 1051/86/40 1053/86/40 1055/86/40 1057/86/40 1059/86/40
s 1
f 1061/86/120 1062/86/121 1064/86/122 1063/86/123
f 1063/86/123 1064/86/122 1066/86/124 1065/86/125
f 1065/86/125 1066/86/124 1068/86/126 1067/86/127
f 1067/86/127 1068/86/126 1070/86/128 1069/86/129
f 1069/86/129 1070/86/128 1072/86/130 1071/86/131
f 1071/86/131 1072/86/130 1074/86/132 1073/86/133
f 1073/86/133 1074/86/132 1076/86/134 1075/86/135
f 1075/86/135 1076/86/134 1078/86/136 1077/86/137
f 1077/86/137 1078/86/136 1080/86/138 1079/86/139
f 1079/86/139 1080/86/138 1082/86/140 1081/86/141
f 1081/86/141 1082/86/140 1084/86/142 1083/86/143
f 1083/86/143 1084/86/142 1086/86/144 1085/86/145
f 1085/86/145 1086/86/144 1088/86/146 1087/86/147
f 1087/86/147 1088/86/146 1090/86/148 1089/86/149
f 1089/86/149 1090/86/148 1092/86/150 1091/86/151
f 1091/86/151 1092/86/150 1094/86/152 1093/86/153
f 1093/86/153 1094/86/152 1096/86/154 1095/86/155
f 1095/86/155 1096/86/154 1098/86/156 1097/86/157
f 1097/86/157 1098/86/156 1100/86/158 1099/86/159
f 1099/86/159 1100/86/158 1102/86/160 1101/86/161
f 1101/86/161 1102/86/160 1104/86/162 1103/86/163
f 1103/86/163 1104/86/162 1106/86/164 1105/86/165
f 1105/86/165 1106/86/164 1108/86/166 1107/86/167
f 1107/86/167 1108/86/166 1110/86/168 1109/86/169
f 1109/86/169 1110/86/168 1112/86/170 1111/86/171
f 1111/86/171 1112/86/170 1114/86/172 1113/86/173
f 1113/86/173 1114/86/172 1116/86/174 1115/86/175
f 1115/86/175 1116/86/174 1118/86/176 1117/86/177
f 1117/86/177 1118/86/176 1120/86/178 1119/86/179
f 1119/86/179 1120/86/178 1122/86/180 1121/86/181
f 1064/86/122 1062/86/121 1124/86/182 1122/86/180 1120/86/178 1118/86/176 1116/86/174 1114/86/172 1112/86/170 1110/86/168 1108/86/166 1106/86/164 1104/86/162 1102/86/160 1100/86/158 1098/86/156 1096/86/154 1094/86/152 1092/86/150 1090/86/148 1088/86/146 1086/86/144 1084/86/142 1082/86/140 1080/86/138 1078/86/136 1076/86/134 1074/86/132 1072/86/130 1070/86/128 1068/86/126 1066/86/124
f 1121/86/181 1122/86/180 1124/86/182 1123/86/183
f 1123/86/183 1124/86/182 1062/86/121 1061/86/120
f 1061/86/120 1063/86/123 1065/86/125 1067/86/127 1069/86/129 1071/86/131 1073/86/133 1075/86/135 1077/86/137 1079/86/139 1081/86/141 1083/86/143 1085/86/145 1087/86/147 1089/86/149 1091/86/151 1093/86/153 1095/86/155 1097/86/157 1099/86/159 1101/86/161 1103/86/163 1105/86/165 1107/86/167 1109/86/169 1111/86/171 1113/86/173 1115/86/175 1117/86/177 1119/86/179 1121/86/181 1123/86/183
s 0
f 1125/86/184 1126/86/184 1128/86/184 1127/86/184
f 1127/86/28 1128/86/28 1130/86/28 1129/86/28
f 1129/86/185 1130/86/185 1132/86/185 1131/86/185
f 1131/86/186 1132/86/186 1134/86/186 1133/86/186
f 1128/86/29 1126/86/29 1136/86/29 1134/86/29 1132/86/29 1130/86/29
f 1133/86/30 1134/86/30 1136/86/30 1135/86/30
f 1135/86/187 1136/86/187 1126/86/187 1125/86/187
f 1125/86/40 1127/86/40 1129/86/40 1131/86/40 1133/86/40 1135/86/40
s 1
f 1137/86/120 1138/86/121 1140/86/122 1139/86/123
f 1139/86/123 1140/86/122 1142/86/124 1141/86/125
f 1141/86/125 1142/86/124 1144/86/126 1143/86/127
f 1143/86/127 1144/86/126 1146/86/128 1145/86/129
f 1145/86/129 1146/86/128 1148/86/130 1147/86/131
f 1147/86/131 1148/86/130 1150/86/132 1149/86/133
f 1149/86/133 1150/86/132 1152/86/134 1151/86/135
f 1151/86/135 1152/86/134 1154/86/136 1153/86/137
f 1153/86/137 1154/86/136 1156/86/138 1155/86/139
f 1155/86/139 1156/86/138 1158/86/140 1157/86/141
f 1157/86/141 1158/86/140 1160/86/142 1159/86/143
f 1159/86/143 1160/86/142 1162/86/144 1161/86/145
f 1161/86/145 1162/86/144 1164/86/146 1163/86/147
f 1163/86/147 1164/86/146 1166/86/193 1165/86/194
f 1165/86/194 1166/86/193 1168/86/150 1167/86/151
f 1167/86/151 1168/86/150 1170/86/152 1169/86/153
f 1169/86/153 1170/86/152 1172/86/154 1171/86/155
f 1171/86/155 1172/86/154 1174/86/195 1173/86/196
f 1173/86/196 1174/86/195 1176/86/158 1175/86/159
f 1175/86/159 1176/86/158 1178/86/160 1177/86/161
f 1177/86/161 1178/86/160 1180/86/162 1179/86/163
f 1179/86/163 1180/86/162 1182/86/164 1181/86/165
f 1181/86/165 1182/86/164 1184/86/166 1183/86/167
f 1183/86/167 1184/86/166 1186/86/168 1185/86/169
f 1185/86/169 1186/86/168 1188/86/170 1187/86/171
f 1187/86/171 1188/86/170 1190/86/172 1189/86/173
f 1189/86/173 1190/86/172 1192/86/174 1191/86/175
f 1191/86/175 1192/86/174 1194/86/176 1193/86/177
f 1193/86/177 1194/86/176 1196/86/178 1195/86/179
f 1195/86/179 1196/86/178 1198/86/180 1197/86/181
f 1140/86/122 1138/86/121 1200/86/182 1198/86/180 1196/86/178 1194/86/176 1192/86/174 1190/86/172 1188/86/170 1186/86/168 1184/86/166 1182/86/164 1180/86/162 1178/86/160 1176/86/158 1174/86/195 1172/86/154 1170/86/152 1168/86/150 1166/86/193 1164/86/146 1162/86/144 1160/86/142 1158/86/140 1156/86/138 1154/86/136 1152/86/134 1150/86/132 1148/86/130 1146/86/128 1144/86/126 1142/86/124
f 1197/86/181 1198/86/180 1200/86/182 1199/86/183
f 1199/86/183 1200/86/182 1138/86/121 1137/86/120
f 1137/86/120 1139/86/123 1141/86/125 1143/86/127 1145/86/129 1147/86/131 1149/86/133 1151/86/135 1153/86/137 1155/86/139 1157/86/141 1159/86/143 1161/86/145 1163/86/147 1165/86/194 1167/86/151 1169/86/153 1171/86/155 1173/86/196 1175/86/159 1177/86/161 1179/86/163 1181/86/165 1183/86/167 1185/86/169 1187/86/171 1189/86/173 1191/86/175 1193/86/177 1195/86/179 1197/86/181 1199/86/183
s 0
f 1201/86/184 1202/86/184 1204/86/184 1203/86/184
f 1203/86/28 1204/86/28 1206/86/28 1205/86/28
f 1205/86/185 1206/86/185 1208/86/185 1207/86/185
f 1207/86/186 1208/86/186 1210/86/186 1209/86/186
f 1204/86/29 1202/86/29 1212/86/29 1210/86/29 1208/86/29 1206/86/29
f 1209/86/30 1210/86/30 1212/86/30 1211/86/30
f 1211/86/187 1212/86/187 1202/86/187 1201/86/187
f 1201/86/40 1203/86/40 1205/86/40 1207/86/40 1209/86/40 1211/86/40
s 1
f 1245/86/120 1246/86/121 1248/86/122 1247/86/123
f 1247/86/123 1248/86/122 1250/86/124 1249/86/125
f 1249/86/125 1250/86/124 1252/86/126 1251/86/127
f 1251/86/127 1252/86/126 1254/86/128 1253/86/129
f 1253/86/129 1254/86/128 1256/86/130 1255/86/131
f 1255/86/131 1256/86/130 1258/86/132 1257/86/133
f 1257/86/133 1258/86/132 1260/86/134 1259/86/135
f 1259/86/135 1260/86/134 1262/86/136 1261/86/137
f 1261/86/137 1262/86/136 1264/86/138 1263/86/139
f 1263/86/139 1264/86/138 1266/86/140 1265/86/141
f 1265/86/141 1266/86/140 1268/86/142 1267/86/143
f 1267/86/143 1268/86/142 1270/86/144 1269/86/145
f 1269/86/145 1270/86/144 1272/86/146 1271/86/147
f 1271/86/147 1272/86/146 1274/86/193 1273/86/194
f 1273/86/194 1274/86/193 1276/86/150 1275/86/151
f 1275/86/151 1276/86/150 1278/86/152 1277/86/153
f 1277/86/153 1278/86/152 1280/86/154 1279/86/155
f 1279/86/155 1280/86/154 1282/86/195 1281/86/196
f 1281/86/196 1282/86/195 1284/86/158 1283/86/159
f 1283/86/159 1284/86/158 1286/86/160 1285/86/161
f 1285/86/161 1286/86/160 1288/86/162 1287/86/163
f 1287/86/163 1288/86/162 1290/86/164 1289/86/165
f 1289/86/165 1290/86/164 1292/86/166 1291/86/167
f 1291/86/167 1292/86/166 1294/86/168 1293/86/169
f 1293/86/169 1294/86/168 1296/86/170 1295/86/171
f 1295/86/171 1296/86/170 1298/86/172 1297/86/173
f 1297/86/173 1298/86/172 1300/86/174 1299/86/175
f 1299/86/175 1300/86/174 1302/86/176 1301/86/177
f 1301/86/177 1302/86/176 1304/86/178 1303/86/179
f 1303/86/179 1304/86/178 1306/86/180 1305/86/181
f 1248/86/122 1246/86/121 1308/86/182 1306/86/180 1304/86/178 1302/86/176 1300/86/174 1298/86/172 1296/86/170 1294/86/168 1292/86/166 1290/86/164 1288/86/162 1286/86/160 1284/86/158 1282/86/195 1280/86/154 1278/86/152 1276/86/150 1274/86/193 1272/86/146 1270/86/144 1268/86/142 1266/86/140 1264/86/138 1262/86/136 1260/86/134 1258/86/132 1256/86/130 1254/86/128 1252/86/126 1250/86/124
f 1305/86/181 1306/86/180 1308/86/182 1307/86/183
f 1307/86/183 1308/86/182 1246/86/121 1245/86/120
f 1245/86/120 1247/86/123 1249/86/125 1251/86/127 1253/86/129 1255/86/131 1257/86/133 1259/86/135 1261/86/137 1263/86/139 1265/86/141 1267/86/143 1269/86/145 1271/86/147 1273/86/194 1275/86/151 1277/86/153 1279/86/155 1281/86/196 1283/86/159 1285/86/161 1287/86/163 1289/86/165 1291/86/167 1293/86/169 1295/86/171 1297/86/173 1299/86/175 1301/86/177 1303/86/179 1305/86/181 1307/86/183
s 0
f 1309/86/184 1310/86/184 1312/86/184 1311/86/184
f 1311/86/28 1312/86/28 1314/86/28 1313/86/28
f 1313/86/185 1314/86/185 1316/86/185 1315/86/185
f 1315/86/186 1316/86/186 1318/86/186 1317/86/186
f 1312/86/29 1310/86/29 1320/86/29 1318/86/29 1316/86/29 1314/86/29
f 1317/86/30 1318/86/30 1320/86/30 1319/86/30
f 1319/86/187 1320/86/187 1310/86/187 1309/86/187
f 1309/86/40 1311/86/40 1313/86/40 1315/86/40 1317/86/40 1319/86/40
s 1
f 1321/86/120 1322/86/121 1324/86/122 1323/86/123
f 1323/86/123 1324/86/122 1326/86/199 1325/86/188
f 1325/86/188 1326/86/199 1328/86/126 1327/86/127
f 1327/86/127 1328/86/126 1330/86/128 1329/86/129
f 1329/86/129 1330/86/128 1332/86/130 1331/86/131
f 1331/86/131 1332/86/130 1334/86/189 1333/86/190
f 1333/86/190 1334/86/189 1336/86/134 1335/86/135
f 1335/86/135 1336/86/134 1338/86/136 1337/86/137
f 1337/86/137 1338/86/136 1340/86/138 1339/86/139
f 1339/86/139 1340/86/138 1342/86/191 1341/86/192
f 1341/86/192 1342/86/191 1344/86/142 1343/86/143
f 1343/86/143 1344/86/142 1346/86/144 1345/86/145
f 1345/86/145 1346/86/144 1348/86/146 1347/86/147
f 1347/86/147 1348/86/146 1350/86/193 1349/86/149
f 1349/86/149 1350/86/193 1352/86/150 1351/86/151
f 1351/86/151 1352/86/150 1354/86/152 1353/86/153
f 1353/86/153 1354/86/152 1356/86/154 1355/86/155
f 1355/86/155 1356/86/154 1358/86/156 1357/86/196
f 1357/86/196 1358/86/156 1360/86/158 1359/86/159
f 1359/86/159 1360/86/158 1362/86/160 1361/86/161
f 1361/86/161 1362/86/160 1364/86/162 1363/86/163
f 1363/86/163 1364/86/162 1366/86/200 1365/86/201
f 1365/86/201 1366/86/200 1368/86/166 1367/86/167
f 1367/86/167 1368/86/166 1370/86/168 1369/86/169
f 1369/86/169 1370/86/168 1372/86/170 1371/86/171
f 1371/86/171 1372/86/170 1374/86/202 1373/86/203
f 1373/86/203 1374/86/202 1376/86/174 1375/86/175
f 1375/86/175 1376/86/174 1378/86/176 1377/86/177
f 1377/86/177 1378/86/176 1380/86/178 1379/86/179
f 1379/86/179 1380/86/178 1382/86/197 1381/86/198
f 1324/86/122 1322/86/121 1384/86/182 1382/86/197 1380/86/178 1378/86/176 1376/86/174 1374/86/202 1372/86/170 1370/86/168 1368/86/166 1366/86/200 1364/86/162 1362/86/160 1360/86/158 1358/86/156 1356/86/154 1354/86/152 1352/86/150 1350/86/193 1348/86/146 1346/86/144 1344/86/142 1342/86/191 1340/86/138 1338/86/136 1336/86/134 1334/86/189 1332/86/130 1330/86/128 1328/86/126 1326/86/199
f 1381/86/198 1382/86/197 1384/86/182 1383/86/183
f 1383/86/183 1384/86/182 1322/86/121 1321/86/120
f 1321/86/120 1323/86/123 1325/86/188 1327/86/127 1329/86/129 1331/86/131 1333/86/190 1335/86/135 1337/86/137 1339/86/139 1341/86/192 1343/86/143 1345/86/145 1347/86/147 1349/86/149 1351/86/151 1353/86/153 1355/86/155 1357/86/196 1359/86/159 1361/86/161 1363/86/163 1365/86/201 1367/86/167 1369/86/169 1371/86/171 1373/86/203 1375/86/175 1377/86/177 1379/86/179 1381/86/198 1383/86/183
s 0
f 1385/86/184 1386/86/184 1388/86/184 1387/86/184
f 1387/86/28 1388/86/28 1390/86/28 1389/86/28
f 1389/86/185 1390/86/185 1392/86/185 1391/86/185
f 1391/86/186 1392/86/186 1394/86/186 1393/86/186
f 1388/86/29 1386/86/29 1396/86/29 1394/86/29 1392/86/29 1390/86/29
f 1393/86/30 1394/86/30 1396/86/30 1395/86/30
f 1395/86/187 1396/86/187 1386/86/187 1385/86/187
f 1385/86/40 1387/86/40 1389/86/40 1391/86/40 1393/86/40 1395/86/40
s 1
f 1397/86/120 1398/86/121 1400/86/122 1399/86/123
f 1399/86/123 1400/86/122 1402/86/199 1401/86/188
f 1401/86/188 1402/86/199 1404/86/126 1403/86/127
f 1403/86/127 1404/86/126 1406/86/128 1405/86/129
f 1405/86/129 1406/86/128 1408/86/130 1407/86/131
f 1407/86/131 1408/86/130 1410/86/189 1409/86/190
f 1409/86/190 1410/86/189 1412/86/134 1411/86/135
f 1411/86/135 1412/86/134 1414/86/136 1413/86/137
f 1413/86/137 1414/86/136 1416/86/138 1415/86/139
f 1415/86/139 1416/86/138 1418/86/191 1417/86/192
f 1417/86/192 1418/86/191 1420/86/142 1419/86/143
f 1419/86/143 1420/86/142 1422/86/144 1421/86/145
f 1421/86/145 1422/86/144 1424/86/146 1423/86/147
f 1423/86/147 1424/86/146 1426/86/193 1425/86/149
f 1425/86/149 1426/86/193 1428/86/150 1427/86/151
f 1427/86/151 1428/86/150 1430/86/152 1429/86/153
f 1429/86/153 1430/86/152 1432/86/154 1431/86/155
f 1431/86/155 1432/86/154 1434/86/156 1433/86/196
f 1433/86/196 1434/86/156 1436/86/158 1435/86/159
f 1435/86/159 1436/86/158 1438/86/160 1437/86/161
f 1437/86/161 1438/86/160 1440/86/162 1439/86/163
f 1439/86/163 1440/86/162 1442/86/200 1441/86/201
f 1441/86/201 1442/86/200 1444/86/166 1443/86/167
f 1443/86/167 1444/86/166 1446/86/168 1445/86/169
f 1445/86/169 1446/86/168 1448/86/170 1447/86/171
f 1447/86/171 1448/86/170 1450/86/202 1449/86/203
f 1449/86/203 1450/86/202 1452/86/174 1451/86/175
f 1451/86/175 1452/86/174 1454/86/176 1453/86/177
f 1453/86/177 1454/86/176 1456/86/178 1455/86/179
f 1455/86/179 1456/86/178 1458/86/197 1457/86/198
f 1400/86/122 1398/86/121 1460/86/182 1458/86/197 1456/86/178 1454/86/176 1452/86/174 1450/86/202 1448/86/170 1446/86/168 1444/86/166 1442/86/200 1440/86/162 1438/86/160 1436/86/158 1434/86/156 1432/86/154 1430/86/152 1428/86/150 1426/86/193 1424/86/146 1422/86/144 1420/86/142 1418/86/191 1416/86/138 1414/86/136 1412/86/134 1410/86/189 1408/86/130 1406/86/128 1404/86/126 1402/86/199
f 1457/86/198 1458/86/197 1460/86/182 1459/86/183
f 1459/86/183 1460/86/182 1398/86/121 1397/86/120
f 1397/86/120 1399/86/123 1401/86/188 1403/86/127 1405/86/129 1407/86/131 1409/86/190 1411/86/135 1413/86/137 1415/86/139 1417/86/192 1419/86/143 1421/86/145 1423/86/147 1425/86/149 1427/86/151 1429/86/153 1431/86/155 1433/86/196 1435/86/159 1437/86/161 1439/86/163 1441/86/201 1443/86/167 1445/86/169 1447/86/171 1449/86/203 1451/86/175 1453/86/177 1455/86/179 1457/86/198 1459/86/183
s 0
f 1461/86/184 1462/86/184 1464/86/184 1463/86/184
f 1463/86/28 1464/86/28 1466/86/28 1465/86/28
f 1465/86/185 1466/86/185 1468/86/185 1467/86/185
f 1467/86/186 1468/86/186 1470/86/186 1469/86/186
f 1464/86/29 1462/86/29 1472/86/29 1470/86/29 1468/86/29 1466/86/29
f 1469/86/30 1470/86/30 1472/86/30 1471/86/30
f 1471/86/187 1472/86/187 1462/86/187 1461/86/187
f 1461/86/40 1463/86/40 1465/86/40 1467/86/40 1469/86/40 1471/86/40
s 1
f 1473/86/120 1474/86/121 1476/86/122 1475/86/123
f 1475/86/123 1476/86/122 1478/86/124 1477/86/125
f 1477/86/125 1478/86/124 1480/86/126 1479/86/127
f 1479/86/127 1480/86/126 1482/86/128 1481/86/129
f 1481/86/129 1482/86/128 1484/86/130 1483/86/131
f 1483/86/131 1484/86/130 1486/86/132 1485/86/133
f 1485/86/133 1486/86/132 1488/86/134 1487/86/135
f 1487/86/135 1488/86/134 1490/86/136 1489/86/137
f 1489/86/137 1490/86/136 1492/86/138 1491/86/139
f 1491/86/139 1492/86/138 1494/86/140 1493/86/141
f 1493/86/141 1494/86/140 1496/86/142 1495/86/143
f 1495/86/143 1496/86/142 1498/86/144 1497/86/145
f 1497/86/145 1498/86/144 1500/86/146 1499/86/147
f 1499/86/147 1500/86/146 1502/86/193 1501/86/194
f 1501/86/194 1502/86/193 1504/86/150 1503/86/151
f 1503/86/151 1504/86/150 1506/86/152 1505/86/153
f 1505/86/153 1506/86/152 1508/86/154 1507/86/155
f 1507/86/155 1508/86/154 1510/86/195 1509/86/196
f 1509/86/196 1510/86/195 1512/86/158 1511/86/159
f 1511/86/159 1512/86/158 1514/86/160 1513/86/161
f 1513/86/161 1514/86/160 1516/86/162 1515/86/163
f 1515/86/163 1516/86/162 1518/86/164 1517/86/165
f 1517/86/165 1518/86/164 1520/86/166 1519/86/167
f 1519/86/167 1520/86/166 1522/86/168 1521/86/169
f 1521/86/169 1522/86/168 1524/86/170 1523/86/171
f 1523/86/171 1524/86/170 1526/86/172 1525/86/173
f 1525/86/173 1526/86/172 1528/86/174 1527/86/175
f 1527/86/175 1528/86/174 1530/86/176 1529/86/177
f 1529/86/177 1530/86/176 1532/86/178 1531/86/179
f 1531/86/179 1532/86/178 1534/86/180 1533/86/181
f 1476/86/122 1474/86/121 1536/86/182 1534/86/180 1532/86/178 1530/86/176 1528/86/174 1526/86/172 1524/86/170 1522/86/168 1520/86/166 1518/86/164 1516/86/162 1514/86/160 1512/86/158 1510/86/195 1508/86/154 1506/86/152 1504/86/150 1502/86/193 1500/86/146 1498/86/144 1496/86/142 1494/86/140 1492/86/138 1490/86/136 1488/86/134 1486/86/132 1484/86/130 1482/86/128 1480/86/126 1478/86/124
f 1533/86/181 1534/86/180 1536/86/182 1535/86/183
f 1535/86/183 1536/86/182 1474/86/121 1473/86/120
f 1473/86/120 1475/86/123 1477/86/125 1479/86/127 1481/86/129 1483/86/131 1485/86/133 1487/86/135 1489/86/137 1491/86/139 1493/86/141 1495/86/143 1497/86/145 1499/86/147 1501/86/194 1503/86/151 1505/86/153 1507/86/155 1509/86/196 1511/86/159 1513/86/161 1515/86/163 1517/86/165 1519/86/167 1521/86/169 1523/86/171 1525/86/173 1527/86/175 1529/86/177 1531/86/179 1533/86/181 1535/86/183
s 0
f 1537/86/184 1538/86/184 1540/86/184 1539/86/184
f 1539/86/28 1540/86/28 1542/86/28 1541/86/28
f 1541/86/185 1542/86/185 1544/86/185 1543/86/185
f 1543/86/186 1544/86/186 1546/86/186 1545/86/186
f 1540/86/29 1538/86/29 1548/86/29 1546/86/29 1544/86/29 1542/86/29
f 1545/86/30 1546/86/30 1548/86/30 1547/86/30
f 1547/86/187 1548/86/187 1538/86/187 1537/86/187
f 1537/86/40 1539/86/40 1541/86/40 1543/86/40 1545/86/40 1547/86/40
s 1
f 1585/86/120 1586/86/121 1588/86/122 1587/86/123
f 1587/86/123 1588/86/122 1590/86/199 1589/86/188
f 1589/86/188 1590/86/199 1592/86/126 1591/86/127
f 1591/86/127 1592/86/126 1594/86/128 1593/86/129
f 1593/86/129 1594/86/128 1596/86/130 1595/86/131
f 1595/86/131 1596/86/130 1598/86/132 1597/86/133
f 1597/86/133 1598/86/132 1600/86/134 1599/86/135
f 1599/86/135 1600/86/134 1602/86/136 1601/86/137
f 1601/86/137 1602/86/136 1604/86/138 1603/86/139
f 1603/86/139 1604/86/138 1606/86/140 1605/86/141
f 1605/86/141 1606/86/140 1608/86/142 1607/86/143
f 1607/86/143 1608/86/142 1610/86/144 1609/86/145
f 1609/86/145 1610/86/144 1612/86/146 1611/86/147
f 1611/86/147 1612/86/146 1614/86/193 1613/86/194
f 1613/86/194 1614/86/193 1616/86/150 1615/86/151
f 1615/86/151 1616/86/150 1618/86/152 1617/86/153
f 1617/86/153 1618/86/152 1620/86/154 1619/86/155
f 1619/86/155 1620/86/154 1622/86/195 1621/86/196
f 1621/86/196 1622/86/195 1624/86/158 1623/86/159
f 1623/86/159 1624/86/158 1626/86/160 1625/86/161
f 1625/86/161 1626/86/160 1628/86/162 1627/86/163
f 1627/86/163 1628/86/162 1630/86/164 1629/86/165
f 1629/86/165 1630/86/164 1632/86/166 1631/86/167
f 1631/86/167 1632/86/166 1634/86/168 1633/86/169
f 1633/86/169 1634/86/168 1636/86/170 1635/86/171
f 1635/86/171 1636/86/170 1638/86/172 1637/86/173
f 1637/86/173 1638/86/172 1640/86/174 1639/86/175
f 1639/86/175 1640/86/174 1642/86/176 1641/86/177
f 1641/86/177 1642/86/176 1644/86/178 1643/86/179
f 1643/86/179 1644/86/178 1646/86/197 1645/86/198
f 1588/86/122 1586/86/121 1648/86/182 1646/86/197 1644/86/178 1642/86/176 1640/86/174 1638/86/172 1636/86/170 1634/86/168 1632/86/166 1630/86/164 1628/86/162 1626/86/160 1624/86/158 1622/86/195 1620/86/154 1618/86/152 1616/86/150 1614/86/193 1612/86/146 1610/86/144 1608/86/142 1606/86/140 1604/86/138 1602/86/136 1600/86/134 1598/86/132 1596/86/130 1594/86/128 1592/86/126 1590/86/199
f 1645/86/198 1646/86/197 1648/86/182 1647/86/183
f 1647/86/183 1648/86/182 1586/86/121 1585/86/120
f 1585/86/120 1587/86/123 1589/86/188 1591/86/127 1593/86/129 1595/86/131 1597/86/133 1599/86/135 1601/86/137 1603/86/139 1605/86/141 1607/86/143 1609/86/145 1611/86/147 1613/86/194 1615/86/151 1617/86/153 1619/86/155 1621/86/196 1623/86/159 1625/86/161 1627/86/163 1629/86/165 1631/86/167 1633/86/169 1635/86/171 1637/86/173 1639/86/175 1641/86/177 1643/86/179 1645/86/198 1647/86/183
s 0
f 1649/86/184 1650/86/184 1652/86/184 1651/86/184
f 1651/86/28 1652/86/28 1654/86/28 1653/86/28
f 1653/86/185 1654/86/185 1656/86/185 1655/86/185
f 1655/86/186 1656/86/186 1658/86/186 1657/86/186
f 1652/86/29 1650/86/29 1660/86/29 1658/86/29 1656/86/29 1654/86/29
f 1657/86/30 1658/86/30 1660/86/30 1659/86/30
f 1659/86/187 1660/86/187 1650/86/187 1649/86/187
f 1649/86/40 1651/86/40 1653/86/40 1655/86/40 1657/86/40 1659/86/40
s 1
f 1661/86/120 1662/86/121 1664/86/122 1663/86/123
f 1663/86/123 1664/86/122 1666/86/199 1665/86/125
f 1665/86/125 1666/86/199 1668/86/126 1667/86/127
f 1667/86/127 1668/86/126 1670/86/128 1669/86/129
f 1669/86/129 1670/86/128 1672/86/130 1671/86/131
f 1671/86/131 1672/86/130 1674/86/189 1673/86/190
f 1673/86/190 1674/86/189 1676/86/134 1675/86/135
f 1675/86/135 1676/86/134 1678/86/136 1677/86/137
f 1677/86/137 1678/86/136 1680/86/138 1679/86/139
f 1679/86/139 1680/86/138 1682/86/191 1681/86/192
f 1681/86/192 1682/86/191 1684/86/142 1683/86/143
f 1683/86/143 1684/86/142 1686/86/144 1685/86/145
f 1685/86/145 1686/86/144 1688/86/146 1687/86/147
f 1687/86/147 1688/86/146 1690/86/148 1689/86/194
f 1689/86/194 1690/86/148 1692/86/150 1691/86/151
f 1691/86/151 1692/86/150 1694/86/152 1693/86/153
f 1693/86/153 1694/86/152 1696/86/154 1695/86/155
f 1695/86/155 1696/86/154 1698/86/156 1697/86/157
f 1697/86/157 1698/86/156 1700/86/158 1699/86/159
f 1699/86/159 1700/86/158 1702/86/160 1701/86/161
f 1701/86/161 1702/86/160 1704/86/162 1703/86/163
f 1703/86/163 1704/86/162 1706/86/200 1705/86/201
f 1705/86/201 1706/86/200 1708/86/166 1707/86/167
f 1707/86/167 1708/86/166 1710/86/168 1709/86/169
f 1709/86/169 1710/86/168 1712/86/170 1711/86/171
f 1711/86/171 1712/86/170 1714/86/202 1713/86/203
f 1713/86/203 1714/86/202 1716/86/174 1715/86/175
f 1715/86/175 1716/86/174 1718/86/176 1717/86/177
f 1717/86/177 1718/86/176 1720/86/178 1719/86/179
f 1719/86/179 1720/86/178 1722/86/197 1721/86/198
f 1664/86/122 1662/86/121 1724/86/182 1722/86/197 1720/86/178 1718/86/176 1716/86/174 1714/86/202 1712/86/170 1710/86/168 1708/86/166 1706/86/200 1704/86/162 1702/86/160 1700/86/158 1698/86/156 1696/86/154 1694/86/152 1692/86/150 1690/86/148 1688/86/146 1686/86/144 1684/86/142 1682/86/191 1680/86/138 1678/86/136 1676/86/134 1674/86/189 1672/86/130 1670/86/128 1668/86/126 1666/86/199
f 1721/86/198 1722/86/197 1724/86/182 1723/86/183
f 1723/86/183 1724/86/182 1662/86/121 1661/86/120
f 1661/86/120 1663/86/123 1665/86/125 1667/86/127 1669/86/129 1671/86/131 1673/86/190 1675/86/135 1677/86/137 1679/86/139 1681/86/192 1683/86/143 1685/86/145 1687/86/147 1689/86/194 1691/86/151 1693/86/153 1695/86/155 1697/86/157 1699/86/159 1701/86/161 1703/86/163 1705/86/201 1707/86/167 1709/86/169 1711/86/171 1713/86/203 1715/86/175 1717/86/177 1719/86/179 1721/86/198 1723/86/183
s 0
f 1725/86/184 1726/86/184 1728/86/184 1727/86/184
f 1727/86/28 1728/86/28 1730/86/28 1729/86/28
f 1729/86/185 1730/86/185 1732/86/185 1731/86/185
f 1731/86/186 1732/86/186 1734/86/186 1733/86/186
f 1728/86/29 1726/86/29 1736/86/29 1734/86/29 1732/86/29 1730/86/29
f 1733/86/30 1734/86/30 1736/86/30 1735/86/30
f 1735/86/187 1736/86/187 1726/86/187 1725/86/187
f 1725/86/40 1727/86/40 1729/86/40 1731/86/40 1733/86/40 1735/86/40
s 1
f 1737/86/120 1738/86/121 1740/86/122 1739/86/123
f 1739/86/123 1740/86/122 1742/86/124 1741/86/125
f 1741/86/125 1742/86/124 1744/86/126 1743/86/127
f 1743/86/127 1744/86/126 1746/86/128 1745/86/129
f 1745/86/129 1746/86/128 1748/86/130 1747/86/131
f 1747/86/131 1748/86/130 1750/86/189 1749/86/190
f 1749/86/190 1750/86/189 1752/86/134 1751/86/135
f 1751/86/135 1752/86/134 1754/86/136 1753/86/137
f 1753/86/137 1754/86/136 1756/86/138 1755/86/139
f 1755/86/139 1756/86/138 1758/86/191 1757/86/192
f 1757/86/192 1758/86/191 1760/86/142 1759/86/143
f 1759/86/143 1760/86/142 1762/86/144 1761/86/145
f 1761/86/145 1762/86/144 1764/86/146 1763/86/147
f 1763/86/147 1764/86/146 1766/86/193 1765/86/194
f 1765/86/194 1766/86/193 1768/86/150 1767/86/151
f 1767/86/151 1768/86/150 1770/86/152 1769/86/153
f 1769/86/153 1770/86/152 1772/86/154 1771/86/155
f 1771/86/155 1772/86/154 1774/86/156 1773/86/157
f 1773/86/157 1774/86/156 1776/86/158 1775/86/159
f 1775/86/159 1776/86/158 1778/86/160 1777/86/161
f 1777/86/161 1778/86/160 1780/86/162 1779/86/163
f 1779/86/163 1780/86/162 1782/86/164 1781/86/165
f 1781/86/165 1782/86/164 1784/86/166 1783/86/167
f 1783/86/167 1784/86/166 1786/86/168 1785/86/169
f 1785/86/169 1786/86/168 1788/86/170 1787/86/171
f 1787/86/171 1788/86/170 1790/86/172 1789/86/173
f 1789/86/173 1790/86/172 1792/86/174 1791/86/175
f 1791/86/175 1792/86/174 1794/86/176 1793/86/177
f 1793/86/177 1794/86/176 1796/86/178 1795/86/179
f 1795/86/179 1796/86/178 1798/86/197 1797/86/198
f 1740/86/122 1738/86/121 1800/86/182 1798/86/197 1796/86/178 1794/86/176 1792/86/174 1790/86/172 1788/86/170 1786/86/168 1784/86/166 1782/86/164 1780/86/162 1778/86/160 1776/86/158 1774/86/156 1772/86/154 1770/86/152 1768/86/150 1766/86/193 1764/86/146 1762/86/144 1760/86/142 1758/86/191 1756/86/138 1754/86/136 1752/86/134 1750/86/189 1748/86/130 1746/86/128 1744/86/126 1742/86/124
f 1797/86/198 1798/86/197 1800/86/182 1799/86/183
f 1799/86/183 1800/86/182 1738/86/121 1737/86/120
f 1737/86/120 1739/86/123 1741/86/125 1743/86/127 1745/86/129 1747/86/131 1749/86/190 1751/86/135 1753/86/137 1755/86/139 1757/86/192 1759/86/143 1761/86/145 1763/86/147 1765/86/194 1767/86/151 1769/86/153 1771/86/155 1773/86/157 1775/86/159 1777/86/161 1779/86/163 1781/86/165 1783/86/167 1785/86/169 1787/86/171 1789/86/173 1791/86/175 1793/86/177 1795/86/179 1797/86/198 1799/86/183
s 0
f 1801/86/184 1802/86/184 1804/86/184 1803/86/184
f 1803/86/28 1804/86/28 1806/86/28 1805/86/28
f 1805/86/185 1806/86/185 1808/86/185 1807/86/185
f 1807/86/186 1808/86/186 1810/86/186 1809/86/186
f 1804/86/29 1802/86/29 1812/86/29 1810/86/29 1808/86/29 1806/86/29
f 1809/86/30 1810/86/30 1812/86/30 1811/86/30
f 1811/86/187 1812/86/187 1802/86/187 1801/86/187
f 1801/86/40 1803/86/40 1805/86/40 1807/86/40 1809/86/40 1811/86/40
s 1
f 1813/86/120 1814/86/121 1816/86/122 1815/86/123
f 1815/86/123 1816/86/122 1818/86/199 1817/86/188
f 1817/86/188 1818/86/199 1820/86/126 1819/86/127
f 1819/86/127 1820/86/126 1822/86/128 1821/86/129
f 1821/86/129 1822/86/128 1824/86/130 1823/86/131
f 1823/86/131 1824/86/130 1826/86/132 1825/86/133
f 1825/86/133 1826/86/132 1828/86/134 1827/86/135
f 1827/86/135 1828/86/134 1830/86/136 1829/86/137
f 1829/86/137 1830/86/136 1832/86/138 1831/86/139
f 1831/86/139 1832/86/138 1834/86/140 1833/86/141
f 1833/86/141 1834/86/140 1836/86/142 1835/86/143
f 1835/86/143 1836/86/142 1838/86/144 1837/86/145
f 1837/86/145 1838/86/144 1840/86/146 1839/86/147
f 1839/86/147 1840/86/146 1842/86/148 1841/86/149
f 1841/86/149 1842/86/148 1844/86/150 1843/86/151
f 1843/86/151 1844/86/150 1846/86/152 1845/86/153
f 1845/86/153 1846/86/152 1848/86/154 1847/86/155
f 1847/86/155 1848/86/154 1850/86/156 1849/86/157
f 1849/86/157 1850/86/156 1852/86/158 1851/86/159
f 1851/86/159 1852/86/158 1854/86/160 1853/86/161
f 1853/86/161 1854/86/160 1856/86/162 1855/86/163
f 1855/86/163 1856/86/162 1858/86/164 1857/86/165
f 1857/86/165 1858/86/164 1860/86/166 1859/86/167
f 1859/86/167 1860/86/166 1862/86/168 1861/86/169
f 1861/86/169 1862/86/168 1864/86/170 1863/86/171
f 1863/86/171 1864/86/170 1866/86/172 1865/86/173
f 1865/86/173 1866/86/172 1868/86/174 1867/86/175
f 1867/86/175 1868/86/174 1870/86/176 1869/86/177
f 1869/86/177 1870/86/176 1872/86/178 1871/86/179
f 1871/86/179 1872/86/178 1874/86/197 1873/86/198
f 1816/86/122 1814/86/121 1876/86/182 1874/86/197 1872/86/178 1870/86/176 1868/86/174 1866/86/172 1864/86/170 1862/86/168 1860/86/166 1858/86/164 1856/86/162 1854/86/160 1852/86/158 1850/86/156 1848/86/154 1846/86/152 1844/86/150 1842/86/148 1840/86/146 1838/86/144 1836/86/142 1834/86/140 1832/86/138 1830/86/136 1828/86/134 1826/86/132 1824/86/130 1822/86/128 1820/86/126 1818/86/199
f 1873/86/198 1874/86/197 1876/86/182 1875/86/183
f 1875/86/183 1876/86/182 1814/86/121 1813/86/120
f 1813/86/120 1815/86/123 1817/86/188 1819/86/127 1821/86/129 1823/86/131 1825/86/133 1827/86/135 1829/86/137 1831/86/139 1833/86/141 1835/86/143 1837/86/145 1839/86/147 1841/86/149 1843/86/151 1845/86/153 1847/86/155 1849/86/157 1851/86/159 1853/86/161 1855/86/163 1857/86/165 1859/86/167 1861/86/169 1863/86/171 1865/86/173 1867/86/175 1869/86/177 1871/86/179 1873/86/198 1875/86/183
s 0
f 1877/86/184 1878/86/184 1880/86/184 1879/86/184
f 1879/86/28 1880/86/28 1882/86/28 1881/86/28
f 1881/86/185 1882/86/185 1884/86/185 1883/86/185
f 1883/86/186 1884/86/186 1886/86/186 1885/86/186
f 1880/86/29 1878/86/29 1888/86/29 1886/86/29 1884/86/29 1882/86/29
f 1885/86/30 1886/86/30 1888/86/30 1887/86/30
f 1887/86/187 1888/86/187 1878/86/187 1877/86/187
f 1877/86/40 1879/86/40 1881/86/40 1883/86/40 1885/86/40 1887/86/40
s 1
f 1921/86/120 1922/86/121 1924/86/122 1923/86/123
f 1923/86/123 1924/86/122 1926/86/199 1925/86/188
f 1925/86/188 1926/86/199 1928/86/126 1927/86/127
f 1927/86/127 1928/86/126 1930/86/128 1929/86/129
f 1929/86/129 1930/86/128 1932/86/130 1931/86/131
f 1931/86/131 1932/86/130 1934/86/132 1933/86/133
f 1933/86/133 1934/86/132 1936/86/134 1935/86/135
f 1935/86/135 1936/86/134 1938/86/136 1937/86/137
f 1937/86/137 1938/86/136 1940/86/138 1939/86/139
f 1939/86/139 1940/86/138 1942/86/140 1941/86/141
f 1941/86/141 1942/86/140 1944/86/142 1943/86/143
f 1943/86/143 1944/86/142 1946/86/144 1945/86/145
f 1945/86/145 1946/86/144 1948/86/146 1947/86/147
f 1947/86/147 1948/86/146 1950/86/148 1949/86/149
f 1949/86/149 1950/86/148 1952/86/150 1951/86/151
f 1951/86/151 1952/86/150 1954/86/152 1953/86/153
f 1953/86/153 1954/86/152 1956/86/154 1955/86/155
f 1955/86/155 1956/86/154 1958/86/156 1957/86/157
f 1957/86/157 1958/86/156 1960/86/158 1959/86/159
f 1959/86/159 1960/86/158 1962/86/160 1961/86/161
f 1961/86/161 1962/86/160 1964/86/162 1963/86/163
f 1963/86/163 1964/86/162 1966/86/164 1965/86/165
f 1965/86/165 1966/86/164 1968/86/166 1967/86/167
f 1967/86/167 1968/86/166 1970/86/168 1969/86/169
f 1969/86/169 1970/86/168 1972/86/170 1971/86/171
f 1971/86/171 1972/86/170 1974/86/172 1973/86/173
f 1973/86/173 1974/86/172 1976/86/174 1975/86/175
f 1975/86/175 1976/86/174 1978/86/176 1977/86/177
f 1977/86/177 1978/86/176 1980/86/178 1979/86/179
f 1979/86/179 1980/86/178 1982/86/197 1981/86/198
f 1924/86/122 1922/86/121 1984/86/182 1982/86/197 1980/86/178 1978/86/176 1976/86/174 1974/86/172 1972/86/170 1970/86/168 1968/86/166 1966/86/164 1964/86/162 1962/86/160 1960/86/158 1958/86/156 1956/86/154 1954/86/152 1952/86/150 1950/86/148 1948/86/146 1946/86/144 1944/86/142 1942/86/140 1940/86/138 1938/86/136 1936/86/134 1934/86/132 1932/86/130 1930/86/128 1928/86/126 1926/86/199
f 1981/86/198 1982/86/197 1984/86/182 1983/86/183
f 1983/86/183 1984/86/182 1922/86/121 1921/86/120
f 1921/86/120 1923/86/123 1925/86/188 1927/86/127 1929/86/129 1931/86/131 1933/86/133 1935/86/135 1937/86/137 1939/86/139 1941/86/141 1943/86/143 1945/86/145 1947/86/147 1949/86/149 1951/86/151 1953/86/153 1955/86/155 1957/86/157 1959/86/159 1961/86/161 1963/86/163 1965/86/165 1967/86/167 1969/86/169 1971/86/171 1973/86/173 1975/86/175 1977/86/177 1979/86/179 1981/86/198 1983/86/183
s 0
f 1985/86/184 1986/86/184 1988/86/184 1987/86/184
f 1987/86/28 1988/86/28 1990/86/28 1989/86/28
f 1989/86/185 1990/86/185 1992/86/185 1991/86/185
f 1991/86/186 1992/86/186 1994/86/186 1993/86/186
f 1988/86/29 1986/86/29 1996/86/29 1994/86/29 1992/86/29 1990/86/29
f 1993/86/30 1994/86/30 1996/86/30 1995/86/30
f 1995/86/187 1996/86/187 1986/86/187 1985/86/187
f 1985/86/40 1987/86/40 1989/86/40 1991/86/40 1993/86/40 1995/86/40
s 1
f 1997/86/120 1998/86/121 2000/86/122 1999/86/123
f 1999/86/123 2000/86/122 2002/86/124 2001/86/125
f 2001/86/125 2002/86/124 2004/86/126 2003/86/127
f 2003/86/127 2004/86/126 2006/86/128 2005/86/129
f 2005/86/129 2006/86/128 2008/86/130 2007/86/131
f 2007/86/131 2008/86/130 2010/86/189 2009/86/190
f 2009/86/190 2010/86/189 2012/86/134 2011/86/135
f 2011/86/135 2012/86/134 2014/86/136 2013/86/137
f 2013/86/137 2014/86/136 2016/86/138 2015/86/139
f 2015/86/139 2016/86/138 2018/86/191 2017/86/192
f 2017/86/192 2018/86/191 2020/86/142 2019/86/143
f 2019/86/143 2020/86/142 2022/86/144 2021/86/145
f 2021/86/145 2022/86/144 2024/86/146 2023/86/147
f 2023/86/147 2024/86/146 2026/86/193 2025/86/194
f 2025/86/194 2026/86/193 2028/86/150 2027/86/151
f 2027/86/151 2028/86/150 2030/86/152 2029/86/153
f 2029/86/153 2030/86/152 2032/86/154 2031/86/155
f 2031/86/155 2032/86/154 2034/86/156 2033/86/157
f 2033/86/157 2034/86/156 2036/86/158 2035/86/159
f 2035/86/159 2036/86/158 2038/86/160 2037/86/161
f 2037/86/161 2038/86/160 2040/86/162 2039/86/163
f 2039/86/163 2040/86/162 2042/86/164 2041/86/165
f 2041/86/165 2042/86/164 2044/86/166 2043/86/167
f 2043/86/167 2044/86/166 2046/86/168 2045/86/169
f 2045/86/169 2046/86/168 2048/86/170 2047/86/171
f 2047/86/171 2048/86/170 2050/86/172 2049/86/173
f 2049/86/173 2050/86/172 2052/86/174 2051/86/175
f 2051/86/175 2052/86/174 2054/86/176 2053/86/177
f 2053/86/177 2054/86/176 2056/86/178 2055/86/179
f 2055/86/179 2056/86/178 2058/86/197 2057/86/198
f 2000/86/122 1998/86/121 2060/86/182 2058/86/197 2056/86/178 2054/86/176 2052/86/174 2050/86/172 2048/86/170 2046/86/168 2044/86/166 2042/86/164 2040/86/162 2038/86/160 2036/86/158 2034/86/156 2032/86/154 2030/86/152 2028/86/150 2026/86/193 2024/86/146 2022/86/144 2020/86/142 2018/86/191 2016/86/138 2014/86/136 2012/86/134 2010/86/189 2008/86/130 2006/86/128 2004/86/126 2002/86/124
f 2057/86/198 2058/86/197 2060/86/182 2059/86/183
f 2059/86/183 2060/86/182 1998/86/121 1997/86/120
f 1997/86/120 1999/86/123 2001/86/125 2003/86/127 2005/86/129 2007/86/131 2009/86/190 2011/86/135 2013/86/137 2015/86/139 2017/86/192 2019/86/143 2021/86/145 2023/86/147 2025/86/194 2027/86/151 2029/86/153 2031/86/155 2033/86/157 2035/86/159 2037/86/161 2039/86/163 2041/86/165 2043/86/167 2045/86/169 2047/86/171 2049/86/173 2051/86/175 2053/86/177 2055/86/179 2057/86/198 2059/86/183
s 0
f 2061/86/184 2062/86/184 2064/86/184 2063/86/184
f 2063/86/28 2064/86/28 2066/86/28 2065/86/28
f 2065/86/185 2066/86/185 2068/86/185 2067/86/185
f 2067/86/186 2068/86/186 2070/86/186 2069/86/186
f 2064/86/29 2062/86/29 2072/86/29 2070/86/29 2068/86/29 2066/86/29
f 2069/86/30 2070/86/30 2072/86/30 2071/86/30
f 2071/86/187 2072/86/187 2062/86/187 2061/86/187
f 2061/86/40 2063/86/40 2065/86/40 2067/86/40 2069/86/40 2071/86/40
s 1
f 2073/86/120 2074/86/121 2076/86/122 2075/86/123
f 2075/86/123 2076/86/122 2078/86/124 2077/86/125
f 2077/86/125 2078/86/124 2080/86/126 2079/86/127
f 2079/86/127 2080/86/126 2082/86/128 2081/86/129
f 2081/86/129 2082/86/128 2084/86/130 2083/86/131
f 2083/86/131 2084/86/130 2086/86/189 2085/86/190
f 2085/86/190 2086/86/189 2088/86/134 2087/86/135
f 2087/86/135 2088/86/134 2090/86/136 2089/86/137
f 2089/86/137 2090/86/136 2092/86/138 2091/86/139
f 2091/86/139 2092/86/138 2094/86/191 2093/86/192
f 2093/86/192 2094/86/191 2096/86/142 2095/86/143
f 2095/86/143 2096/86/142 2098/86/144 2097/86/145
f 2097/86/145 2098/86/144 2100/86/146 2099/86/147
f 2099/86/147 2100/86/146 2102/86/193 2101/86/194
f 2101/86/194 2102/86/193 2104/86/150 2103/86/151
f 2103/86/151 2104/86/150 2106/86/152 2105/86/153
f 2105/86/153 2106/86/152 2108/86/154 2107/86/155
f 2107/86/155 2108/86/154 2110/86/156 2109/86/157
f 2109/86/157 2110/86/156 2112/86/158 2111/86/159
f 2111/86/159 2112/86/158 2114/86/160 2113/86/161
f 2113/86/161 2114/86/160 2116/86/162 2115/86/163
f 2115/86/163 2116/86/162 2118/86/164 2117/86/165
f 2117/86/165 2118/86/164 2120/86/166 2119/86/167
f 2119/86/167 2120/86/166 2122/86/168 2121/86/169
f 2121/86/169 2122/86/168 2124/86/170 2123/86/171
f 2123/86/171 2124/86/170 2126/86/172 2125/86/173
f 2125/86/173 2126/86/172 2128/86/174 2127/86/175
f 2127/86/175 2128/86/174 2130/86/176 2129/86/177
f 2129/86/177 2130/86/176 2132/86/178 2131/86/179
f 2131/86/179 2132/86/178 2134/86/180 2133/86/181
f 2076/86/122 2074/86/121 2136/86/182 2134/86/180 2132/86/178 2130/86/176 2128/86/174 2126/86/172 2124/86/170 2122/86/168 2120/86/166 2118/86/164 2116/86/162 2114/86/160 2112/86/158 2110/86/156 2108/86/154 2106/86/152 2104/86/150 2102/86/193 2100/86/146 2098/86/144 2096/86/142 2094/86/191 2092/86/138 2090/86/136 2088/86/134 2086/86/189 2084/86/130 2082/86/128 2080/86/126 2078/86/124
f 2133/86/181 2134/86/180 2136/86/182 2135/86/183
f 2135/86/183 2136/86/182 2074/86/121 2073/86/120
f 2073/86/120 2075/86/123 2077/86/125 2079/86/127 2081/86/129 2083/86/131 2085/86/190 2087/86/135 2089/86/137 2091/86/139 2093/86/192 2095/86/143 2097/86/145 2099/86/147 2101/86/194 2103/86/151 2105/86/153 2107/86/155 2109/86/157 2111/86/159 2113/86/161 2115/86/163 2117/86/165 2119/86/167 2121/86/169 2123/86/171 2125/86/173 2127/86/175 2129/86/177 2131/86/179 2133/86/181 2135/86/183
s 0
f 2137/86/184 2138/86/184 2140/86/184 2139/86/184
f 2139/86/28 2140/86/28 2142/86/28 2141/86/28
f 2141/86/185 2142/86/185 2144/86/185 2143/86/185
f 2143/86/186 2144/86/186 2146/86/186 2145/86/186
f 2140/86/29 2138/86/29 2148/86/29 2146/86/29 2144/86/29 2142/86/29
f 2145/86/30 2146/86/30 2148/86/30 2147/86/30
f 2147/86/187 2148/86/187 2138/86/187 2137/86/187
f 2137/86/40 2139/86/40 2141/86/40 2143/86/40 2145/86/40 2147/86/40
s 1
f 2149/86/120 2150/86/121 2152/86/122 2151/86/123
f 2151/86/123 2152/86/122 2154/86/199 2153/86/188
f 2153/86/188 2154/86/199 2156/86/126 2155/86/127
f 2155/86/127 2156/86/126 2158/86/128 2157/86/129
f 2157/86/129 2158/86/128 2160/86/130 2159/86/131
f 2159/86/131 2160/86/130 2162/86/132 2161/86/133
f 2161/86/133 2162/86/132 2164/86/134 2163/86/135
f 2163/86/135 2164/86/134 2166/86/136 2165/86/137
f 2165/86/137 2166/86/136 2168/86/138 2167/86/139
f 2167/86/139 2168/86/138 2170/86/140 2169/86/141
f 2169/86/141 2170/86/140 2172/86/142 2171/86/143
f 2171/86/143 2172/86/142 2174/86/144 2173/86/145
f 2173/86/145 2174/86/144 2176/86/146 2175/86/147
f 2175/86/147 2176/86/146 2178/86/148 2177/86/149
f 2177/86/149 2178/86/148 2180/86/150 2179/86/151
f 2179/86/151 2180/86/150 2182/86/152 2181/86/153
f 2181/86/153 2182/86/152 2184/86/154 2183/86/155
f 2183/86/155 2184/86/154 2186/86/156 2185/86/157
f 2185/86/157 2186/86/156 2188/86/158 2187/86/159
f 2187/86/159 2188/86/158 2190/86/160 2189/86/161
f 2189/86/161 2190/86/160 2192/86/162 2191/86/163
f 2191/86/163 2192/86/162 2194/86/164 2193/86/165
f 2193/86/165 2194/86/164 2196/86/166 2195/86/167
f 2195/86/167 2196/86/166 2198/86/168 2197/86/169
f 2197/86/169 2198/86/168 2200/86/170 2199/86/171
f 2199/86/171 2200/86/170 2202/86/172 2201/86/173
f 2201/86/173 2202/86/172 2204/86/174 2203/86/175
f 2203/86/175 2204/86/174 2206/86/176 2205/86/177
f 2205/86/177 2206/86/176 2208/86/178 2207/86/179
f 2207/86/179 2208/86/178 2210/86/197 2209/86/198
f 2152/86/122 2150/86/121 2212/86/182 2210/86/197 2208/86/178 2206/86/176 2204/86/174 2202/86/172 2200/86/170 2198/86/168 2196/86/166 2194/86/164 2192/86/162 2190/86/160 2188/86/158 2186/86/156 2184/86/154 2182/86/152 2180/86/150 2178/86/148 2176/86/146 2174/86/144 2172/86/142 2170/86/140 2168/86/138 2166/86/136 2164/86/134 2162/86/132 2160/86/130 2158/86/128 2156/86/126 2154/86/199
f 2209/86/198 2210/86/197 2212/86/182 2211/86/183
f 2211/86/183 2212/86/182 2150/86/121 2149/86/120
f 2149/86/120 2151/86/123 2153/86/188 2155/86/127 2157/86/129 2159/86/131 2161/86/133 2163/86/135 2165/86/137 2167/86/139 2169/86/141 2171/86/143 2173/86/145 2175/86/147 2177/86/149 2179/86/151 2181/86/153 2183/86/155 2185/86/157 2187/86/159 2189/86/161 2191/86/163 2193/86/165 2195/86/167 2197/86/169 2199/86/171 2201/86/173 2203/86/175 2205/86/177 2207/86/179 2209/86/198 2211/86/183
s 0
f 2213/86/184 2214/86/184 2216/86/184 2215/86/184
f 2215/86/28 2216/86/28 2218/86/28 2217/86/28
f 2217/86/185 2218/86/185 2220/86/185 2219/86/185
f 2219/86/186 2220/86/186 2222/86/186 2221/86/186
f 2216/86/29 2214/86/29 2224/86/29 2222/86/29 2220/86/29 2218/86/29
f 2221/86/30 2222/86/30 2224/86/30 2223/86/30
f 2223/86/187 2224/86/187 2214/86/187 2213/86/187
f 2213/86/40 2215/86/40 2217/86/40 2219/86/40 2221/86/40 2223/86/40
s 1
f 2257/86/120 2258/86/121 2260/86/122 2259/86/123
f 2259/86/123 2260/86/122 2262/86/124 2261/86/125
f 2261/86/125 2262/86/124 2264/86/126 2263/86/127
f 2263/86/127 2264/86/126 2266/86/128 2265/86/129
f 2265/86/129 2266/86/128 2268/86/130 2267/86/131
f 2267/86/131 2268/86/130 2270/86/132 2269/86/133
f 2269/86/133 2270/86/132 2272/86/134 2271/86/135
f 2271/86/135 2272/86/134 2274/86/136 2273/86/137
f 2273/86/137 2274/86/136 2276/86/138 2275/86/139
f 2275/86/139 2276/86/138 2278/86/140 2277/86/141
f 2277/86/141 2278/86/140 2280/86/142 2279/86/143
f 2279/86/143 2280/86/142 2282/86/144 2281/86/145
f 2281/86/145 2282/86/144 2284/86/146 2283/86/147
f 2283/86/147 2284/86/146 2286/86/193 2285/86/194
f 2285/86/194 2286/86/193 2288/86/150 2287/86/151
f 2287/86/151 2288/86/150 2290/86/152 2289/86/153
f 2289/86/153 2290/86/152 2292/86/154 2291/86/155
f 2291/86/155 2292/86/154 2294/86/195 2293/86/196
f 2293/86/196 2294/86/195 2296/86/158 2295/86/159
f 2295/86/159 2296/86/158 2298/86/160 2297/86/161
f 2297/86/161 2298/86/160 2300/86/162 2299/86/163
f 2299/86/163 2300/86/162 2302/86/164 2301/86/165
f 2301/86/165 2302/86/164 2304/86/166 2303/86/167
f 2303/86/167 2304/86/166 2306/86/168 2305/86/169
f 2305/86/169 2306/86/168 2308/86/170 2307/86/171
f 2307/86/171 2308/86/170 2310/86/172 2309/86/173
f 2309/86/173 2310/86/172 2312/86/174 2311/86/175
f 2311/86/175 2312/86/174 2314/86/176 2313/86/177
f 2313/86/177 2314/86/176 2316/86/178 2315/86/179
f 2315/86/179 2316/86/178 2318/86/180 2317/86/181
f 2260/86/122 2258/86/121 2320/86/182 2318/86/180 2316/86/178 2314/86/176 2312/86/174 2310/86/172 2308/86/170 2306/86/168 2304/86/166 2302/86/164 2300/86/162 2298/86/160 2296/86/158 2294/86/195 2292/86/154 2290/86/152 2288/86/150 2286/86/193 2284/86/146 2282/86/144 2280/86/142 2278/86/140 2276/86/138 2274/86/136 2272/86/134 2270/86/132 2268/86/130 2266/86/128 2264/86/126 2262/86/124
f 2317/86/181 2318/86/180 2320/86/182 2319/86/183
f 2319/86/183 2320/86/182 2258/86/121 2257/86/120
f 2257/86/120 2259/86/123 2261/86/125 2263/86/127 2265/86/129 2267/86/131 2269/86/133 2271/86/135 2273/86/137 2275/86/139 2277/86/141 2279/86/143 2281/86/145 2283/86/147 2285/86/194 2287/86/151 2289/86/153 2291/86/155 2293/86/196 2295/86/159 2297/86/161 2299/86/163 2301/86/165 2303/86/167 2305/86/169 2307/86/171 2309/86/173 2311/86/175 2313/86/177 2315/86/179 2317/86/181 2319/86/183
s 0
f 2321/86/184 2322/86/184 2324/86/184 2323/86/184
f 2323/86/28 2324/86/28 2326/86/28 2325/86/28
f 2325/86/185 2326/86/185 2328/86/185 2327/86/185
f 2327/86/186 2328/86/186 2330/86/186 2329/86/186
f 2324/86/29 2322/86/29 2332/86/29 2330/86/29 2328/86/29 2326/86/29
f 2329/86/30 2330/86/30 2332/86/30 2331/86/30
f 2331/86/187 2332/86/187 2322/86/187 2321/86/187
f 2321/86/40 2323/86/40 2325/86/40 2327/86/40 2329/86/40 2331/86/40
s 1
f 2333/86/120 2334/86/121 2336/86/122 2335/86/123
f 2335/86/123 2336/86/122 2338/86/199 2337/86/188
f 2337/86/188 2338/86/199 2340/86/126 2339/86/127
f 2339/86/127 2340/86/126 2342/86/128 2341/86/129
f 2341/86/129 2342/86/128 2344/86/130 2343/86/131
f 2343/86/131 2344/86/130 2346/86/189 2345/86/190
f 2345/86/190 2346/86/189 2348/86/134 2347/86/135
f 2347/86/135 2348/86/134 2350/86/136 2349/86/137
f 2349/86/137 2350/86/136 2352/86/138 2351/86/139
f 2351/86/139 2352/86/138 2354/86/191 2353/86/192
f 2353/86/192 2354/86/191 2356/86/142 2355/86/143
f 2355/86/143 2356/86/142 2358/86/144 2357/86/145
f 2357/86/145 2358/86/144 2360/86/146 2359/86/147
f 2359/86/147 2360/86/146 2362/86/148 2361/86/149
f 2361/86/149 2362/86/148 2364/86/150 2363/86/151
f 2363/86/151 2364/86/150 2366/86/152 2365/86/153
f 2365/86/153 2366/86/152 2368/86/154 2367/86/155
f 2367/86/155 2368/86/154 2370/86/156 2369/86/157
f 2369/86/157 2370/86/156 2372/86/158 2371/86/159
f 2371/86/159 2372/86/158 2374/86/160 2373/86/161
f 2373/86/161 2374/86/160 2376/86/162 2375/86/163
f 2375/86/163 2376/86/162 2378/86/200 2377/86/201
f 2377/86/201 2378/86/200 2380/86/166 2379/86/167
f 2379/86/167 2380/86/166 2382/86/168 2381/86/169
f 2381/86/169 2382/86/168 2384/86/170 2383/86/171
f 2383/86/171 2384/86/170 2386/86/202 2385/86/203
f 2385/86/203 2386/86/202 2388/86/174 2387/86/175
f 2387/86/175 2388/86/174 2390/86/176 2389/86/177
f 2389/86/177 2390/86/176 2392/86/178 2391/86/179
f 2391/86/179 2392/86/178 2394/86/197 2393/86/198
f 2336/86/122 2334/86/121 2396/86/182 2394/86/197 2392/86/178 2390/86/176 2388/86/174 2386/86/202 2384/86/170 2382/86/168 2380/86/166 2378/86/200 2376/86/162 2374/86/160 2372/86/158 2370/86/156 2368/86/154 2366/86/152 2364/86/150 2362/86/148 2360/86/146 2358/86/144 2356/86/142 2354/86/191 2352/86/138 2350/86/136 2348/86/134 2346/86/189 2344/86/130 2342/86/128 2340/86/126 2338/86/199
f 2393/86/198 2394/86/197 2396/86/182 2395/86/183
f 2395/86/183 2396/86/182 2334/86/121 2333/86/120
f 2333/86/120 2335/86/123 2337/86/188 2339/86/127 2341/86/129 2343/86/131 2345/86/190 2347/86/135 2349/86/137 2351/86/139 2353/86/192 2355/86/143 2357/86/145 2359/86/147 2361/86/149 2363/86/151 2365/86/153 2367/86/155 2369/86/157 2371/86/159 2373/86/161 2375/86/163 2377/86/201 2379/86/167 2381/86/169 2383/86/171 2385/86/203 2387/86/175 2389/86/177 2391/86/179 2393/86/198 2395/86/183
s 0
f 2397/86/184 2398/86/184 2400/86/184 2399/86/184
f 2399/86/28 2400/86/28 2402/86/28 2401/86/28
f 2401/86/185 2402/86/185 2404/86/185 2403/86/185
f 2403/86/186 2404/86/186 2406/86/186 2405/86/186
f 2400/86/29 2398/86/29 2408/86/29 2406/86/29 2404/86/29 2402/86/29
f 2405/86/30 2406/86/30 2408/86/30 2407/86/30
f 2407/86/187 2408/86/187 2398/86/187 2397/86/187
f 2397/86/40 2399/86/40 2401/86/40 2403/86/40 2405/86/40 2407/86/40
s 1
f 2409/86/120 2410/86/121 2412/86/122 2411/86/123
f 2411/86/123 2412/86/122 2414/86/199 2413/86/188
f 2413/86/188 2414/86/199 2416/86/126 2415/86/127
f 2415/86/127 2416/86/126 2418/86/128 2417/86/129
f 2417/86/129 2418/86/128 2420/86/130 2419/86/131
f 2419/86/131 2420/86/130 2422/86/132 2421/86/133
f 2421/86/133 2422/86/132 2424/86/134 2423/86/135
f 2423/86/135 2424/86/134 2426/86/136 2425/86/137
f 2425/86/137 2426/86/136 2428/86/138 2427/86/139
f 2427/86/139 2428/86/138 2430/86/191 2429/86/192
f 2429/86/192 2430/86/191 2432/86/142 2431/86/143
f 2431/86/143 2432/86/142 2434/86/144 2433/86/145
f 2433/86/145 2434/86/144 2436/86/146 2435/86/147
f 2435/86/147 2436/86/146 2438/86/148 2437/86/149
f 2437/86/149 2438/86/148 2440/86/150 2439/86/151
f 2439/86/151 2440/86/150 2442/86/152 2441/86/153
f 2441/86/153 2442/86/152 2444/86/154 2443/86/155
f 2443/86/155 2444/86/154 2446/86/156 2445/86/157
f 2445/86/157 2446/86/156 2448/86/158 2447/86/159
f 2447/86/159 2448/86/158 2450/86/160 2449/86/161
f 2449/86/161 2450/86/160 2452/86/162 2451/86/163
f 2451/86/163 2452/86/162 2454/86/164 2453/86/165
f 2453/86/165 2454/86/164 2456/86/166 2455/86/167
f 2455/86/167 2456/86/166 2458/86/168 2457/86/169
f 2457/86/169 2458/86/168 2460/86/170 2459/86/171
f 2459/86/171 2460/86/170 2462/86/172 2461/86/173
f 2461/86/173 2462/86/172 2464/86/174 2463/86/175
f 2463/86/175 2464/86/174 2466/86/176 2465/86/177
f 2465/86/177 2466/86/176 2468/86/178 2467/86/179
f 2467/86/179 2468/86/178 2470/86/197 2469/86/198
f 2412/86/122 2410/86/121 2472/86/182 2470/86/197 2468/86/178 2466/86/176 2464/86/174 2462/86/172 2460/86/170 2458/86/168 2456/86/166 2454/86/164 2452/86/162 2450/86/160 2448/86/158 2446/86/156 2444/86/154 2442/86/152 2440/86/150 2438/86/148 2436/86/146 2434/86/144 2432/86/142 2430/86/191 2428/86/138 2426/86/136 2424/86/134 2422/86/132 2420/86/130 2418/86/128 2416/86/126 2414/86/199
f 2469/86/198 2470/86/197 2472/86/182 2471/86/183
f 2471/86/183 2472/86/182 2410/86/121 2409/86/120
f 2409/86/120 2411/86/123 2413/86/188 2415/86/127 2417/86/129 2419/86/131 2421/86/133 2423/86/135 2425/86/137 2427/86/139 2429/86/192 2431/86/143 2433/86/145 2435/86/147 2437/86/149 2439/86/151 2441/86/153 2443/86/155 2445/86/157 2447/86/159 2449/86/161 2451/86/163 2453/86/165 2455/86/167 2457/86/169 2459/86/171 2461/86/173 2463/86/175 2465/86/177 2467/86/179 2469/86/198 2471/86/183
s 0
f 2473/86/184 2474/86/184 2476/86/184 2475/86/184
f 2475/86/28 2476/86/28 2478/86/28 2477/86/28
f 2477/86/185 2478/86/185 2480/86/185 2479/86/185
f 2479/86/186 2480/86/186 2482/86/186 2481/86/186
f 2476/86/29 2474/86/29 2484/86/29 2482/86/29 2480/86/29 2478/86/29
f 2481/86/30 2482/86/30 2484/86/30 2483/86/30
f 2483/86/187 2484/86/187 2474/86/187 2473/86/187
f 2473/86/40 2475/86/40 2477/86/40 2479/86/40 2481/86/40 2483/86/40
s 1
f 2485/86/120 2486/86/121 2488/86/122 2487/86/123
f 2487/86/123 2488/86/122 2490/86/124 2489/86/125
f 2489/86/125 2490/86/124 2492/86/126 2491/86/127
f 2491/86/127 2492/86/126 2494/86/128 2493/86/129
f 2493/86/129 2494/86/128 2496/86/130 2495/86/131
f 2495/86/131 2496/86/130 2498/86/132 2497/86/133
f 2497/86/133 2498/86/132 2500/86/134 2499/86/135
f 2499/86/135 2500/86/134 2502/86/136 2501/86/137
f 2501/86/137 2502/86/136 2504/86/138 2503/86/139
f 2503/86/139 2504/86/138 2506/86/140 2505/86/141
f 2505/86/141 2506/86/140 2508/86/142 2507/86/143
f 2507/86/143 2508/86/142 2510/86/144 2509/86/145
f 2509/86/145 2510/86/144 2512/86/146 2511/86/147
f 2511/86/147 2512/86/146 2514/86/193 2513/86/194
f 2513/86/194 2514/86/193 2516/86/150 2515/86/151
f 2515/86/151 2516/86/150 2518/86/152 2517/86/153
f 2517/86/153 2518/86/152 2520/86/154 2519/86/155
f 2519/86/155 2520/86/154 2522/86/195 2521/86/196
f 2521/86/196 2522/86/195 2524/86/158 2523/86/159
f 2523/86/159 2524/86/158 2526/86/160 2525/86/161
f 2525/86/161 2526/86/160 2528/86/162 2527/86/163
f 2527/86/163 2528/86/162 2530/86/164 2529/86/165
f 2529/86/165 2530/86/164 2532/86/166 2531/86/167
f 2531/86/167 2532/86/166 2534/86/168 2533/86/169
f 2533/86/169 2534/86/168 2536/86/170 2535/86/171
f 2535/86/171 2536/86/170 2538/86/172 2537/86/173
f 2537/86/173 2538/86/172 2540/86/174 2539/86/175
f 2539/86/175 2540/86/174 2542/86/176 2541/86/177
f 2541/86/177 2542/86/176 2544/86/178 2543/86/179
f 2543/86/179 2544/86/178 2546/86/180 2545/86/181
f 2488/86/122 2486/86/121 2548/86/182 2546/86/180 2544/86/178 2542/86/176 2540/86/174 2538/86/172 2536/86/170 2534/86/168 2532/86/166 2530/86/164 2528/86/162 2526/86/160 2524/86/158 2522/86/195 2520/86/154 2518/86/152 2516/86/150 2514/86/193 2512/86/146 2510/86/144 2508/86/142 2506/86/140 2504/86/138 2502/86/136 2500/86/134 2498/86/132 2496/86/130 2494/86/128 2492/86/126 2490/86/124
f 2545/86/181 2546/86/180 2548/86/182 2547/86/183
f 2547/86/183 2548/86/182 2486/86/121 2485/86/120
f 2485/86/120 2487/86/123 2489/86/125 2491/86/127 2493/86/129 2495/86/131 2497/86/133 2499/86/135 2501/86/137 2503/86/139 2505/86/141 2507/86/143 2509/86/145 2511/86/147 2513/86/194 2515/86/151 2517/86/153 2519/86/155 2521/86/196 2523/86/159 2525/86/161 2527/86/163 2529/86/165 2531/86/167 2533/86/169 2535/86/171 2537/86/173 2539/86/175 2541/86/177 2543/86/179 2545/86/181 2547/86/183
s 0
f 2549/86/184 2550/86/184 2552/86/184 2551/86/184
f 2551/86/28 2552/86/28 2554/86/28 2553/86/28
f 2553/86/185 2554/86/185 2556/86/185 2555/86/185
f 2555/86/186 2556/86/186 2558/86/186 2557/86/186
f 2552/86/29 2550/86/29 2560/86/29 2558/86/29 2556/86/29 2554/86/29
f 2557/86/30 2558/86/30 2560/86/30 2559/86/30
f 2559/86/187 2560/86/187 2550/86/187 2549/86/187
f 2549/86/40 2551/86/40 2553/86/40 2555/86/40 2557/86/40 2559/86/40
s 1
f 2593/86/120 2594/86/121 2596/86/122 2595/86/123
f 2595/86/123 2596/86/122 2598/86/124 2597/86/125
f 2597/86/125 2598/86/124 2600/86/126 2599/86/127
f 2599/86/127 2600/86/126 2602/86/128 2601/86/129
f 2601/86/129 2602/86/128 2604/86/130 2603/86/131
f 2603/86/131 2604/86/130 2606/86/132 2605/86/133
f 2605/86/133 2606/86/132 2608/86/134 2607/86/135
f 2607/86/135 2608/86/134 2610/86/136 2609/86/137
f 2609/86/137 2610/86/136 2612/86/138 2611/86/139
f 2611/86/139 2612/86/138 2614/86/140 2613/86/141
f 2613/86/141 2614/86/140 2616/86/142 2615/86/143
f 2615/86/143 2616/86/142 2618/86/144 2617/86/145
f 2617/86/145 2618/86/144 2620/86/146 2619/86/147
f 2619/86/147 2620/86/146 2622/86/193 2621/86/194
f 2621/86/194 2622/86/193 2624/86/150 2623/86/151
f 2623/86/151 2624/86/150 2626/86/152 2625/86/153
f 2625/86/153 2626/86/152 2628/86/154 2627/86/155
f 2627/86/155 2628/86/154 2630/86/195 2629/86/196
f 2629/86/196 2630/86/195 2632/86/158 2631/86/159
f 2631/86/159 2632/86/158 2634/86/160 2633/86/161
f 2633/86/161 2634/86/160 2636/86/162 2635/86/163
f 2635/86/163 2636/86/162 2638/86/164 2637/86/165
f 2637/86/165 2638/86/164 2640/86/166 2639/86/167
f 2639/86/167 2640/86/166 2642/86/168 2641/86/169
f 2641/86/169 2642/86/168 2644/86/170 2643/86/171
f 2643/86/171 2644/86/170 2646/86/172 2645/86/173
f 2645/86/173 2646/86/172 2648/86/174 2647/86/175
f 2647/86/175 2648/86/174 2650/86/176 2649/86/177
f 2649/86/177 2650/86/176 2652/86/178 2651/86/179
f 2651/86/179 2652/86/178 2654/86/180 2653/86/181
f 2596/86/122 2594/86/121 2656/86/182 2654/86/180 2652/86/178 2650/86/176 2648/86/174 2646/86/172 2644/86/170 2642/86/168 2640/86/166 2638/86/164 2636/86/162 2634/86/160 2632/86/158 2630/86/195 2628/86/154 2626/86/152 2624/86/150 2622/86/193 2620/86/146 2618/86/144 2616/86/142 2614/86/140 2612/86/138 2610/86/136 2608/86/134 2606/86/132 2604/86/130 2602/86/128 2600/86/126 2598/86/124
f 2653/86/181 2654/86/180 2656/86/182 2655/86/183
f 2655/86/183 2656/86/182 2594/86/121 2593/86/120
f 2593/86/120 2595/86/123 2597/86/125 2599/86/127 2601/86/129 2603/86/131 2605/86/133 2607/86/135 2609/86/137 2611/86/139 2613/86/141 2615/86/143 2617/86/145 2619/86/147 2621/86/194 2623/86/151 2625/86/153 2627/86/155 2629/86/196 2631/86/159 2633/86/161 2635/86/163 2637/86/165 2639/86/167 2641/86/169 2643/86/171 2645/86/173 2647/86/175 2649/86/177 2651/86/179 2653/86/181 2655/86/183
s 0
f 2657/86/184 2658/86/184 2660/86/184 2659/86/184
f 2659/86/28 2660/86/28 2662/86/28 2661/86/28
f 2661/86/185 2662/86/185 2664/86/185 2663/86/185
f 2663/86/186 2664/86/186 2666/86/186 2665/86/186
f 2660/86/29 2658/86/29 2668/86/29 2666/86/29 2664/86/29 2662/86/29
f 2665/86/30 2666/86/30 2668/86/30 2667/86/30
f 2667/86/187 2668/86/187 2658/86/187 2657/86/187
f 2657/86/40 2659/86/40 2661/86/40 2663/86/40 2665/86/40 2667/86/40
s 1
f 2669/86/120 2670/86/121 2672/86/122 2671/86/123
f 2671/86/123 2672/86/122 2674/86/199 2673/86/188
f 2673/86/188 2674/86/199 2676/86/126 2675/86/127
f 2675/86/127 2676/86/126 2678/86/128 2677/86/129
f 2677/86/129 2678/86/128 2680/86/130 2679/86/131
f 2679/86/131 2680/86/130 2682/86/132 2681/86/133
f 2681/86/133 2682/86/132 2684/86/134 2683/86/135
f 2683/86/135 2684/86/134 2686/86/136 2685/86/137
f 2685/86/137 2686/86/136 2688/86/138 2687/86/139
f 2687/86/139 2688/86/138 2690/86/191 2689/86/192
f 2689/86/192 2690/86/191 2692/86/142 2691/86/143
f 2691/86/143 2692/86/142 2694/86/144 2693/86/145
f 2693/86/145 2694/86/144 2696/86/146 2695/86/147
f 2695/86/147 2696/86/146 2698/86/148 2697/86/149
f 2697/86/149 2698/86/148 2700/86/150 2699/86/151
f 2699/86/151 2700/86/150 2702/86/152 2701/86/153
f 2701/86/153 2702/86/152 2704/86/154 2703/86/155
f 2703/86/155 2704/86/154 2706/86/156 2705/86/157
f 2705/86/157 2706/86/156 2708/86/158 2707/86/159
f 2707/86/159 2708/86/158 2710/86/160 2709/86/161
f 2709/86/161 2710/86/160 2712/86/162 2711/86/163
f 2711/86/163 2712/86/162 2714/86/164 2713/86/165
f 2713/86/165 2714/86/164 2716/86/166 2715/86/167
f 2715/86/167 2716/86/166 2718/86/168 2717/86/169
f 2717/86/169 2718/86/168 2720/86/170 2719/86/171
f 2719/86/171 2720/86/170 2722/86/172 2721/86/173
f 2721/86/173 2722/86/172 2724/86/174 2723/86/175
f 2723/86/175 2724/86/174 2726/86/176 2725/86/177
f 2725/86/177 2726/86/176 2728/86/178 2727/86/179
f 2727/86/179 2728/86/178 2730/86/197 2729/86/198
f 2672/86/122 2670/86/121 2732/86/182 2730/86/197 2728/86/178 2726/86/176 2724/86/174 2722/86/172 2720/86/170 2718/86/168 2716/86/166 2714/86/164 2712/86/162 2710/86/160 2708/86/158 2706/86/156 2704/86/154 2702/86/152 2700/86/150 2698/86/148 2696/86/146 2694/86/144 2692/86/142 2690/86/191 2688/86/138 2686/86/136 2684/86/134 2682/86/132 2680/86/130 2678/86/128 2676/86/126 2674/86/199
f 2729/86/198 2730/86/197 2732/86/182 2731/86/183
f 2731/86/183 2732/86/182 2670/86/121 2669/86/120
f 2669/86/120 2671/86/123 2673/86/188 2675/86/127 2677/86/129 2679/86/131 2681/86/133 2683/86/135 2685/86/137 2687/86/139 2689/86/192 2691/86/143 2693/86/145 2695/86/147 2697/86/149 2699/86/151 2701/86/153 2703/86/155 2705/86/157 2707/86/159 2709/86/161 2711/86/163 2713/86/165 2715/86/167 2717/86/169 2719/86/171 2721/86/173 2723/86/175 2725/86/177 2727/86/179 2729/86/198 2731/86/183
s 0
f 2733/86/184 2734/86/184 2736/86/184 2735/86/184
f 2735/86/28 2736/86/28 2738/86/28 2737/86/28
f 2737/86/185 2738/86/185 2740/86/185 2739/86/185
f 2739/86/186 2740/86/186 2742/86/186 2741/86/186
f 2736/86/29 2734/86/29 2744/86/29 2742/86/29 2740/86/29 2738/86/29
f 2741/86/30 2742/86/30 2744/86/30 2743/86/30
f 2743/86/187 2744/86/187 2734/86/187 2733/86/187
f 2733/86/40 2735/86/40 2737/86/40 2739/86/40 2741/86/40 2743/86/40
s 1
f 2745/86/120 2746/86/121 2748/86/122 2747/86/123
f 2747/86/123 2748/86/122 2750/86/124 2749/86/125
f 2749/86/125 2750/86/124 2752/86/126 2751/86/127
f 2751/86/127 2752/86/126 2754/86/128 2753/86/129
f 2753/86/129 2754/86/128 2756/86/130 2755/86/131
f 2755/86/131 2756/86/130 2758/86/189 2757/86/190
f 2757/86/190 2758/86/189 2760/86/134 2759/86/135
f 2759/86/135 2760/86/134 2762/86/136 2761/86/137
f 2761/86/137 2762/86/136 2764/86/138 2763/86/139
f 2763/86/139 2764/86/138 2766/86/140 2765/86/141
f 2765/86/141 2766/86/140 2768/86/142 2767/86/143
f 2767/86/143 2768/86/142 2770/86/144 2769/86/145
f 2769/86/145 2770/86/144 2772/86/146 2771/86/147
f 2771/86/147 2772/86/146 2774/86/148 2773/86/149
f 2773/86/149 2774/86/148 2776/86/150 2775/86/151
f 2775/86/151 2776/86/150 2778/86/152 2777/86/153
f 2777/86/153 2778/86/152 2780/86/154 2779/86/155
f 2779/86/155 2780/86/154 2782/86/156 2781/86/157
f 2781/86/157 2782/86/156 2784/86/158 2783/86/159
f 2783/86/159 2784/86/158 2786/86/160 2785/86/161
f 2785/86/161 2786/86/160 2788/86/162 2787/86/163
f 2787/86/163 2788/86/162 2790/86/164 2789/86/165
f 2789/86/165 2790/86/164 2792/86/166 2791/86/167
f 2791/86/167 2792/86/166 2794/86/168 2793/86/169
f 2793/86/169 2794/86/168 2796/86/170 2795/86/171
f 2795/86/171 2796/86/170 2798/86/172 2797/86/173
f 2797/86/173 2798/86/172 2800/86/174 2799/86/175
f 2799/86/175 2800/86/174 2802/86/176 2801/86/177
f 2801/86/177 2802/86/176 2804/86/178 2803/86/179
f 2803/86/179 2804/86/178 2806/86/180 2805/86/181
f 2748/86/122 2746/86/121 2808/86/182 2806/86/180 2804/86/178 2802/86/176 2800/86/174 2798/86/172 2796/86/170 2794/86/168 2792/86/166 2790/86/164 2788/86/162 2786/86/160 2784/86/158 2782/86/156 2780/86/154 2778/86/152 2776/86/150 2774/86/148 2772/86/146 2770/86/144 2768/86/142 2766/86/140 2764/86/138 2762/86/136 2760/86/134 2758/86/189 2756/86/130 2754/86/128 2752/86/126 2750/86/124
f 2805/86/181 2806/86/180 2808/86/182 2807/86/183
f 2807/86/183 2808/86/182 2746/86/121 2745/86/120
f 2745/86/120 2747/86/123 2749/86/125 2751/86/127 2753/86/129 2755/86/131 2757/86/190 2759/86/135 2761/86/137 2763/86/139 2765/86/141 2767/86/143 2769/86/145 2771/86/147 2773/86/149 2775/86/151 2777/86/153 2779/86/155 2781/86/157 2783/86/159 2785/86/161 2787/86/163 2789/86/165 2791/86/167 2793/86/169 2795/86/171 2797/86/173 2799/86/175 2801/86/177 2803/86/179 2805/86/181 2807/86/183
s 0
f 2809/86/184 2810/86/184 2812/86/184 2811/86/184
f 2811/86/28 2812/86/28 2814/86/28 2813/86/28
f 2813/86/185 2814/86/185 2816/86/185 2815/86/185
f 2815/86/186 2816/86/186 2818/86/186 2817/86/186
f 2812/86/29 2810/86/29 2820/86/29 2818/86/29 2816/86/29 2814/86/29
f 2817/86/30 2818/86/30 2820/86/30 2819/86/30
f 2819/86/187 2820/86/187 2810/86/187 2809/86/187
f 2809/86/40 2811/86/40 2813/86/40 2815/86/40 2817/86/40 2819/86/40
s 1
f 2821/86/120 2822/86/121 2824/86/122 2823/86/123
f 2823/86/123 2824/86/122 2826/86/124 2825/86/125
f 2825/86/125 2826/86/124 2828/86/126 2827/86/127
f 2827/86/127 2828/86/126 2830/86/128 2829/86/129
f 2829/86/129 2830/86/128 2832/86/130 2831/86/131
f 2831/86/131 2832/86/130 2834/86/132 2833/86/133
f 2833/86/133 2834/86/132 2836/86/134 2835/86/135
f 2835/86/135 2836/86/134 2838/86/136 2837/86/137
f 2837/86/137 2838/86/136 2840/86/138 2839/86/139
f 2839/86/139 2840/86/138 2842/86/140 2841/86/141
f 2841/86/141 2842/86/140 2844/86/142 2843/86/143
f 2843/86/143 2844/86/142 2846/86/144 2845/86/145
f 2845/86/145 2846/86/144 2848/86/146 2847/86/147
f 2847/86/147 2848/86/146 2850/86/193 2849/86/194
f 2849/86/194 2850/86/193 2852/86/150 2851/86/151
f 2851/86/151 2852/86/150 2854/86/152 2853/86/153
f 2853/86/153 2854/86/152 2856/86/154 2855/86/155
f 2855/86/155 2856/86/154 2858/86/195 2857/86/196
f 2857/86/196 2858/86/195 2860/86/158 2859/86/159
f 2859/86/159 2860/86/158 2862/86/160 2861/86/161
f 2861/86/161 2862/86/160 2864/86/162 2863/86/163
f 2863/86/163 2864/86/162 2866/86/164 2865/86/165
f 2865/86/165 2866/86/164 2868/86/166 2867/86/167
f 2867/86/167 2868/86/166 2870/86/168 2869/86/169
f 2869/86/169 2870/86/168 2872/86/170 2871/86/171
f 2871/86/171 2872/86/170 2874/86/172 2873/86/173
f 2873/86/173 2874/86/172 2876/86/174 2875/86/175
f 2875/86/175 2876/86/174 2878/86/176 2877/86/177
f 2877/86/177 2878/86/176 2880/86/178 2879/86/179
f 2879/86/179 2880/86/178 2882/86/180 2881/86/181
f 2824/86/122 2822/86/121 2884/86/182 2882/86/180 2880/86/178 2878/86/176 2876/86/174 2874/86/172 2872/86/170 2870/86/168 2868/86/166 2866/86/164 2864/86/162 2862/86/160 2860/86/158 2858/86/195 2856/86/154 2854/86/152 2852/86/150 2850/86/193 2848/86/146 2846/86/144 2844/86/142 2842/86/140 2840/86/138 2838/86/136 2836/86/134 2834/86/132 2832/86/130 2830/86/128 2828/86/126 2826/86/124
f 2881/86/181 2882/86/180 2884/86/182 2883/86/183
f 2883/86/183 2884/86/182 2822/86/121 2821/86/120
f 2821/86/120 2823/86/123 2825/86/125 2827/86/127 2829/86/129 2831/86/131 2833/86/133 2835/86/135 2837/86/137 2839/86/139 2841/86/141 2843/86/143 2845/86/145 2847/86/147 2849/86/194 2851/86/151 2853/86/153 2855/86/155 2857/86/196 2859/86/159 2861/86/161 2863/86/163 2865/86/165 2867/86/167 2869/86/169 2871/86/171 2873/86/173 2875/86/175 2877/86/177 2879/86/179 2881/86/181 2883/86/183
s 0
f 2885/86/184 2886/86/184 2888/86/184 2887/86/184
f 2887/86/28 2888/86/28 2890/86/28 2889/86/28
f 2889/86/185 2890/86/185 2892/86/185 2891/86/185
f 2891/86/186 2892/86/186 2894/86/186 2893/86/186
f 2888/86/29 2886/86/29 2896/86/29 2894/86/29 2892/86/29 2890/86/29
f 2893/86/30 2894/86/30 2896/86/30 2895/86/30
f 2895/86/187 2896/86/187 2886/86/187 2885/86/187
f 2885/86/40 2887/86/40 2889/86/40 2891/86/40 2893/86/40 2895/86/40
s 1
usemtl Material.010
f 114/86/60 111/86/61 112/86/62 117/86/63
f 117/86/63 119/86/64 116/86/65 114/86/60
f 119/86/64 120/86/66 115/86/67 116/86/65
f 120/86/66 118/86/68 113/86/69 115/86/67
f 109/86/70 113/86/69 118/86/68 110/86/71
f 127/86/72 126/86/73 123/86/74 124/86/75
f 126/86/73 127/86/72 128/86/76 125/86/77
f 125/86/77 128/86/76 130/86/78 129/86/79
f 129/86/79 130/86/78 132/86/80 131/86/81
f 121/86/82 122/86/83 131/86/81 132/86/80
f 113/86/69 109/86/70 121/86/82 132/86/80
f 119/86/64 117/86/63 126/86/73 125/86/77
f 118/86/68 120/86/66 129/86/79 131/86/81
f 120/86/66 119/86/64 125/86/77 129/86/79
f 110/86/71 118/86/68 131/86/81 122/86/83
f 115/86/67 113/86/69 132/86/80 130/86/78
f 109/86/70 110/86/71 122/86/83 121/86/82
f 116/86/65 115/86/67 130/86/78 128/86/76
f 111/86/61 114/86/60 127/86/72 124/86/75
f 114/86/60 116/86/65 128/86/76 127/86/72
f 112/86/62 111/86/61 124/86/75 123/86/74
f 117/86/63 112/86/62 123/86/74 126/86/73
s 0
usemtl Legmat
f 151/86/40 152/86/40 143/86/40 144/86/40 147/86/40 148/86/40 155/86/40 156/86/40
f 156/86/30 153/86/30 150/86/30 151/86/30
f 168/86/31 165/86/31 158/86/31 159/86/31
f 148/86/27 145/86/27 154/86/27 155/86/27
f 141/86/29 142/86/29 149/86/29 150/86/29 153/86/29 154/86/29 145/86/29 146/86/29
f 144/86/28 141/86/28 146/86/28 147/86/28
f 167/86/40 168/86/40 159/86/40 160/86/40 163/86/40 164/86/40 171/86/40 172/86/40
f 172/86/30 169/86/30 166/86/30 167/86/30
f 184/86/31 181/86/31 174/86/31 175/86/31
f 164/86/27 161/86/27 170/86/27 171/86/27
f 157/86/29 158/86/29 165/86/29 166/86/29 169/86/29 170/86/29 161/86/29 162/86/29
f 160/86/28 157/86/28 162/86/28 163/86/28
f 183/86/40 184/86/40 175/86/40 176/86/40 179/86/40 180/86/40 187/86/40 188/86/40
f 188/86/30 185/86/30 182/86/30 183/86/30
f 200/86/31 197/86/31 190/86/31 191/86/31
f 180/86/27 177/86/27 186/86/27 187/86/27
f 173/86/29 174/86/29 181/86/29 182/86/29 185/86/29 186/86/29 177/86/29 178/86/29
f 176/86/28 173/86/28 178/86/28 179/86/28
f 199/86/40 200/86/40 191/86/40 192/86/40 195/86/40 196/86/40 203/86/40 204/86/40
f 204/86/30 201/86/30 198/86/30 199/86/30
f 196/86/27 193/86/27 202/86/27 203/86/27
f 189/86/29 190/86/29 197/86/29 198/86/29 201/86/29 202/86/29 193/86/29 194/86/29
f 192/86/28 189/86/28 194/86/28 195/86/28
f 141/86/84 144/86/84 143/86/84 142/86/84
f 155/86/85 154/86/85 153/86/85 156/86/85
f 145/86/86 148/86/86 147/86/86 146/86/86
f 149/86/87 152/86/87 151/86/87 150/86/87
f 157/86/84 160/86/84 159/86/84 158/86/84
f 171/86/85 170/86/85 169/86/85 172/86/85
f 161/86/86 164/86/86 163/86/86 162/86/86
f 165/86/87 168/86/87 167/86/87 166/86/87
f 173/86/84 176/86/84 175/86/84 174/86/84
f 187/86/85 186/86/85 185/86/85 188/86/85
f 177/86/86 180/86/86 179/86/86 178/86/86
f 181/86/87 184/86/87 183/86/87 182/86/87
f 189/86/84 192/86/84 191/86/84 190/86/84
f 203/86/85 202/86/85 201/86/85 204/86/85
f 193/86/86 196/86/86 195/86/86 194/86/86
f 197/86/87 200/86/87 199/86/87 198/86/87
f 152/86/31 149/86/31 142/86/31 143/86/31
s 1
f 1570/86/88 1573/86/89 1558/86/90 1553/86/91
f 1578/86/92 1581/86/93 1574/86/94 1569/86/95
f 1581/86/93 1583/86/96 1584/86/97 1582/86/98 1565/86/99 1567/86/100 1568/86/101 1566/86/102 1557/86/103 1559/86/104 1560/86/105 1558/86/90 1573/86/89 1575/86/106 1576/86/107 1574/86/94
f 1554/86/108 1557/86/103 1566/86/102 1561/86/109
f 1562/86/110 1565/86/99 1582/86/98 1577/86/111
f 1553/86/91 1558/86/90 1560/86/105 1555/86/112
f 1555/86/112 1560/86/105 1559/86/104 1556/86/113
f 1556/86/113 1559/86/104 1557/86/103 1554/86/108
f 1565/86/99 1562/86/110 1564/86/114 1567/86/100
f 1567/86/100 1564/86/114 1563/86/115 1568/86/101
f 1568/86/101 1563/86/115 1561/86/109 1566/86/102
f 1581/86/93 1578/86/92 1580/86/116 1583/86/96
f 1583/86/96 1580/86/116 1579/86/117 1584/86/97
f 1584/86/97 1579/86/117 1577/86/111 1582/86/98
f 1573/86/89 1570/86/88 1572/86/118 1575/86/106
f 1575/86/106 1572/86/118 1571/86/119 1576/86/107
f 1576/86/107 1571/86/119 1569/86/95 1574/86/94
f 1561/86/109 1563/86/115 1564/86/114 1562/86/110 1577/86/111 1579/86/117 1580/86/116 1578/86/92 1569/86/95 1571/86/119 1572/86/118 1570/86/88 1553/86/91 1555/86/112 1556/86/113 1554/86/108
f 1906/86/88 1909/86/89 1894/86/90 1889/86/91
f 1914/86/92 1917/86/93 1910/86/94 1905/86/95
f 1917/86/93 1919/86/96 1920/86/97 1918/86/98 1901/86/99 1903/86/100 1904/86/101 1902/86/102 1893/86/103 1895/86/104 1896/86/105 1894/86/90 1909/86/89 1911/86/106 1912/86/107 1910/86/94
f 1890/86/108 1893/86/103 1902/86/102 1897/86/109
f 1898/86/110 1901/86/99 1918/86/98 1913/86/111
f 1889/86/91 1894/86/90 1896/86/105 1891/86/112
f 1891/86/112 1896/86/105 1895/86/104 1892/86/113
f 1892/86/113 1895/86/104 1893/86/103 1890/86/108
f 1901/86/99 1898/86/110 1900/86/114 1903/86/100
f 1903/86/100 1900/86/114 1899/86/115 1904/86/101
f 1904/86/101 1899/86/115 1897/86/109 1902/86/102
f 1917/86/93 1914/86/92 1916/86/116 1919/86/96
f 1919/86/96 1916/86/116 1915/86/117 1920/86/97
f 1920/86/97 1915/86/117 1913/86/111 1918/86/98
f 1909/86/89 1906/86/88 1908/86/118 1911/86/106
f 1911/86/106 1908/86/118 1907/86/119 1912/86/107
f 1912/86/107 1907/86/119 1905/86/95 1910/86/94
f 1897/86/109 1899/86/115 1900/86/114 1898/86/110 1913/86/111 1915/86/117 1916/86/116 1914/86/92 1905/86/95 1907/86/119 1908/86/118 1906/86/88 1889/86/91 1891/86/112 1892/86/113 1890/86/108
f 2242/86/88 2245/86/89 2230/86/90 2225/86/91
f 2250/86/92 2253/86/93 2246/86/94 2241/86/95
f 2253/86/93 2255/86/96 2256/86/97 2254/86/98 2237/86/99 2239/86/100 2240/86/101 2238/86/102 2229/86/103 2231/86/104 2232/86/105 2230/86/90 2245/86/89 2247/86/106 2248/86/107 2246/86/94
f 2226/86/108 2229/86/103 2238/86/102 2233/86/109
f 2234/86/110 2237/86/99 2254/86/98 2249/86/111
f 2225/86/91 2230/86/90 2232/86/105 2227/86/112
f 2227/86/112 2232/86/105 2231/86/104 2228/86/113
f 2228/86/113 2231/86/104 2229/86/103 2226/86/108
f 2237/86/99 2234/86/110 2236/86/114 2239/86/100
f 2239/86/100 2236/86/114 2235/86/115 2240/86/101
f 2240/86/101 2235/86/115 2233/86/109 2238/86/102
f 2253/86/93 2250/86/92 2252/86/116 2255/86/96
f 2255/86/96 2252/86/116 2251/86/117 2256/86/97
f 2256/86/97 2251/86/117 2249/86/111 2254/86/98
f 2245/86/89 2242/86/88 2244/86/118 2247/86/106
f 2247/86/106 2244/86/118 2243/86/119 2248/86/107
f 2248/86/107 2243/86/119 2241/86/95 2246/86/94
f 2233/86/109 2235/86/115 2236/86/114 2234/86/110 2249/86/111 2251/86/117 2252/86/116 2250/86/92 2241/86/95 2243/86/119 2244/86/118 2242/86/88 2225/86/91 2227/86/112 2228/86/113 2226/86/108
f 2578/86/88 2581/86/89 2566/86/90 2561/86/91
f 2586/86/92 2589/86/93 2582/86/94 2577/86/95
f 2589/86/93 2591/86/96 2592/86/97 2590/86/98 2573/86/99 2575/86/100 2576/86/101 2574/86/102 2565/86/103 2567/86/104 2568/86/105 2566/86/90 2581/86/89 2583/86/106 2584/86/107 2582/86/94
f 2562/86/108 2565/86/103 2574/86/102 2569/86/109
f 2570/86/110 2573/86/99 2590/86/98 2585/86/111
f 2561/86/91 2566/86/90 2568/86/105 2563/86/112
f 2563/86/112 2568/86/105 2567/86/104 2564/86/113
f 2564/86/113 2567/86/104 2565/86/103 2562/86/108
f 2573/86/99 2570/86/110 2572/86/114 2575/86/100
f 2575/86/100 2572/86/114 2571/86/115 2576/86/101
f 2576/86/101 2571/86/115 2569/86/109 2574/86/102
f 2589/86/93 2586/86/92 2588/86/116 2591/86/96
f 2591/86/96 2588/86/116 2587/86/117 2592/86/97
f 2592/86/97 2587/86/117 2585/86/111 2590/86/98
f 2581/86/89 2578/86/88 2580/86/118 2583/86/106
f 2583/86/106 2580/86/118 2579/86/119 2584/86/107
f 2584/86/107 2579/86/119 2577/86/95 2582/86/94
f 2569/86/109 2571/86/115 2572/86/114 2570/86/110 2585/86/111 2587/86/117 2588/86/116 2586/86/92 2577/86/95 2579/86/119 2580/86/118 2578/86/88 2561/86/91 2563/86/112 2564/86/113 2562/86/108
s 0
f 2907/86/40 2908/86/40 2899/86/40 2900/86/40 2903/86/40 2904/86/40 2911/86/40 2912/86/40
f 2912/86/30 2909/86/30 2906/86/30 2907/86/30
f 2924/86/31 2921/86/31 2914/86/31 2915/86/31
f 2904/86/27 2901/86/27 2910/86/27 2911/86/27
f 2897/86/29 2898/86/29 2905/86/29 2906/86/29 2909/86/29 2910/86/29 2901/86/29 2902/86/29
f 2900/86/28 2897/86/28 2902/86/28 2903/86/28
f 2923/86/40 2924/86/40 2915/86/40 2916/86/40 2919/86/40 2920/86/40 2927/86/40 2928/86/40
f 2928/86/30 2925/86/30 2922/86/30 2923/86/30
f 2940/86/31 2937/86/31 2930/86/31 2931/86/31
f 2920/86/27 2917/86/27 2926/86/27 2927/86/27
f 2913/86/29 2914/86/29 2921/86/29 2922/86/29 2925/86/29 2926/86/29 2917/86/29 2918/86/29
f 2916/86/28 2913/86/28 2918/86/28 2919/86/28
f 2939/86/40 2940/86/40 2931/86/40 2932/86/40 2935/86/40 2936/86/40 2943/86/40 2944/86/40
f 2944/86/30 2941/86/30 2938/86/30 2939/86/30
f 2956/86/31 2953/86/31 2946/86/31 2947/86/31
f 2936/86/27 2933/86/27 2942/86/27 2943/86/27
f 2929/86/29 2930/86/29 2937/86/29 2938/86/29 2941/86/29 2942/86/29 2933/86/29 2934/86/29
f 2932/86/28 2929/86/28 2934/86/28 2935/86/28
f 2955/86/40 2956/86/40 2947/86/40 2948/86/40 2951/86/40 2952/86/40 2959/86/40 2960/86/40
f 2960/86/30 2957/86/30 2954/86/30 2955/86/30
f 2952/86/27 2949/86/27 2958/86/27 2959/86/27
f 2945/86/29 2946/86/29 2953/86/29 2954/86/29 2957/86/29 2958/86/29 2949/86/29 2950/86/29
f 2948/86/28 2945/86/28 2950/86/28 2951/86/28
f 2897/86/84 2900/86/84 2899/86/84 2898/86/84
f 2911/86/85 2910/86/85 2909/86/85 2912/86/85
f 2901/86/86 2904/86/86 2903/86/86 2902/86/86
f 2905/86/87 2908/86/87 2907/86/87 2906/86/87
f 2913/86/84 2916/86/84 2915/86/84 2914/86/84
f 2927/86/85 2926/86/85 2925/86/85 2928/86/85
f 2917/86/86 2920/86/86 2919/86/86 2918/86/86
f 2921/86/87 2924/86/87 2923/86/87 2922/86/87
f 2929/86/84 2932/86/84 2931/86/84 2930/86/84
f 2943/86/85 2942/86/85 2941/86/85 2944/86/85
f 2933/86/86 2936/86/86 2935/86/86 2934/86/86
f 2937/86/87 2940/86/87 2939/86/87 2938/86/87
f 2945/86/84 2948/86/84 2947/86/84 2946/86/84
f 2959/86/85 2958/86/85 2957/86/85 2960/86/85
f 2949/86/86 2952/86/86 2951/86/86 2950/86/86
f 2953/86/87 2956/86/87 2955/86/87 2954/86/87
f 2908/86/31 2905/86/31 2898/86/31 2899/86/31
usemtl Material.003
f 1549/86/29 1550/86/29 1552/86/29 1551/86/29
usemtl 
f 2961/86/204 2962/86/204 2964/86/204 2963/86/204
f 2963/86/205 2964/86/205 2966/86/205 2965/86/205
f 2965/86/206 2966/86/206 2968/86/206 2967/86/206
f 2967/86/207 2968/86/207 2970/86/207 2969/86/207
f 2969/86/208 2970/86/208 2972/86/208 2971/86/208
f 2971/86/209 2972/86/209 2974/86/209 2973/86/209
f 2973/86/210 2974/86/210 2976/86/210 2975/86/210
f 2975/86/211 2976/86/211 2978/86/211 2977/86/211
f 2977/86/212 2978/86/212 2980/86/212 2979/86/212
f 2979/86/213 2980/86/213 2982/86/213 2981/86/213
f 2981/86/214 2982/86/214 2984/86/214 2983/86/214
f 2983/86/215 2984/86/215 2986/86/215 2985/86/215
f 2985/86/216 2986/86/216 2988/86/216 2987/86/216
f 2987/86/217 2988/86/217 2990/86/217 2989/86/217
f 2989/86/218 2990/86/218 2992/86/218 2991/86/218
f 2991/86/219 2992/86/219 2994/86/219 2993/86/219
f 2993/86/220 2994/86/220 2996/86/220 2995/86/220
f 2995/86/221 2996/86/221 2998/86/221 2997/86/221
f 2997/86/222 2998/86/222 3000/86/222 2999/86/222
f 2999/86/223 3000/86/223 3002/86/223 3001/86/223
f 3001/86/224 3002/86/224 3004/86/224 3003/86/224
f 3003/86/225 3004/86/225 3006/86/225 3005/86/225
f 3005/86/226 3006/86/226 3008/86/226 3007/86/226
f 3007/86/227 3008/86/227 3010/86/227 3009/86/227
f 3009/86/228 3010/86/228 3012/86/228 3011/86/228
f 3011/86/229 3012/86/229 3014/86/229 3013/86/229
f 3013/86/230 3014/86/230 3016/86/230 3015/86/230
f 3015/86/231 3016/86/231 3018/86/231 3017/86/231
f 3017/86/232 3018/86/232 3020/86/232 3019/86/232
f 3019/86/233 3020/86/233 3022/86/233 3021/86/233
f 2964/86/29 2962/86/29 3024/86/29 3022/86/29 3020/86/29 3018/86/29 3016/86/29 3014/86/29 3012/86/29 3010/86/29 3008/86/29 3006/86/29 3004/86/29 3002/86/29 3000/86/29 2998/86/29 2996/86/29 2994/86/29 2992/86/29 2990/86/29 2988/86/29 2986/86/29 2984/86/29 2982/86/29 2980/86/29 2978/86/29 2976/86/29 2974/86/29 2972/86/29 2970/86/29 2968/86/29 2966/86/29
f 3021/86/234 3022/86/234 3024/86/234 3023/86/234
f 3023/86/235 3024/86/235 2962/86/235 2961/86/235
f 2961/86/40 2963/86/40 2965/86/40 2967/86/40 2969/86/40 2971/86/40 2973/86/40 2975/86/40 2977/86/40 2979/86/40 2981/86/40 2983/86/40 2985/86/40 2987/86/40 2989/86/40 2991/86/40 2993/86/40 2995/86/40 2997/86/40 2999/86/40 3001/86/40 3003/86/40 3005/86/40 3007/86/40 3009/86/40 3011/86/40 3013/86/40 3015/86/40 3017/86/40 3019/86/40 3021/86/40 3023/86/40
f 3025/86/204 3026/86/204 3028/86/204 3027/86/204
f 3027/86/205 3028/86/205 3030/86/205 3029/86/205
f 3029/86/206 3030/86/206 3032/86/206 3031/86/206
f 3031/86/207 3032/86/207 3034/86/207 3033/86/207
f 3033/86/208 3034/86/208 3036/86/208 3035/86/208
f 3035/86/209 3036/86/209 3038/86/209 3037/86/209
f 3037/86/210 3038/86/210 3040/86/210 3039/86/210
f 3039/86/211 3040/86/211 3042/86/211 3041/86/211
f 3041/86/212 3042/86/212 3044/86/212 3043/86/212
f 3043/86/213 3044/86/213 3046/86/213 3045/86/213
f 3045/86/214 3046/86/214 3048/86/214 3047/86/214
f 3047/86/215 3048/86/215 3050/86/215 3049/86/215
f 3049/86/216 3050/86/216 3052/86/216 3051/86/216
f 3051/86/217 3052/86/217 3054/86/217 3053/86/217
f 3053/86/218 3054/86/218 3056/86/218 3055/86/218
f 3055/86/219 3056/86/219 3058/86/219 3057/86/219
f 3057/86/220 3058/86/220 3060/86/220 3059/86/220
f 3059/86/221 3060/86/221 3062/86/221 3061/86/221
f 3061/86/222 3062/86/222 3064/86/222 3063/86/222
f 3063/86/223 3064/86/223 3066/86/223 3065/86/223
f 3065/86/224 3066/86/224 3068/86/224 3067/86/224
f 3067/86/225 3068/86/225 3070/86/225 3069/86/225
f 3069/86/226 3070/86/226 3072/86/226 3071/86/226
f 3071/86/227 3072/86/227 3074/86/227 3073/86/227
f 3073/86/228 3074/86/228 3076/86/228 3075/86/228
f 3075/86/229 3076/86/229 3078/86/229 3077/86/229
f 3077/86/230 3078/86/230 3080/86/230 3079/86/230
f 3079/86/231 3080/86/231 3082/86/231 3081/86/231
f 3081/86/232 3082/86/232 3084/86/232 3083/86/232
f 3083/86/233 3084/86/233 3086/86/233 3085/86/233
f 3028/86/29 3026/86/29 3088/86/29 3086/86/29 3084/86/29 3082/86/29 3080/86/29 3078/86/29 3076/86/29 3074/86/29 3072/86/29 3070/86/29 3068/86/29 3066/86/29 3064/86/29 3062/86/29 3060/86/29 3058/86/29 3056/86/29 3054/86/29 3052/86/29 3050/86/29 3048/86/29 3046/86/29 3044/86/29 3042/86/29 3040/86/29 3038/86/29 3036/86/29 3034/86/29 3032/86/29 3030/86/29
f 3085/86/234 3086/86/234 3088/86/234 3087/86/234
f 3087/86/235 3088/86/235 3026/86/235 3025/86/235
f 3025/86/40 3027/86/40 3029/86/40 3031/86/40 3033/86/40 3035/86/40 3037/86/40 3039/86/40 3041/86/40 3043/86/40 3045/86/40 3047/86/40 3049/86/40 3051/86/40 3053/86/40 3055/86/40 3057/86/40 3059/86/40 3061/86/40 3063/86/40 3065/86/40 3067/86/40 3069/86/40 3071/86/40 3073/86/40 3075/86/40 3077/86/40 3079/86/40 3081/86/40 3083/86/40 3085/86/40 3087/86/40
f 3089/86/204 3090/86/204 3092/86/204 3091/86/204
f 3091/86/205 3092/86/205 3094/86/205 3093/86/205
f 3093/86/206 3094/86/206 3096/86/206 3095/86/206
f 3095/86/207 3096/86/207 3098/86/207 3097/86/207
f 3097/86/208 3098/86/208 3100/86/208 3099/86/208
f 3099/86/209 3100/86/209 3102/86/209 3101/86/209
f 3101/86/210 3102/86/210 3104/86/210 3103/86/210
f 3103/86/211 3104/86/211 3106/86/211 3105/86/211
f 3105/86/212 3106/86/212 3108/86/212 3107/86/212
f 3107/86/213 3108/86/213 3110/86/213 3109/86/213
f 3109/86/214 3110/86/214 3112/86/214 3111/86/214
f 3111/86/215 3112/86/215 3114/86/215 3113/86/215
f 3113/86/216 3114/86/216 3116/86/216 3115/86/216
f 3115/86/217 3116/86/217 3118/86/217 3117/86/217
f 3117/86/218 3118/86/218 3120/86/218 3119/86/218
f 3119/86/219 3120/86/219 3122/86/219 3121/86/219
f 3121/86/220 3122/86/220 3124/86/220 3123/86/220
f 3123/86/221 3124/86/221 3126/86/221 3125/86/221
f 3125/86/222 3126/86/222 3128/86/222 3127/86/222
f 3127/86/223 3128/86/223 3130/86/223 3129/86/223
f 3129/86/224 3130/86/224 3132/86/224 3131/86/224
f 3131/86/225 3132/86/225 3134/86/225 3133/86/225
f 3133/86/226 3134/86/226 3136/86/226 3135/86/226
f 3135/86/227 3136/86/227 3138/86/227 3137/86/227
f 3137/86/228 3138/86/228 3140/86/228 3139/86/228
f 3139/86/229 3140/86/229 3142/86/229 3141/86/229
f 3141/86/230 3142/86/230 3144/86/230 3143/86/230
f 3143/86/231 3144/86/231 3146/86/231 3145/86/231
f 3145/86/232 3146/86/232 3148/86/232 3147/86/232
f 3147/86/233 3148/86/233 3150/86/233 3149/86/233
f 3092/86/29 3090/86/29 3152/86/29 3150/86/29 3148/86/29 3146/86/29 3144/86/29 3142/86/29 3140/86/29 3138/86/29 3136/86/29 3134/86/29 3132/86/29 3130/86/29 3128/86/29 3126/86/29 3124/86/29 3122/86/29 3120/86/29 3118/86/29 3116/86/29 3114/86/29 3112/86/29 3110/86/29 3108/86/29 3106/86/29 3104/86/29 3102/86/29 3100/86/29 3098/86/29 3096/86/29 3094/86/29
f 3149/86/234 3150/86/234 3152/86/234 3151/86/234
f 3151/86/235 3152/86/235 3090/86/235 3089/86/235
f 3089/86/40 3091/86/40 3093/86/40 3095/86/40 3097/86/40 3099/86/40 3101/86/40 3103/86/40 3105/86/40 3107/86/40 3109/86/40 3111/86/40 3113/86/40 3115/86/40 3117/86/40 3119/86/40 3121/86/40 3123/86/40 3125/86/40 3127/86/40 3129/86/40 3131/86/40 3133/86/40 3135/86/40 3137/86/40 3139/86/40 3141/86/40 3143/86/40 3145/86/40 3147/86/40 3149/86/40 3151/86/40
f 3153/86/204 3154/86/204 3156/86/204 3155/86/204
f 3155/86/205 3156/86/205 3158/86/205 3157/86/205
f 3157/86/206 3158/86/206 3160/86/206 3159/86/206
f 3159/86/207 3160/86/207 3162/86/207 3161/86/207
f 3161/86/208 3162/86/208 3164/86/208 3163/86/208
f 3163/86/209 3164/86/209 3166/86/209 3165/86/209
f 3165/86/210 3166/86/210 3168/86/210 3167/86/210
f 3167/86/211 3168/86/211 3170/86/211 3169/86/211
f 3169/86/212 3170/86/212 3172/86/212 3171/86/212
f 3171/86/213 3172/86/213 3174/86/213 3173/86/213
f 3173/86/214 3174/86/214 3176/86/214 3175/86/214
f 3175/86/215 3176/86/215 3178/86/215 3177/86/215
f 3177/86/216 3178/86/216 3180/86/216 3179/86/216
f 3179/86/217 3180/86/217 3182/86/217 3181/86/217
f 3181/86/218 3182/86/218 3184/86/218 3183/86/218
f 3183/86/219 3184/86/219 3186/86/219 3185/86/219
f 3185/86/220 3186/86/220 3188/86/220 3187/86/220
f 3187/86/221 3188/86/221 3190/86/221 3189/86/221
f 3189/86/222 3190/86/222 3192/86/222 3191/86/222
f 3191/86/223 3192/86/223 3194/86/223 3193/86/223
f 3193/86/224 3194/86/224 3196/86/224 3195/86/224
f 3195/86/225 3196/86/225 3198/86/225 3197/86/225
f 3197/86/226 3198/86/226 3200/86/226 3199/86/226
f 3199/86/227 3200/86/227 3202/86/227 3201/86/227
f 3201/86/228 3202/86/228 3204/86/228 3203/86/228
f 3203/86/229 3204/86/229 3206/86/229 3205/86/229
f 3205/86/230 3206/86/230 3208/86/230 3207/86/230
f 3207/86/231 3208/86/231 3210/86/231 3209/86/231
f 3209/86/232 3210/86/232 3212/86/232 3211/86/232
f 3211/86/233 3212/86/233 3214/86/233 3213/86/233
f 3156/86/29 3154/86/29 3216/86/29 3214/86/29 3212/86/29 3210/86/29 3208/86/29 3206/86/29 3204/86/29 3202/86/29 3200/86/29 3198/86/29 3196/86/29 3194/86/29 3192/86/29 3190/86/29 3188/86/29 3186/86/29 3184/86/29 3182/86/29 3180/86/29 3178/86/29 3176/86/29 3174/86/29 3172/86/29 3170/86/29 3168/86/29 3166/86/29 3164/86/29 3162/86/29 3160/86/29 3158/86/29
f 3213/86/234 3214/86/234 3216/86/234 3215/86/234
f 3215/86/235 3216/86/235 3154/86/235 3153/86/235
f 3153/86/40 3155/86/40 3157/86/40 3159/86/40 3161/86/40 3163/86/40 3165/86/40 3167/86/40 3169/86/40 3171/86/40 3173/86/40 3175/86/40 3177/86/40 3179/86/40 3181/86/40 3183/86/40 3185/86/40 3187/86/40 3189/86/40 3191/86/40 3193/86/40 3195/86/40 3197/86/40 3199/86/40 3201/86/40 3203/86/40 3205/86/40 3207/86/40 3209/86/40 3211/86/40 3213/86/40 3215/86/40
o Text
v 3.842194 3.306013 0.208415
v 3.842194 3.394984 0.208415
v 3.901277 3.394984 0.208415
v 3.901277 3.306013 0.208415
v 3.894326 3.312964 0.208415
v 3.894326 3.388033 0.208415
v 3.849145 3.388033 0.208415
v 3.849145 3.312964 0.208415
v 3.772685 3.306013 0.208415
v 3.772685 3.394984 0.208415
v 3.831768 3.394984 0.208415
v 3.831768 3.306013 0.208415
v 3.824817 3.312964 0.208415
v 3.824817 3.388033 0.208415
v 3.779636 3.388033 0.208415
v 3.779636 3.312964 0.208415
v 3.703176 3.306013 0.208415
v 3.703176 3.394984 0.208415
v 3.762259 3.394984 0.208415
v 3.762259 3.306013 0.208415
v 3.755308 3.312964 0.208415
v 3.755308 3.388033 0.208415
v 3.710127 3.388033 0.208415
v 3.710127 3.312964 0.208415
v 3.633667 3.306013 0.208415
v 3.633667 3.394984 0.208415
v 3.692750 3.394984 0.208415
v 3.692750 3.306013 0.208415
v 3.685799 3.312964 0.208415
v 3.685799 3.388033 0.208415
v 3.640618 3.388033 0.208415
v 3.640618 3.312964 0.208415
v 3.564157 3.306013 0.208415
v 3.564157 3.394984 0.208415
v 3.623240 3.394984 0.208415
v 3.623240 3.306013 0.208415
v 3.616289 3.312964 0.208415
v 3.616289 3.388033 0.208415
v 3.571108 3.388033 0.208415
v 3.571108 3.312964 0.208415
v 3.494648 3.306013 0.208415
v 3.494648 3.394984 0.208415
v 3.553731 3.394984 0.208415
v 3.553731 3.306013 0.208415
v 3.546780 3.312964 0.208415
v 3.546780 3.388033 0.208415
v 3.501599 3.388033 0.208415
v 3.501599 3.312964 0.208415
v 3.425139 3.306013 0.208415
v 3.425139 3.394984 0.208415
v 3.484222 3.394984 0.208415
v 3.484222 3.306013 0.208415
v 3.477271 3.312964 0.208415
v 3.477271 3.388033 0.208415
v 3.432090 3.388033 0.208415
v 3.432090 3.312964 0.208415
v 3.355630 3.306013 0.208415
v 3.355630 3.394984 0.208415
v 3.414713 3.394984 0.208415
v 3.414713 3.306013 0.208415
v 3.407762 3.312964 0.208415
v 3.407762 3.388033 0.208415
v 3.362581 3.388033 0.208415
v 3.362581 3.312964 0.208415
v 3.286121 3.306013 0.208415
v 3.286121 3.394984 0.208415
v 3.345204 3.394984 0.208415
v 3.345204 3.306013 0.208415
v 3.338253 3.312964 0.208415
v 3.338253 3.388033 0.208415
v 3.293072 3.388033 0.208415
v 3.293072 3.312964 0.208415
v 3.216612 3.306013 0.208415
v 3.216612 3.394984 0.208415
v 3.275695 3.394984 0.208415
v 3.275695 3.306013 0.208415
v 3.268744 3.312964 0.208415
v 3.268744 3.388033 0.208415
v 3.223563 3.388033 0.208415
v 3.223563 3.312964 0.208415
v 3.147103 3.306013 0.208415
v 3.147103 3.394984 0.208415
v 3.206186 3.394984 0.208415
v 3.206186 3.306013 0.208415
v 3.199235 3.312964 0.208415
v 3.199235 3.388033 0.208415
v 3.154054 3.388033 0.208415
v 3.154054 3.312964 0.208415
v 3.077594 3.306013 0.208415
v 3.077594 3.394984 0.208415
v 3.136677 3.394984 0.208415
v 3.136677 3.306013 0.208415
v 3.129725 3.312964 0.208415
v 3.129725 3.388033 0.208415
v 3.084545 3.388033 0.208415
v 3.084545 3.312964 0.208415
v 3.008085 3.306013 0.208415
v 3.008085 3.394984 0.208415
v 3.067167 3.394984 0.208415
v 3.067167 3.306013 0.208415
v 3.060216 3.312964 0.208415
v 3.060216 3.388033 0.208415
v 3.015036 3.388033 0.208415
v 3.015036 3.312964 0.208415
v 2.938576 3.306013 0.208415
v 2.938576 3.394984 0.208415
v 2.997658 3.394984 0.208415
v 2.997658 3.306013 0.208415
v 2.990707 3.312964 0.208415
v 2.990707 3.388033 0.208415
v 2.945527 3.388033 0.208415
v 2.945527 3.312964 0.208415
v 2.869066 3.306013 0.208415
v 2.869066 3.394984 0.208415
v 2.928149 3.394984 0.208415
v 2.928149 3.306013 0.208415
v 2.921198 3.312964 0.208415
v 2.921198 3.388033 0.208415
v 2.876017 3.388033 0.208415
v 2.876017 3.312964 0.208415
v 2.799557 3.306013 0.208415
v 2.799557 3.394984 0.208415
v 2.858640 3.394984 0.208415
v 2.858640 3.306013 0.208415
v 2.851689 3.312964 0.208415
v 2.851689 3.388033 0.208415
v 2.806508 3.388033 0.208415
v 2.806508 3.312964 0.208415
v 2.730048 3.306013 0.208415
v 2.730048 3.394984 0.208415
v 2.789131 3.394984 0.208415
v 2.789131 3.306013 0.208415
v 2.782180 3.312964 0.208415
v 2.782180 3.388033 0.208415
v 2.736999 3.388033 0.208415
v 2.736999 3.312964 0.208415
v 2.660539 3.306013 0.208415
v 2.660539 3.394984 0.208415
v 2.719622 3.394984 0.208415
v 2.719622 3.306013 0.208415
v 2.712671 3.312964 0.208415
v 2.712671 3.388033 0.208415
v 2.667490 3.388033 0.208415
v 2.667490 3.312964 0.208415
v 2.591030 3.306013 0.208415
v 2.591030 3.394984 0.208415
v 2.650113 3.394984 0.208415
v 2.650113 3.306013 0.208415
v 2.643162 3.312964 0.208415
v 2.643162 3.388033 0.208415
v 2.597981 3.388033 0.208415
v 2.597981 3.312964 0.208415
v 2.521521 3.306013 0.208415
v 2.521521 3.394984 0.208415
v 2.580604 3.394984 0.208415
v 2.580604 3.306013 0.208415
v 2.573653 3.312964 0.208415
v 2.573653 3.388033 0.208415
v 2.528472 3.388033 0.208415
v 2.528472 3.312964 0.208415
v 2.452012 3.306013 0.208415
v 2.452012 3.394984 0.208415
v 2.511095 3.394984 0.208415
v 2.511095 3.306013 0.208415
v 2.504144 3.312964 0.208415
v 2.504144 3.388033 0.208415
v 2.458963 3.388033 0.208415
v 2.458963 3.312964 0.208415
v 2.382503 3.306013 0.208415
v 2.382503 3.394984 0.208415
v 2.441586 3.394984 0.208415
v 2.441586 3.306013 0.208415
v 2.434635 3.312964 0.208415
v 2.434635 3.388033 0.208415
v 2.389454 3.388033 0.208415
v 2.389454 3.312964 0.208415
v 2.312994 3.306013 0.208415
v 2.312994 3.394984 0.208415
v 2.372076 3.394984 0.208415
v 2.372076 3.306013 0.208415
v 2.365125 3.312964 0.208415
v 2.365125 3.388033 0.208415
v 2.319945 3.388033 0.208415
v 2.319945 3.312964 0.208415
v 2.243484 3.306013 0.208415
v 2.243484 3.394984 0.208415
v 2.302567 3.394984 0.208415
v 2.302567 3.306013 0.208415
v 2.295616 3.312964 0.208415
v 2.295616 3.388033 0.208415
v 2.250435 3.388033 0.208415
v 2.250435 3.312964 0.208415
v 2.173975 3.306013 0.208415
v 2.173975 3.394984 0.208415
v 2.233058 3.394984 0.208415
v 2.233058 3.306013 0.208415
v 2.226107 3.312964 0.208415
v 2.226107 3.388033 0.208415
v 2.180926 3.388033 0.208415
v 2.180926 3.312964 0.208415
v 2.104466 3.306013 0.208415
v 2.104466 3.394984 0.208415
v 2.163549 3.394984 0.208415
v 2.163549 3.306013 0.208415
v 2.156598 3.312964 0.208415
v 2.156598 3.388033 0.208415
v 2.111417 3.388033 0.208415
v 2.111417 3.312964 0.208415
v 2.034957 3.306013 0.208415
v 2.034957 3.394984 0.208415
v 2.094040 3.394984 0.208415
v 2.094040 3.306013 0.208415
v 2.087089 3.312964 0.208415
v 2.087089 3.388033 0.208415
v 2.041908 3.388033 0.208415
v 2.041908 3.312964 0.208415
v 1.965448 3.306013 0.208415
v 1.965448 3.394984 0.208415
v 2.024531 3.394984 0.208415
v 2.024531 3.306013 0.208415
v 2.017580 3.312964 0.208415
v 2.017580 3.388033 0.208415
v 1.972399 3.388033 0.208415
v 1.972399 3.312964 0.208415
v 3.842194 3.445031 0.208415
v 3.842194 3.534003 0.208415
v 3.901277 3.534003 0.208415
v 3.901277 3.445031 0.208415
v 3.894326 3.451982 0.208415
v 3.894326 3.527052 0.208415
v 3.849145 3.527052 0.208415
v 3.849145 3.451982 0.208415
v 3.772685 3.445031 0.208415
v 3.772685 3.534003 0.208415
v 3.831768 3.534003 0.208415
v 3.831768 3.445031 0.208415
v 3.824817 3.451982 0.208415
v 3.824817 3.527052 0.208415
v 3.779636 3.527052 0.208415
v 3.779636 3.451982 0.208415
v 3.633667 3.445031 0.208415
v 3.633667 3.534003 0.208415
v 3.692750 3.534003 0.208415
v 3.692750 3.445031 0.208415
v 3.685799 3.451982 0.208415
v 3.685799 3.527052 0.208415
v 3.640618 3.527052 0.208415
v 3.640618 3.451982 0.208415
v 3.564157 3.445031 0.208415
v 3.564157 3.534003 0.208415
v 3.623240 3.534003 0.208415
v 3.623240 3.445031 0.208415
v 3.616289 3.451982 0.208415
v 3.616289 3.527052 0.208415
v 3.571108 3.527052 0.208415
v 3.571108 3.451982 0.208415
v 3.494648 3.445031 0.208415
v 3.494648 3.534003 0.208415
v 3.553731 3.534003 0.208415
v 3.553731 3.445031 0.208415
v 3.546780 3.451982 0.208415
v 3.546780 3.527052 0.208415
v 3.501599 3.527052 0.208415
v 3.501599 3.451982 0.208415
v 3.355630 3.445031 0.208415
v 3.355630 3.534003 0.208415
v 3.414713 3.534003 0.208415
v 3.414713 3.445031 0.208415
v 3.407762 3.451982 0.208415
v 3.407762 3.527052 0.208415
v 3.362581 3.527052 0.208415
v 3.362581 3.451982 0.208415
v 3.286121 3.445031 0.208415
v 3.286121 3.534003 0.208415
v 3.345204 3.534003 0.208415
v 3.345204 3.445031 0.208415
v 3.338253 3.451982 0.208415
v 3.338253 3.527052 0.208415
v 3.293072 3.527052 0.208415
v 3.293072 3.451982 0.208415
v 3.216612 3.445031 0.208415
v 3.216612 3.534003 0.208415
v 3.275695 3.534003 0.208415
v 3.275695 3.445031 0.208415
v 3.268744 3.451982 0.208415
v 3.268744 3.527052 0.208415
v 3.223563 3.527052 0.208415
v 3.223563 3.451982 0.208415
v 3.147103 3.445031 0.208415
v 3.147103 3.534003 0.208415
v 3.206186 3.534003 0.208415
v 3.206186 3.445031 0.208415
v 3.199235 3.451982 0.208415
v 3.199235 3.527052 0.208415
v 3.154054 3.527052 0.208415
v 3.154054 3.451982 0.208415
v 3.077594 3.445031 0.208415
v 3.077594 3.534003 0.208415
v 3.136677 3.534003 0.208415
v 3.136677 3.445031 0.208415
v 3.129725 3.451982 0.208415
v 3.129725 3.527052 0.208415
v 3.084545 3.527052 0.208415
v 3.084545 3.451982 0.208415
v 3.008085 3.445031 0.208415
v 3.008085 3.534003 0.208415
v 3.067167 3.534003 0.208415
v 3.067167 3.445031 0.208415
v 3.060216 3.451982 0.208415
v 3.060216 3.527052 0.208415
v 3.015036 3.527052 0.208415
v 3.015036 3.451982 0.208415
v 2.869066 3.445031 0.208415
v 2.869066 3.534003 0.208415
v 2.928149 3.534003 0.208415
v 2.928149 3.445031 0.208415
v 2.921198 3.451982 0.208415
v 2.921198 3.527052 0.208415
v 2.876017 3.527052 0.208415
v 2.876017 3.451982 0.208415
v 2.799557 3.445031 0.208415
v 2.799557 3.534003 0.208415
v 2.858640 3.534003 0.208415
v 2.858640 3.445031 0.208415
v 2.851689 3.451982 0.208415
v 2.851689 3.527052 0.208415
v 2.806508 3.527052 0.208415
v 2.806508 3.451982 0.208415
v 2.730048 3.445031 0.208415
v 2.730048 3.534003 0.208415
v 2.789131 3.534003 0.208415
v 2.789131 3.445031 0.208415
v 2.782180 3.451982 0.208415
v 2.782180 3.527052 0.208415
v 2.736999 3.527052 0.208415
v 2.736999 3.451982 0.208415
v 2.591030 3.445031 0.208415
v 2.591030 3.534003 0.208415
v 2.650113 3.534003 0.208415
v 2.650113 3.445031 0.208415
v 2.643162 3.451982 0.208415
v 2.643162 3.527052 0.208415
v 2.597981 3.527052 0.208415
v 2.597981 3.451982 0.208415
v 2.521521 3.445031 0.208415
v 2.521521 3.534003 0.208415
v 2.580604 3.534003 0.208415
v 2.580604 3.445031 0.208415
v 2.573653 3.451982 0.208415
v 2.573653 3.527052 0.208415
v 2.528472 3.527052 0.208415
v 2.528472 3.451982 0.208415
v 2.452012 3.445031 0.208415
v 2.452012 3.534003 0.208415
v 2.511095 3.534003 0.208415
v 2.511095 3.445031 0.208415
v 2.504144 3.451982 0.208415
v 2.504144 3.527052 0.208415
v 2.458963 3.527052 0.208415
v 2.458963 3.451982 0.208415
v 2.382503 3.445031 0.208415
v 2.382503 3.534003 0.208415
v 2.441586 3.534003 0.208415
v 2.441586 3.445031 0.208415
v 2.434635 3.451982 0.208415
v 2.434635 3.527052 0.208415
v 2.389454 3.527052 0.208415
v 2.389454 3.451982 0.208415
v 2.312994 3.445031 0.208415
v 2.312994 3.534003 0.208415
v 2.372076 3.534003 0.208415
v 2.372076 3.445031 0.208415
v 2.365125 3.451982 0.208415
v 2.365125 3.527052 0.208415
v 2.319945 3.527052 0.208415
v 2.319945 3.451982 0.208415
v 2.243484 3.445031 0.208415
v 2.243484 3.534003 0.208415
v 2.302567 3.534003 0.208415
v 2.302567 3.445031 0.208415
v 2.295616 3.451982 0.208415
v 2.295616 3.527052 0.208415
v 2.250435 3.527052 0.208415
v 2.250435 3.451982 0.208415
v 2.173975 3.445031 0.208415
v 2.173975 3.534003 0.208415
v 2.233058 3.534003 0.208415
v 2.233058 3.445031 0.208415
v 2.226107 3.451982 0.208415
v 2.226107 3.527052 0.208415
v 2.180926 3.527052 0.208415
v 2.180926 3.451982 0.208415
v 2.104466 3.445031 0.208415
v 2.104466 3.534003 0.208415
v 2.163549 3.534003 0.208415
v 2.163549 3.445031 0.208415
v 2.156598 3.451982 0.208415
v 2.156598 3.527052 0.208415
v 2.111417 3.527052 0.208415
v 2.111417 3.451982 0.208415
v 2.034957 3.445031 0.208415
v 2.034957 3.534003 0.208415
v 2.094040 3.534003 0.208415
v 2.094040 3.445031 0.208415
v 2.087089 3.451982 0.208415
v 2.087089 3.527052 0.208415
v 2.041908 3.527052 0.208415
v 2.041908 3.451982 0.208415
v 1.965448 3.445031 0.208415
v 1.965448 3.534003 0.208415
v 2.024531 3.534003 0.208415
v 2.024531 3.445031 0.208415
v 2.017580 3.451982 0.208415
v 2.017580 3.527052 0.208415
v 1.972399 3.527052 0.208415
v 1.972399 3.451982 0.208415
v 3.216612 3.584049 0.208415
v 3.216612 3.673021 0.208415
v 3.275695 3.673021 0.208415
v 3.275695 3.584049 0.208415
v 3.268744 3.591000 0.208415
v 3.268744 3.666070 0.208415
v 3.223563 3.666070 0.208415
v 3.223563 3.591000 0.208415
v 3.147103 3.584049 0.208415
v 3.147103 3.673021 0.208415
v 3.206186 3.673021 0.208415
v 3.206186 3.584049 0.208415
v 3.199235 3.591000 0.208415
v 3.199235 3.666070 0.208415
v 3.154054 3.666070 0.208415
v 3.154054 3.591000 0.208415
v 3.077594 3.584049 0.208415
v 3.077594 3.673021 0.208415
v 3.136677 3.673021 0.208415
v 3.136677 3.584049 0.208415
v 3.129725 3.591000 0.208415
v 3.129725 3.666070 0.208415
v 3.084545 3.666070 0.208415
v 3.084545 3.591000 0.208415
v 3.008085 3.584049 0.208415
v 3.008085 3.673021 0.208415
v 3.067167 3.673021 0.208415
v 3.067167 3.584049 0.208415
v 3.060216 3.591000 0.208415
v 3.060216 3.666070 0.208415
v 3.015036 3.666070 0.208415
v 3.015036 3.591000 0.208415
v 2.730048 3.584049 0.208415
v 2.730048 3.673021 0.208415
v 2.789131 3.673021 0.208415
v 2.789131 3.584049 0.208415
v 2.782180 3.591000 0.208415
v 2.782180 3.666070 0.208415
v 2.736999 3.666070 0.208415
v 2.736999 3.591000 0.208415
v 2.660539 3.584049 0.208415
v 2.660539 3.673021 0.208415
v 2.719622 3.673021 0.208415
v 2.719622 3.584049 0.208415
v 2.712671 3.591000 0.208415
v 2.712671 3.666070 0.208415
v 2.667490 3.666070 0.208415
v 2.667490 3.591000 0.208415
v 2.591030 3.584049 0.208415
v 2.591030 3.673021 0.208415
v 2.650113 3.673021 0.208415
v 2.650113 3.584049 0.208415
v 2.643162 3.591000 0.208415
v 2.643162 3.666070 0.208415
v 2.597981 3.666070 0.208415
v 2.597981 3.591000 0.208415
v 2.521521 3.584049 0.208415
v 2.521521 3.673021 0.208415
v 2.580604 3.673021 0.208415
v 2.580604 3.584049 0.208415
v 2.573653 3.591000 0.208415
v 2.573653 3.666070 0.208415
v 2.528472 3.666070 0.208415
v 2.528472 3.591000 0.208415
v 2.382503 3.584049 0.208415
v 2.382503 3.673021 0.208415
v 2.441586 3.673021 0.208415
v 2.441586 3.584049 0.208415
v 2.434635 3.591000 0.208415
v 2.434635 3.666070 0.208415
v 2.389454 3.666070 0.208415
v 2.389454 3.591000 0.208415
v 2.312994 3.584049 0.208415
v 2.312994 3.673021 0.208415
v 2.372076 3.673021 0.208415
v 2.372076 3.584049 0.208415
v 2.365125 3.591000 0.208415
v 2.365125 3.666070 0.208415
v 2.319945 3.666070 0.208415
v 2.319945 3.591000 0.208415
v 2.173975 3.584049 0.208415
v 2.173975 3.673021 0.208415
v 2.233058 3.673021 0.208415
v 2.233058 3.584049 0.208415
v 2.226107 3.591000 0.208415
v 2.226107 3.666070 0.208415
v 2.180926 3.666070 0.208415
v 2.180926 3.591000 0.208415
v 2.104466 3.584049 0.208415
v 2.104466 3.673021 0.208415
v 2.163549 3.673021 0.208415
v 2.163549 3.584049 0.208415
v 2.156598 3.591000 0.208415
v 2.156598 3.666070 0.208415
v 2.111417 3.666070 0.208415
v 2.111417 3.591000 0.208415
v 2.034957 3.584049 0.208415
v 2.034957 3.673021 0.208415
v 2.094040 3.673021 0.208415
v 2.094040 3.584049 0.208415
v 2.087089 3.591000 0.208415
v 2.087089 3.666070 0.208415
v 2.041908 3.666070 0.208415
v 2.041908 3.591000 0.208415
v 1.965448 3.584049 0.208415
v 1.965448 3.673021 0.208415
v 2.024531 3.673021 0.208415
v 2.024531 3.584049 0.208415
v 2.017580 3.591000 0.208415
v 2.017580 3.666070 0.208415
v 1.972399 3.666070 0.208415
v 1.972399 3.591000 0.208415
v 4.745812 3.723067 0.208415
v 4.745812 3.812039 0.208415
v 4.804895 3.812039 0.208415
v 4.804895 3.723067 0.208415
v 4.797944 3.730018 0.208415
v 4.797944 3.805088 0.208415
v 4.752764 3.805088 0.208415
v 4.752764 3.730018 0.208415
v 4.676303 3.723067 0.208415
v 4.676303 3.812039 0.208415
v 4.735386 3.812039 0.208415
v 4.735386 3.723067 0.208415
v 4.728435 3.730018 0.208415
v 4.728435 3.805088 0.208415
v 4.683254 3.805088 0.208415
v 4.683254 3.730018 0.208415
v 4.606794 3.723067 0.208415
v 4.606794 3.812039 0.208415
v 4.665877 3.812039 0.208415
v 4.665877 3.723067 0.208415
v 4.658926 3.730018 0.208415
v 4.658926 3.805088 0.208415
v 4.613745 3.805088 0.208415
v 4.613745 3.730018 0.208415
v 4.537285 3.723067 0.208415
v 4.537285 3.812039 0.208415
v 4.596368 3.812039 0.208415
v 4.596368 3.723067 0.208415
v 4.589417 3.730018 0.208415
v 4.589417 3.805088 0.208415
v 4.544236 3.805088 0.208415
v 4.544236 3.730018 0.208415
v 4.467776 3.723067 0.208415
v 4.467776 3.812039 0.208415
v 4.526859 3.812039 0.208415
v 4.526859 3.723067 0.208415
v 4.519908 3.730018 0.208415
v 4.519908 3.805088 0.208415
v 4.474727 3.805088 0.208415
v 4.474727 3.730018 0.208415
v 4.398267 3.723067 0.208415
v 4.398267 3.812039 0.208415
v 4.457350 3.812039 0.208415
v 4.457350 3.723067 0.208415
v 4.450399 3.730018 0.208415
v 4.450399 3.805088 0.208415
v 4.405218 3.805088 0.208415
v 4.405218 3.730018 0.208415
v 4.328758 3.723067 0.208415
v 4.328758 3.812039 0.208415
v 4.387841 3.812039 0.208415
v 4.387841 3.723067 0.208415
v 4.380889 3.730018 0.208415
v 4.380889 3.805088 0.208415
v 4.335709 3.805088 0.208415
v 4.335709 3.730018 0.208415
v 4.259249 3.723067 0.208415
v 4.259249 3.812039 0.208415
v 4.318332 3.812039 0.208415
v 4.318332 3.723067 0.208415
v 4.311380 3.730018 0.208415
v 4.311380 3.805088 0.208415
v 4.266200 3.805088 0.208415
v 4.266200 3.730018 0.208415
v 4.189740 3.723067 0.208415
v 4.189740 3.812039 0.208415
v 4.248823 3.812039 0.208415
v 4.248823 3.723067 0.208415
v 4.241871 3.730018 0.208415
v 4.241871 3.805088 0.208415
v 4.196691 3.805088 0.208415
v 4.196691 3.730018 0.208415
v 4.120231 3.723067 0.208415
v 4.120231 3.812039 0.208415
v 4.179313 3.812039 0.208415
v 4.179313 3.723067 0.208415
v 4.172362 3.730018 0.208415
v 4.172362 3.805088 0.208415
v 4.127182 3.805088 0.208415
v 4.127182 3.730018 0.208415
v 4.050721 3.723067 0.208415
v 4.050721 3.812039 0.208415
v 4.109804 3.812039 0.208415
v 4.109804 3.723067 0.208415
v 4.102853 3.730018 0.208415
v 4.102853 3.805088 0.208415
v 4.057673 3.805088 0.208415
v 4.057673 3.730018 0.208415
v 3.981212 3.723067 0.208415
v 3.981212 3.812039 0.208415
v 4.040295 3.812039 0.208415
v 4.040295 3.723067 0.208415
v 4.033344 3.730018 0.208415
v 4.033344 3.805088 0.208415
v 3.988163 3.805088 0.208415
v 3.988163 3.730018 0.208415
v 3.911703 3.723067 0.208415
v 3.911703 3.812039 0.208415
v 3.970786 3.812039 0.208415
v 3.970786 3.723067 0.208415
v 3.963835 3.730018 0.208415
v 3.963835 3.805088 0.208415
v 3.918654 3.805088 0.208415
v 3.918654 3.730018 0.208415
v 3.842194 3.723067 0.208415
v 3.842194 3.812039 0.208415
v 3.901277 3.812039 0.208415
v 3.901277 3.723067 0.208415
v 3.894326 3.730018 0.208415
v 3.894326 3.805088 0.208415
v 3.849145 3.805088 0.208415
v 3.849145 3.730018 0.208415
v 3.772685 3.723067 0.208415
v 3.772685 3.812039 0.208415
v 3.831768 3.812039 0.208415
v 3.831768 3.723067 0.208415
v 3.824817 3.730018 0.208415
v 3.824817 3.805088 0.208415
v 3.779636 3.805088 0.208415
v 3.779636 3.730018 0.208415
v 3.703176 3.723067 0.208415
v 3.703176 3.812039 0.208415
v 3.762259 3.812039 0.208415
v 3.762259 3.723067 0.208415
v 3.755308 3.730018 0.208415
v 3.755308 3.805088 0.208415
v 3.710127 3.805088 0.208415
v 3.710127 3.730018 0.208415
v 3.633667 3.723067 0.208415
v 3.633667 3.812039 0.208415
v 3.692750 3.812039 0.208415
v 3.692750 3.723067 0.208415
v 3.685799 3.730018 0.208415
v 3.685799 3.805088 0.208415
v 3.640618 3.805088 0.208415
v 3.640618 3.730018 0.208415
v 3.564157 3.723067 0.208415
v 3.564157 3.812039 0.208415
v 3.623240 3.812039 0.208415
v 3.623240 3.723067 0.208415
v 3.616289 3.730018 0.208415
v 3.616289 3.805088 0.208415
v 3.571108 3.805088 0.208415
v 3.571108 3.730018 0.208415
v 3.494648 3.723067 0.208415
v 3.494648 3.812039 0.208415
v 3.553731 3.812039 0.208415
v 3.553731 3.723067 0.208415
v 3.546780 3.730018 0.208415
v 3.546780 3.805088 0.208415
v 3.501599 3.805088 0.208415
v 3.501599 3.730018 0.208415
v 3.425139 3.723067 0.208415
v 3.425139 3.812039 0.208415
v 3.484222 3.812039 0.208415
v 3.484222 3.723067 0.208415
v 3.477271 3.730018 0.208415
v 3.477271 3.805088 0.208415
v 3.432090 3.805088 0.208415
v 3.432090 3.730018 0.208415
v 3.355630 3.723067 0.208415
v 3.355630 3.812039 0.208415
v 3.414713 3.812039 0.208415
v 3.414713 3.723067 0.208415
v 3.407762 3.730018 0.208415
v 3.407762 3.805088 0.208415
v 3.362581 3.805088 0.208415
v 3.362581 3.730018 0.208415
v 3.286121 3.723067 0.208415
v 3.286121 3.812039 0.208415
v 3.345204 3.812039 0.208415
v 3.345204 3.723067 0.208415
v 3.338253 3.730018 0.208415
v 3.338253 3.805088 0.208415
v 3.293072 3.805088 0.208415
v 3.293072 3.730018 0.208415
v 3.216612 3.723067 0.208415
v 3.216612 3.812039 0.208415
v 3.275695 3.812039 0.208415
v 3.275695 3.723067 0.208415
v 3.268744 3.730018 0.208415
v 3.268744 3.805088 0.208415
v 3.223563 3.805088 0.208415
v 3.223563 3.730018 0.208415
v 3.147103 3.723067 0.208415
v 3.147103 3.812039 0.208415
v 3.206186 3.812039 0.208415
v 3.206186 3.723067 0.208415
v 3.199235 3.730018 0.208415
v 3.199235 3.805088 0.208415
v 3.154054 3.805088 0.208415
v 3.154054 3.730018 0.208415
v 3.077594 3.723067 0.208415
v 3.077594 3.812039 0.208415
v 3.136677 3.812039 0.208415
v 3.136677 3.723067 0.208415
v 3.129725 3.730018 0.208415
v 3.129725 3.805088 0.208415
v 3.084545 3.805088 0.208415
v 3.084545 3.730018 0.208415
v 3.008085 3.723067 0.208415
v 3.008085 3.812039 0.208415
v 3.067167 3.812039 0.208415
v 3.067167 3.723067 0.208415
v 3.060216 3.730018 0.208415
v 3.060216 3.805088 0.208415
v 3.015036 3.805088 0.208415
v 3.015036 3.730018 0.208415
v 2.938576 3.723067 0.208415
v 2.938576 3.812039 0.208415
v 2.997658 3.812039 0.208415
v 2.997658 3.723067 0.208415
v 2.990707 3.730018 0.208415
v 2.990707 3.805088 0.208415
v 2.945527 3.805088 0.208415
v 2.945527 3.730018 0.208415
v 2.869066 3.723067 0.208415
v 2.869066 3.812039 0.208415
v 2.928149 3.812039 0.208415
v 2.928149 3.723067 0.208415
v 2.921198 3.730018 0.208415
v 2.921198 3.805088 0.208415
v 2.876017 3.805088 0.208415
v 2.876017 3.730018 0.208415
v 2.799557 3.723067 0.208415
v 2.799557 3.812039 0.208415
v 2.858640 3.812039 0.208415
v 2.858640 3.723067 0.208415
v 2.851689 3.730018 0.208415
v 2.851689 3.805088 0.208415
v 2.806508 3.805088 0.208415
v 2.806508 3.730018 0.208415
v 2.730048 3.723067 0.208415
v 2.730048 3.812039 0.208415
v 2.789131 3.812039 0.208415
v 2.789131 3.723067 0.208415
v 2.782180 3.730018 0.208415
v 2.782180 3.805088 0.208415
v 2.736999 3.805088 0.208415
v 2.736999 3.730018 0.208415
v 2.660539 3.723067 0.208415
v 2.660539 3.812039 0.208415
v 2.719622 3.812039 0.208415
v 2.719622 3.723067 0.208415
v 2.712671 3.730018 0.208415
v 2.712671 3.805088 0.208415
v 2.667490 3.805088 0.208415
v 2.667490 3.730018 0.208415
v 2.591030 3.723067 0.208415
v 2.591030 3.812039 0.208415
v 2.650113 3.812039 0.208415
v 2.650113 3.723067 0.208415
v 2.643162 3.730018 0.208415
v 2.643162 3.805088 0.208415
v 2.597981 3.805088 0.208415
v 2.597981 3.730018 0.208415
v 2.521521 3.723067 0.208415
v 2.521521 3.812039 0.208415
v 2.580604 3.812039 0.208415
v 2.580604 3.723067 0.208415
v 2.573653 3.730018 0.208415
v 2.573653 3.805088 0.208415
v 2.528472 3.805088 0.208415
v 2.528472 3.730018 0.208415
v 2.452012 3.723067 0.208415
v 2.452012 3.812039 0.208415
v 2.511095 3.812039 0.208415
v 2.511095 3.723067 0.208415
v 2.504144 3.730018 0.208415
v 2.504144 3.805088 0.208415
v 2.458963 3.805088 0.208415
v 2.458963 3.730018 0.208415
v 2.382503 3.723067 0.208415
v 2.382503 3.812039 0.208415
v 2.441586 3.812039 0.208415
v 2.441586 3.723067 0.208415
v 2.434635 3.730018 0.208415
v 2.434635 3.805088 0.208415
v 2.389454 3.805088 0.208415
v 2.389454 3.730018 0.208415
v 2.312994 3.723067 0.208415
v 2.312994 3.812039 0.208415
v 2.372076 3.812039 0.208415
v 2.372076 3.723067 0.208415
v 2.365125 3.730018 0.208415
v 2.365125 3.805088 0.208415
v 2.319945 3.805088 0.208415
v 2.319945 3.730018 0.208415
v 2.243484 3.723067 0.208415
v 2.243484 3.812039 0.208415
v 2.302567 3.812039 0.208415
v 2.302567 3.723067 0.208415
v 2.295616 3.730018 0.208415
v 2.295616 3.805088 0.208415
v 2.250435 3.805088 0.208415
v 2.250435 3.730018 0.208415
v 2.173975 3.723067 0.208415
v 2.173975 3.812039 0.208415
v 2.233058 3.812039 0.208415
v 2.233058 3.723067 0.208415
v 2.226107 3.730018 0.208415
v 2.226107 3.805088 0.208415
v 2.180926 3.805088 0.208415
v 2.180926 3.730018 0.208415
v 2.104466 3.723067 0.208415
v 2.104466 3.812039 0.208415
v 2.163549 3.812039 0.208415
v 2.163549 3.723067 0.208415
v 2.156598 3.730018 0.208415
v 2.156598 3.805088 0.208415
v 2.111417 3.805088 0.208415
v 2.111417 3.730018 0.208415
v 2.034957 3.723067 0.208415
v 2.034957 3.812039 0.208415
v 2.094040 3.812039 0.208415
v 2.094040 3.723067 0.208415
v 2.087089 3.730018 0.208415
v 2.087089 3.805088 0.208415
v 2.041908 3.805088 0.208415
v 2.041908 3.730018 0.208415
v 1.965448 3.723067 0.208415
v 1.965448 3.812039 0.208415
v 2.024531 3.812039 0.208415
v 2.024531 3.723067 0.208415
v 2.017580 3.730018 0.208415
v 2.017580 3.805088 0.208415
v 1.972399 3.805088 0.208415
v 1.972399 3.730018 0.208415
v 4.328758 3.862086 0.208415
v 4.328758 3.951057 0.208415
v 4.387841 3.951057 0.208415
v 4.387841 3.862086 0.208415
v 4.380889 3.869036 0.208415
v 4.380889 3.944106 0.208415
v 4.335709 3.944106 0.208415
v 4.335709 3.869036 0.208415
v 4.259249 3.862086 0.208415
v 4.259249 3.951057 0.208415
v 4.318332 3.951057 0.208415
v 4.318332 3.862086 0.208415
v 4.311380 3.869036 0.208415
v 4.311380 3.944106 0.208415
v 4.266200 3.944106 0.208415
v 4.266200 3.869036 0.208415
v 4.189740 3.862086 0.208415
v 4.189740 3.951057 0.208415
v 4.248823 3.951057 0.208415
v 4.248823 3.862086 0.208415
v 4.241871 3.869036 0.208415
v 4.241871 3.944106 0.208415
v 4.196691 3.944106 0.208415
v 4.196691 3.869036 0.208415
v 4.120231 3.862086 0.208415
v 4.120231 3.951057 0.208415
v 4.179313 3.951057 0.208415
v 4.179313 3.862086 0.208415
v 4.172362 3.869036 0.208415
v 4.172362 3.944106 0.208415
v 4.127182 3.944106 0.208415
v 4.127182 3.869036 0.208415
v 4.050721 3.862086 0.208415
v 4.050721 3.951057 0.208415
v 4.109804 3.951057 0.208415
v 4.109804 3.862086 0.208415
v 4.102853 3.869036 0.208415
v 4.102853 3.944106 0.208415
v 4.057673 3.944106 0.208415
v 4.057673 3.869036 0.208415
v 3.981212 3.862086 0.208415
v 3.981212 3.951057 0.208415
v 4.040295 3.951057 0.208415
v 4.040295 3.862086 0.208415
v 4.033344 3.869036 0.208415
v 4.033344 3.944106 0.208415
v 3.988163 3.944106 0.208415
v 3.988163 3.869036 0.208415
v 3.911703 3.862086 0.208415
v 3.911703 3.951057 0.208415
v 3.970786 3.951057 0.208415
v 3.970786 3.862086 0.208415
v 3.963835 3.869036 0.208415
v 3.963835 3.944106 0.208415
v 3.918654 3.944106 0.208415
v 3.918654 3.869036 0.208415
v 3.842194 3.862086 0.208415
v 3.842194 3.951057 0.208415
v 3.901277 3.951057 0.208415
v 3.901277 3.862086 0.208415
v 3.894326 3.869036 0.208415
v 3.894326 3.944106 0.208415
v 3.849145 3.944106 0.208415
v 3.849145 3.869036 0.208415
v 3.772685 3.862086 0.208415
v 3.772685 3.951057 0.208415
v 3.831768 3.951057 0.208415
v 3.831768 3.862086 0.208415
v 3.824817 3.869036 0.208415
v 3.824817 3.944106 0.208415
v 3.779636 3.944106 0.208415
v 3.779636 3.869036 0.208415
v 3.633667 3.862086 0.208415
v 3.633667 3.951057 0.208415
v 3.692750 3.951057 0.208415
v 3.692750 3.862086 0.208415
v 3.685799 3.869036 0.208415
v 3.685799 3.944106 0.208415
v 3.640618 3.944106 0.208415
v 3.640618 3.869036 0.208415
v 3.564157 3.862086 0.208415
v 3.564157 3.951057 0.208415
v 3.623240 3.951057 0.208415
v 3.623240 3.862086 0.208415
v 3.616289 3.869036 0.208415
v 3.616289 3.944106 0.208415
v 3.571108 3.944106 0.208415
v 3.571108 3.869036 0.208415
v 3.494648 3.862086 0.208415
v 3.494648 3.951057 0.208415
v 3.553731 3.951057 0.208415
v 3.553731 3.862086 0.208415
v 3.546780 3.869036 0.208415
v 3.546780 3.944106 0.208415
v 3.501599 3.944106 0.208415
v 3.501599 3.869036 0.208415
v 3.425139 3.862086 0.208415
v 3.425139 3.951057 0.208415
v 3.484222 3.951057 0.208415
v 3.484222 3.862086 0.208415
v 3.477271 3.869036 0.208415
v 3.477271 3.944106 0.208415
v 3.432090 3.944106 0.208415
v 3.432090 3.869036 0.208415
v 3.355630 3.862086 0.208415
v 3.355630 3.951057 0.208415
v 3.414713 3.951057 0.208415
v 3.414713 3.862086 0.208415
v 3.407762 3.869036 0.208415
v 3.407762 3.944106 0.208415
v 3.362581 3.944106 0.208415
v 3.362581 3.869036 0.208415
v 3.286121 3.862086 0.208415
v 3.286121 3.951057 0.208415
v 3.345204 3.951057 0.208415
v 3.345204 3.862086 0.208415
v 3.338253 3.869036 0.208415
v 3.338253 3.944106 0.208415
v 3.293072 3.944106 0.208415
v 3.293072 3.869036 0.208415
v 3.216612 3.862086 0.208415
v 3.216612 3.951057 0.208415
v 3.275695 3.951057 0.208415
v 3.275695 3.862086 0.208415
v 3.268744 3.869036 0.208415
v 3.268744 3.944106 0.208415
v 3.223563 3.944106 0.208415
v 3.223563 3.869036 0.208415
v 3.147103 3.862086 0.208415
v 3.147103 3.951057 0.208415
v 3.206186 3.951057 0.208415
v 3.206186 3.862086 0.208415
v 3.199235 3.869036 0.208415
v 3.199235 3.944106 0.208415
v 3.154054 3.944106 0.208415
v 3.154054 3.869036 0.208415
v 3.077594 3.862086 0.208415
v 3.077594 3.951057 0.208415
v 3.136677 3.951057 0.208415
v 3.136677 3.862086 0.208415
v 3.129725 3.869036 0.208415
v 3.129725 3.944106 0.208415
v 3.084545 3.944106 0.208415
v 3.084545 3.869036 0.208415
v 3.008085 3.862086 0.208415
v 3.008085 3.951057 0.208415
v 3.067167 3.951057 0.208415
v 3.067167 3.862086 0.208415
v 3.060216 3.869036 0.208415
v 3.060216 3.944106 0.208415
v 3.015036 3.944106 0.208415
v 3.015036 3.869036 0.208415
v 2.938576 3.862086 0.208415
v 2.938576 3.951057 0.208415
v 2.997658 3.951057 0.208415
v 2.997658 3.862086 0.208415
v 2.990707 3.869036 0.208415
v 2.990707 3.944106 0.208415
v 2.945527 3.944106 0.208415
v 2.945527 3.869036 0.208415
v 2.869066 3.862086 0.208415
v 2.869066 3.951057 0.208415
v 2.928149 3.951057 0.208415
v 2.928149 3.862086 0.208415
v 2.921198 3.869036 0.208415
v 2.921198 3.944106 0.208415
v 2.876017 3.944106 0.208415
v 2.876017 3.869036 0.208415
v 2.799557 3.862086 0.208415
v 2.799557 3.951057 0.208415
v 2.858640 3.951057 0.208415
v 2.858640 3.862086 0.208415
v 2.851689 3.869036 0.208415
v 2.851689 3.944106 0.208415
v 2.806508 3.944106 0.208415
v 2.806508 3.869036 0.208415
v 2.730048 3.862086 0.208415
v 2.730048 3.951057 0.208415
v 2.789131 3.951057 0.208415
v 2.789131 3.862086 0.208415
v 2.782180 3.869036 0.208415
v 2.782180 3.944106 0.208415
v 2.736999 3.944106 0.208415
v 2.736999 3.869036 0.208415
v 2.660539 3.862086 0.208415
v 2.660539 3.951057 0.208415
v 2.719622 3.951057 0.208415
v 2.719622 3.862086 0.208415
v 2.712671 3.869036 0.208415
v 2.712671 3.944106 0.208415
v 2.667490 3.944106 0.208415
v 2.667490 3.869036 0.208415
v 2.591030 3.862086 0.208415
v 2.591030 3.951057 0.208415
v 2.650113 3.951057 0.208415
v 2.650113 3.862086 0.208415
v 2.643162 3.869036 0.208415
v 2.643162 3.944106 0.208415
v 2.597981 3.944106 0.208415
v 2.597981 3.869036 0.208415
v 2.521521 3.862086 0.208415
v 2.521521 3.951057 0.208415
v 2.580604 3.951057 0.208415
v 2.580604 3.862086 0.208415
v 2.573653 3.869036 0.208415
v 2.573653 3.944106 0.208415
v 2.528472 3.944106 0.208415
v 2.528472 3.869036 0.208415
v 2.452012 3.862086 0.208415
v 2.452012 3.951057 0.208415
v 2.511095 3.951057 0.208415
v 2.511095 3.862086 0.208415
v 2.504144 3.869036 0.208415
v 2.504144 3.944106 0.208415
v 2.458963 3.944106 0.208415
v 2.458963 3.869036 0.208415
v 2.382503 3.862086 0.208415
v 2.382503 3.951057 0.208415
v 2.441586 3.951057 0.208415
v 2.441586 3.862086 0.208415
v 2.434635 3.869036 0.208415
v 2.434635 3.944106 0.208415
v 2.389454 3.944106 0.208415
v 2.389454 3.869036 0.208415
v 2.312994 3.862086 0.208415
v 2.312994 3.951057 0.208415
v 2.372076 3.951057 0.208415
v 2.372076 3.862086 0.208415
v 2.365125 3.869036 0.208415
v 2.365125 3.944106 0.208415
v 2.319945 3.944106 0.208415
v 2.319945 3.869036 0.208415
v 2.243484 3.862086 0.208415
v 2.243484 3.951057 0.208415
v 2.302567 3.951057 0.208415
v 2.302567 3.862086 0.208415
v 2.295616 3.869036 0.208415
v 2.295616 3.944106 0.208415
v 2.250435 3.944106 0.208415
v 2.250435 3.869036 0.208415
v 2.173975 3.862086 0.208415
v 2.173975 3.951057 0.208415
v 2.233058 3.951057 0.208415
v 2.233058 3.862086 0.208415
v 2.226107 3.869036 0.208415
v 2.226107 3.944106 0.208415
v 2.180926 3.944106 0.208415
v 2.180926 3.869036 0.208415
v 2.104466 3.862086 0.208415
v 2.104466 3.951057 0.208415
v 2.163549 3.951057 0.208415
v 2.163549 3.862086 0.208415
v 2.156598 3.869036 0.208415
v 2.156598 3.944106 0.208415
v 2.111417 3.944106 0.208415
v 2.111417 3.869036 0.208415
v 2.034957 3.862086 0.208415
v 2.034957 3.951057 0.208415
v 2.094040 3.951057 0.208415
v 2.094040 3.862086 0.208415
v 2.087089 3.869036 0.208415
v 2.087089 3.944106 0.208415
v 2.041908 3.944106 0.208415
v 2.041908 3.869036 0.208415
v 1.965448 3.862086 0.208415
v 1.965448 3.951057 0.208415
v 2.024531 3.951057 0.208415
v 2.024531 3.862086 0.208415
v 2.017580 3.869036 0.208415
v 2.017580 3.944106 0.208415
v 1.972399 3.944106 0.208415
v 1.972399 3.869036 0.208415
vn -0.0000 -0.0000 1.0000
vt 0.000000 0.000000
vt 0.857143 0.000000
vt 0.142857 0.000000
vt 0.285714 0.000000
vt 0.714286 0.000000
vt 0.428571 0.000000
vt 1.000000 0.000000
vt 0.571429 0.000000
s 0
usemtl monitorText
f 3217/87/236 3223/88/236 3218/89/236
f 3223/88/236 3219/90/236 3218/89/236
f 3223/88/236 3222/91/236 3219/90/236
f 3222/91/236 3220/92/236 3219/90/236
f 3217/87/236 3224/93/236 3223/88/236
f 3221/94/236 3220/92/236 3222/91/236
f 3217/87/236 3221/94/236 3224/93/236
f 3217/87/236 3220/92/236 3221/94/236
f 3225/87/236 3231/88/236 3226/89/236
f 3231/88/236 3227/90/236 3226/89/236
f 3231/88/236 3230/91/236 3227/90/236
f 3230/91/236 3228/92/236 3227/90/236
f 3225/87/236 3232/93/236 3231/88/236
f 3229/94/236 3228/92/236 3230/91/236
f 3225/87/236 3229/94/236 3232/93/236
f 3225/87/236 3228/92/236 3229/94/236
f 3233/87/236 3239/88/236 3234/89/236
f 3239/88/236 3235/90/236 3234/89/236
f 3239/88/236 3238/91/236 3235/90/236
f 3238/91/236 3236/92/236 3235/90/236
f 3233/87/236 3240/93/236 3239/88/236
f 3237/94/236 3236/92/236 3238/91/236
f 3233/87/236 3237/94/236 3240/93/236
f 3233/87/236 3236/92/236 3237/94/236
f 3241/87/236 3247/88/236 3242/89/236
f 3247/88/236 3243/90/236 3242/89/236
f 3247/88/236 3246/91/236 3243/90/236
f 3246/91/236 3244/92/236 3243/90/236
f 3241/87/236 3248/93/236 3247/88/236
f 3245/94/236 3244/92/236 3246/91/236
f 3241/87/236 3245/94/236 3248/93/236
f 3241/87/236 3244/92/236 3245/94/236
f 3249/87/236 3255/88/236 3250/89/236
f 3255/88/236 3251/90/236 3250/89/236
f 3255/88/236 3254/91/236 3251/90/236
f 3254/91/236 3252/92/236 3251/90/236
f 3249/87/236 3256/93/236 3255/88/236
f 3253/94/236 3252/92/236 3254/91/236
f 3249/87/236 3253/94/236 3256/93/236
f 3249/87/236 3252/92/236 3253/94/236
f 3257/87/236 3263/88/236 3258/89/236
f 3263/88/236 3259/90/236 3258/89/236
f 3263/88/236 3262/91/236 3259/90/236
f 3262/91/236 3260/92/236 3259/90/236
f 3257/87/236 3264/93/236 3263/88/236
f 3261/94/236 3260/92/236 3262/91/236
f 3257/87/236 3261/94/236 3264/93/236
f 3257/87/236 3260/92/236 3261/94/236
f 3265/87/236 3271/88/236 3266/89/236
f 3271/88/236 3267/90/236 3266/89/236
f 3271/88/236 3270/91/236 3267/90/236
f 3270/91/236 3268/92/236 3267/90/236
f 3265/87/236 3272/93/236 3271/88/236
f 3269/94/236 3268/92/236 3270/91/236
f 3265/87/236 3269/94/236 3272/93/236
f 3265/87/236 3268/92/236 3269/94/236
f 3273/87/236 3279/88/236 3274/89/236
f 3279/88/236 3275/90/236 3274/89/236
f 3279/88/236 3278/91/236 3275/90/236
f 3278/91/236 3276/92/236 3275/90/236
f 3273/87/236 3280/93/236 3279/88/236
f 3277/94/236 3276/92/236 3278/91/236
f 3273/87/236 3277/94/236 3280/93/236
f 3273/87/236 3276/92/236 3277/94/236
f 3281/87/236 3287/88/236 3282/89/236
f 3287/88/236 3283/90/236 3282/89/236
f 3287/88/236 3286/91/236 3283/90/236
f 3286/91/236 3284/92/236 3283/90/236
f 3281/87/236 3288/93/236 3287/88/236
f 3285/94/236 3284/92/236 3286/91/236
f 3281/87/236 3285/94/236 3288/93/236
f 3281/87/236 3284/92/236 3285/94/236
f 3289/87/236 3295/88/236 3290/89/236
f 3295/88/236 3291/90/236 3290/89/236
f 3295/88/236 3294/91/236 3291/90/236
f 3294/91/236 3292/92/236 3291/90/236
f 3289/87/236 3296/93/236 3295/88/236
f 3293/94/236 3292/92/236 3294/91/236
f 3289/87/236 3293/94/236 3296/93/236
f 3289/87/236 3292/92/236 3293/94/236
f 3297/87/236 3303/88/236 3298/89/236
f 3303/88/236 3299/90/236 3298/89/236
f 3303/88/236 3302/91/236 3299/90/236
f 3302/91/236 3300/92/236 3299/90/236
f 3297/87/236 3304/93/236 3303/88/236
f 3301/94/236 3300/92/236 3302/91/236
f 3297/87/236 3301/94/236 3304/93/236
f 3297/87/236 3300/92/236 3301/94/236
f 3305/87/236 3311/88/236 3306/89/236
f 3311/88/236 3307/90/236 3306/89/236
f 3311/88/236 3310/91/236 3307/90/236
f 3310/91/236 3308/92/236 3307/90/236
f 3305/87/236 3312/93/236 3311/88/236
f 3309/94/236 3308/92/236 3310/91/236
f 3305/87/236 3309/94/236 3312/93/236
f 3305/87/236 3308/92/236 3309/94/236
f 3313/87/236 3319/88/236 3314/89/236
f 3319/88/236 3315/90/236 3314/89/236
f 3319/88/236 3318/91/236 3315/90/236
f 3318/91/236 3316/92/236 3315/90/236
f 3313/87/236 3320/93/236 3319/88/236
f 3317/94/236 3316/92/236 3318/91/236
f 3313/87/236 3317/94/236 3320/93/236
f 3313/87/236 3316/92/236 3317/94/236
f 3321/87/236 3327/88/236 3322/89/236
f 3327/88/236 3323/90/236 3322/89/236
f 3327/88/236 3326/91/236 3323/90/236
f 3326/91/236 3324/92/236 3323/90/236
f 3321/87/236 3328/93/236 3327/88/236
f 3325/94/236 3324/92/236 3326/91/236
f 3321/87/236 3325/94/236 3328/93/236
f 3321/87/236 3324/92/236 3325/94/236
f 3329/87/236 3335/88/236 3330/89/236
f 3335/88/236 3331/90/236 3330/89/236
f 3335/88/236 3334/91/236 3331/90/236
f 3334/91/236 3332/92/236 3331/90/236
f 3329/87/236 3336/93/236 3335/88/236
f 3333/94/236 3332/92/236 3334/91/236
f 3329/87/236 3333/94/236 3336/93/236
f 3329/87/236 3332/92/236 3333/94/236
f 3337/87/236 3343/88/236 3338/89/236
f 3343/88/236 3339/90/236 3338/89/236
f 3343/88/236 3342/91/236 3339/90/236
f 3342/91/236 3340/92/236 3339/90/236
f 3337/87/236 3344/93/236 3343/88/236
f 3341/94/236 3340/92/236 3342/91/236
f 3337/87/236 3341/94/236 3344/93/236
f 3337/87/236 3340/92/236 3341/94/236
f 3345/87/236 3351/88/236 3346/89/236
f 3351/88/236 3347/90/236 3346/89/236
f 3351/88/236 3350/91/236 3347/90/236
f 3350/91/236 3348/92/236 3347/90/236
f 3345/87/236 3352/93/236 3351/88/236
f 3349/94/236 3348/92/236 3350/91/236
f 3345/87/236 3349/94/236 3352/93/236
f 3345/87/236 3348/92/236 3349/94/236
f 3353/87/236 3359/88/236 3354/89/236
f 3359/88/236 3355/90/236 3354/89/236
f 3359/88/236 3358/91/236 3355/90/236
f 3358/91/236 3356/92/236 3355/90/236
f 3353/87/236 3360/93/236 3359/88/236
f 3357/94/236 3356/92/236 3358/91/236
f 3353/87/236 3357/94/236 3360/93/236
f 3353/87/236 3356/92/236 3357/94/236
f 3361/87/236 3367/88/236 3362/89/236
f 3367/88/236 3363/90/236 3362/89/236
f 3367/88/236 3366/91/236 3363/90/236
f 3366/91/236 3364/92/236 3363/90/236
f 3361/87/236 3368/93/236 3367/88/236
f 3365/94/236 3364/92/236 3366/91/236
f 3361/87/236 3365/94/236 3368/93/236
f 3361/87/236 3364/92/236 3365/94/236
f 3369/87/236 3375/88/236 3370/89/236
f 3375/88/236 3371/90/236 3370/89/236
f 3375/88/236 3374/91/236 3371/90/236
f 3374/91/236 3372/92/236 3371/90/236
f 3369/87/236 3376/93/236 3375/88/236
f 3373/94/236 3372/92/236 3374/91/236
f 3369/87/236 3373/94/236 3376/93/236
f 3369/87/236 3372/92/236 3373/94/236
f 3377/87/236 3383/88/236 3378/89/236
f 3383/88/236 3379/90/236 3378/89/236
f 3383/88/236 3382/91/236 3379/90/236
f 3382/91/236 3380/92/236 3379/90/236
f 3377/87/236 3384/93/236 3383/88/236
f 3381/94/236 3380/92/236 3382/91/236
f 3377/87/236 3381/94/236 3384/93/236
f 3377/87/236 3380/92/236 3381/94/236
f 3385/87/236 3391/88/236 3386/89/236
f 3391/88/236 3387/90/236 3386/89/236
f 3391/88/236 3390/91/236 3387/90/236
f 3390/91/236 3388/92/236 3387/90/236
f 3385/87/236 3392/93/236 3391/88/236
f 3389/94/236 3388/92/236 3390/91/236
f 3385/87/236 3389/94/236 3392/93/236
f 3385/87/236 3388/92/236 3389/94/236
f 3393/87/236 3399/88/236 3394/89/236
f 3399/88/236 3395/90/236 3394/89/236
f 3399/88/236 3398/91/236 3395/90/236
f 3398/91/236 3396/92/236 3395/90/236
f 3393/87/236 3400/93/236 3399/88/236
f 3397/94/236 3396/92/236 3398/91/236
f 3393/87/236 3397/94/236 3400/93/236
f 3393/87/236 3396/92/236 3397/94/236
f 3401/87/236 3407/88/236 3402/89/236
f 3407/88/236 3403/90/236 3402/89/236
f 3407/88/236 3406/91/236 3403/90/236
f 3406/91/236 3404/92/236 3403/90/236
f 3401/87/236 3408/93/236 3407/88/236
f 3405/94/236 3404/92/236 3406/91/236
f 3401/87/236 3405/94/236 3408/93/236
f 3401/87/236 3404/92/236 3405/94/236
f 3409/87/236 3415/88/236 3410/89/236
f 3415/88/236 3411/90/236 3410/89/236
f 3415/88/236 3414/91/236 3411/90/236
f 3414/91/236 3412/92/236 3411/90/236
f 3409/87/236 3416/93/236 3415/88/236
f 3413/94/236 3412/92/236 3414/91/236
f 3409/87/236 3413/94/236 3416/93/236
f 3409/87/236 3412/92/236 3413/94/236
f 3417/87/236 3423/88/236 3418/89/236
f 3423/88/236 3419/90/236 3418/89/236
f 3423/88/236 3422/91/236 3419/90/236
f 3422/91/236 3420/92/236 3419/90/236
f 3417/87/236 3424/93/236 3423/88/236
f 3421/94/236 3420/92/236 3422/91/236
f 3417/87/236 3421/94/236 3424/93/236
f 3417/87/236 3420/92/236 3421/94/236
f 3425/87/236 3431/88/236 3426/89/236
f 3431/88/236 3427/90/236 3426/89/236
f 3431/88/236 3430/91/236 3427/90/236
f 3430/91/236 3428/92/236 3427/90/236
f 3425/87/236 3432/93/236 3431/88/236
f 3429/94/236 3428/92/236 3430/91/236
f 3425/87/236 3429/94/236 3432/93/236
f 3425/87/236 3428/92/236 3429/94/236
f 3433/87/236 3439/88/236 3434/89/236
f 3439/88/236 3435/90/236 3434/89/236
f 3439/88/236 3438/91/236 3435/90/236
f 3438/91/236 3436/92/236 3435/90/236
f 3433/87/236 3440/93/236 3439/88/236
f 3437/94/236 3436/92/236 3438/91/236
f 3433/87/236 3437/94/236 3440/93/236
f 3433/87/236 3436/92/236 3437/94/236
f 3441/87/236 3447/88/236 3442/89/236
f 3447/88/236 3443/90/236 3442/89/236
f 3447/88/236 3446/91/236 3443/90/236
f 3446/91/236 3444/92/236 3443/90/236
f 3441/87/236 3448/93/236 3447/88/236
f 3445/94/236 3444/92/236 3446/91/236
f 3441/87/236 3445/94/236 3448/93/236
f 3441/87/236 3444/92/236 3445/94/236
f 3449/87/236 3455/88/236 3450/89/236
f 3455/88/236 3451/90/236 3450/89/236
f 3455/88/236 3454/91/236 3451/90/236
f 3454/91/236 3452/92/236 3451/90/236
f 3449/87/236 3456/93/236 3455/88/236
f 3453/94/236 3452/92/236 3454/91/236
f 3449/87/236 3453/94/236 3456/93/236
f 3449/87/236 3452/92/236 3453/94/236
f 3457/87/236 3463/88/236 3458/89/236
f 3463/88/236 3459/90/236 3458/89/236
f 3463/88/236 3462/91/236 3459/90/236
f 3462/91/236 3460/92/236 3459/90/236
f 3457/87/236 3464/93/236 3463/88/236
f 3461/94/236 3460/92/236 3462/91/236
f 3457/87/236 3461/94/236 3464/93/236
f 3457/87/236 3460/92/236 3461/94/236
f 3465/87/236 3471/88/236 3466/89/236
f 3471/88/236 3467/90/236 3466/89/236
f 3471/88/236 3470/91/236 3467/90/236
f 3470/91/236 3468/92/236 3467/90/236
f 3465/87/236 3472/93/236 3471/88/236
f 3469/94/236 3468/92/236 3470/91/236
f 3465/87/236 3469/94/236 3472/93/236
f 3465/87/236 3468/92/236 3469/94/236
f 3473/87/236 3479/88/236 3474/89/236
f 3479/88/236 3475/90/236 3474/89/236
f 3479/88/236 3478/91/236 3475/90/236
f 3478/91/236 3476/92/236 3475/90/236
f 3473/87/236 3480/93/236 3479/88/236
f 3477/94/236 3476/92/236 3478/91/236
f 3473/87/236 3477/94/236 3480/93/236
f 3473/87/236 3476/92/236 3477/94/236
f 3481/87/236 3487/88/236 3482/89/236
f 3487/88/236 3483/90/236 3482/89/236
f 3487/88/236 3486/91/236 3483/90/236
f 3486/91/236 3484/92/236 3483/90/236
f 3481/87/236 3488/93/236 3487/88/236
f 3485/94/236 3484/92/236 3486/91/236
f 3481/87/236 3485/94/236 3488/93/236
f 3481/87/236 3484/92/236 3485/94/236
f 3489/87/236 3495/88/236 3490/89/236
f 3495/88/236 3491/90/236 3490/89/236
f 3495/88/236 3494/91/236 3491/90/236
f 3494/91/236 3492/92/236 3491/90/236
f 3489/87/236 3496/93/236 3495/88/236
f 3493/94/236 3492/92/236 3494/91/236
f 3489/87/236 3493/94/236 3496/93/236
f 3489/87/236 3492/92/236 3493/94/236
f 3497/87/236 3503/88/236 3498/89/236
f 3503/88/236 3499/90/236 3498/89/236
f 3503/88/236 3502/91/236 3499/90/236
f 3502/91/236 3500/92/236 3499/90/236
f 3497/87/236 3504/93/236 3503/88/236
f 3501/94/236 3500/92/236 3502/91/236
f 3497/87/236 3501/94/236 3504/93/236
f 3497/87/236 3500/92/236 3501/94/236
f 3505/87/236 3511/88/236 3506/89/236
f 3511/88/236 3507/90/236 3506/89/236
f 3511/88/236 3510/91/236 3507/90/236
f 3510/91/236 3508/92/236 3507/90/236
f 3505/87/236 3512/93/236 3511/88/236
f 3509/94/236 3508/92/236 3510/91/236
f 3505/87/236 3509/94/236 3512/93/236
f 3505/87/236 3508/92/236 3509/94/236
f 3513/87/236 3519/88/236 3514/89/236
f 3519/88/236 3515/90/236 3514/89/236
f 3519/88/236 3518/91/236 3515/90/236
f 3518/91/236 3516/92/236 3515/90/236
f 3513/87/236 3520/93/236 3519/88/236
f 3517/94/236 3516/92/236 3518/91/236
f 3513/87/236 3517/94/236 3520/93/236
f 3513/87/236 3516/92/236 3517/94/236
f 3521/87/236 3527/88/236 3522/89/236
f 3527/88/236 3523/90/236 3522/89/236
f 3527/88/236 3526/91/236 3523/90/236
f 3526/91/236 3524/92/236 3523/90/236
f 3521/87/236 3528/93/236 3527/88/236
f 3525/94/236 3524/92/236 3526/91/236
f 3521/87/236 3525/94/236 3528/93/236
f 3521/87/236 3524/92/236 3525/94/236
f 3529/87/236 3535/88/236 3530/89/236
f 3535/88/236 3531/90/236 3530/89/236
f 3535/88/236 3534/91/236 3531/90/236
f 3534/91/236 3532/92/236 3531/90/236
f 3529/87/236 3536/93/236 3535/88/236
f 3533/94/236 3532/92/236 3534/91/236
f 3529/87/236 3533/94/236 3536/93/236
f 3529/87/236 3532/92/236 3533/94/236
f 3537/87/236 3543/88/236 3538/89/236
f 3543/88/236 3539/90/236 3538/89/236
f 3543/88/236 3542/91/236 3539/90/236
f 3542/91/236 3540/92/236 3539/90/236
f 3537/87/236 3544/93/236 3543/88/236
f 3541/94/236 3540/92/236 3542/91/236
f 3537/87/236 3541/94/236 3544/93/236
f 3537/87/236 3540/92/236 3541/94/236
f 3545/87/236 3551/88/236 3546/89/236
f 3551/88/236 3547/90/236 3546/89/236
f 3551/88/236 3550/91/236 3547/90/236
f 3550/91/236 3548/92/236 3547/90/236
f 3545/87/236 3552/93/236 3551/88/236
f 3549/94/236 3548/92/236 3550/91/236
f 3545/87/236 3549/94/236 3552/93/236
f 3545/87/236 3548/92/236 3549/94/236
f 3553/87/236 3559/88/236 3554/89/236
f 3559/88/236 3555/90/236 3554/89/236
f 3559/88/236 3558/91/236 3555/90/236
f 3558/91/236 3556/92/236 3555/90/236
f 3553/87/236 3560/93/236 3559/88/236
f 3557/94/236 3556/92/236 3558/91/236
f 3553/87/236 3557/94/236 3560/93/236
f 3553/87/236 3556/92/236 3557/94/236
f 3561/87/236 3567/88/236 3562/89/236
f 3567/88/236 3563/90/236 3562/89/236
f 3567/88/236 3566/91/236 3563/90/236
f 3566/91/236 3564/92/236 3563/90/236
f 3561/87/236 3568/93/236 3567/88/236
f 3565/94/236 3564/92/236 3566/91/236
f 3561/87/236 3565/94/236 3568/93/236
f 3561/87/236 3564/92/236 3565/94/236
f 3569/87/236 3575/88/236 3570/89/236
f 3575/88/236 3571/90/236 3570/89/236
f 3575/88/236 3574/91/236 3571/90/236
f 3574/91/236 3572/92/236 3571/90/236
f 3569/87/236 3576/93/236 3575/88/236
f 3573/94/236 3572/92/236 3574/91/236
f 3569/87/236 3573/94/236 3576/93/236
f 3569/87/236 3572/92/236 3573/94/236
f 3577/87/236 3583/88/236 3578/89/236
f 3583/88/236 3579/90/236 3578/89/236
f 3583/88/236 3582/91/236 3579/90/236
f 3582/91/236 3580/92/236 3579/90/236
f 3577/87/236 3584/93/236 3583/88/236
f 3581/94/236 3580/92/236 3582/91/236
f 3577/87/236 3581/94/236 3584/93/236
f 3577/87/236 3580/92/236 3581/94/236
f 3585/87/236 3591/88/236 3586/89/236
f 3591/88/236 3587/90/236 3586/89/236
f 3591/88/236 3590/91/236 3587/90/236
f 3590/91/236 3588/92/236 3587/90/236
f 3585/87/236 3592/93/236 3591/88/236
f 3589/94/236 3588/92/236 3590/91/236
f 3585/87/236 3589/94/236 3592/93/236
f 3585/87/236 3588/92/236 3589/94/236
f 3593/87/236 3599/88/236 3594/89/236
f 3599/88/236 3595/90/236 3594/89/236
f 3599/88/236 3598/91/236 3595/90/236
f 3598/91/236 3596/92/236 3595/90/236
f 3593/87/236 3600/93/236 3599/88/236
f 3597/94/236 3596/92/236 3598/91/236
f 3593/87/236 3597/94/236 3600/93/236
f 3593/87/236 3596/92/236 3597/94/236
f 3601/87/236 3607/88/236 3602/89/236
f 3607/88/236 3603/90/236 3602/89/236
f 3607/88/236 3606/91/236 3603/90/236
f 3606/91/236 3604/92/236 3603/90/236
f 3601/87/236 3608/93/236 3607/88/236
f 3605/94/236 3604/92/236 3606/91/236
f 3601/87/236 3605/94/236 3608/93/236
f 3601/87/236 3604/92/236 3605/94/236
f 3609/87/236 3615/88/236 3610/89/236
f 3615/88/236 3611/90/236 3610/89/236
f 3615/88/236 3614/91/236 3611/90/236
f 3614/91/236 3612/92/236 3611/90/236
f 3609/87/236 3616/93/236 3615/88/236
f 3613/94/236 3612/92/236 3614/91/236
f 3609/87/236 3613/94/236 3616/93/236
f 3609/87/236 3612/92/236 3613/94/236
f 3617/87/236 3623/88/236 3618/89/236
f 3623/88/236 3619/90/236 3618/89/236
f 3623/88/236 3622/91/236 3619/90/236
f 3622/91/236 3620/92/236 3619/90/236
f 3617/87/236 3624/93/236 3623/88/236
f 3621/94/236 3620/92/236 3622/91/236
f 3617/87/236 3621/94/236 3624/93/236
f 3617/87/236 3620/92/236 3621/94/236
f 3625/87/236 3631/88/236 3626/89/236
f 3631/88/236 3627/90/236 3626/89/236
f 3631/88/236 3630/91/236 3627/90/236
f 3630/91/236 3628/92/236 3627/90/236
f 3625/87/236 3632/93/236 3631/88/236
f 3629/94/236 3628/92/236 3630/91/236
f 3625/87/236 3629/94/236 3632/93/236
f 3625/87/236 3628/92/236 3629/94/236
f 3633/87/236 3639/88/236 3634/89/236
f 3639/88/236 3635/90/236 3634/89/236
f 3639/88/236 3638/91/236 3635/90/236
f 3638/91/236 3636/92/236 3635/90/236
f 3633/87/236 3640/93/236 3639/88/236
f 3637/94/236 3636/92/236 3638/91/236
f 3633/87/236 3637/94/236 3640/93/236
f 3633/87/236 3636/92/236 3637/94/236
f 3641/87/236 3647/88/236 3642/89/236
f 3647/88/236 3643/90/236 3642/89/236
f 3647/88/236 3646/91/236 3643/90/236
f 3646/91/236 3644/92/236 3643/90/236
f 3641/87/236 3648/93/236 3647/88/236
f 3645/94/236 3644/92/236 3646/91/236
f 3641/87/236 3645/94/236 3648/93/236
f 3641/87/236 3644/92/236 3645/94/236
f 3649/87/236 3655/88/236 3650/89/236
f 3655/88/236 3651/90/236 3650/89/236
f 3655/88/236 3654/91/236 3651/90/236
f 3654/91/236 3652/92/236 3651/90/236
f 3649/87/236 3656/93/236 3655/88/236
f 3653/94/236 3652/92/236 3654/91/236
f 3649/87/236 3653/94/236 3656/93/236
f 3649/87/236 3652/92/236 3653/94/236
f 3657/87/236 3663/88/236 3658/89/236
f 3663/88/236 3659/90/236 3658/89/236
f 3663/88/236 3662/91/236 3659/90/236
f 3662/91/236 3660/92/236 3659/90/236
f 3657/87/236 3664/93/236 3663/88/236
f 3661/94/236 3660/92/236 3662/91/236
f 3657/87/236 3661/94/236 3664/93/236
f 3657/87/236 3660/92/236 3661/94/236
f 3665/87/236 3671/88/236 3666/89/236
f 3671/88/236 3667/90/236 3666/89/236
f 3671/88/236 3670/91/236 3667/90/236
f 3670/91/236 3668/92/236 3667/90/236
f 3665/87/236 3672/93/236 3671/88/236
f 3669/94/236 3668/92/236 3670/91/236
f 3665/87/236 3669/94/236 3672/93/236
f 3665/87/236 3668/92/236 3669/94/236
f 3673/87/236 3679/88/236 3674/89/236
f 3679/88/236 3675/90/236 3674/89/236
f 3679/88/236 3678/91/236 3675/90/236
f 3678/91/236 3676/92/236 3675/90/236
f 3673/87/236 3680/93/236 3679/88/236
f 3677/94/236 3676/92/236 3678/91/236
f 3673/87/236 3677/94/236 3680/93/236
f 3673/87/236 3676/92/236 3677/94/236
f 3681/87/236 3687/88/236 3682/89/236
f 3687/88/236 3683/90/236 3682/89/236
f 3687/88/236 3686/91/236 3683/90/236
f 3686/91/236 3684/92/236 3683/90/236
f 3681/87/236 3688/93/236 3687/88/236
f 3685/94/236 3684/92/236 3686/91/236
f 3681/87/236 3685/94/236 3688/93/236
f 3681/87/236 3684/92/236 3685/94/236
f 3689/87/236 3695/88/236 3690/89/236
f 3695/88/236 3691/90/236 3690/89/236
f 3695/88/236 3694/91/236 3691/90/236
f 3694/91/236 3692/92/236 3691/90/236
f 3689/87/236 3696/93/236 3695/88/236
f 3693/94/236 3692/92/236 3694/91/236
f 3689/87/236 3693/94/236 3696/93/236
f 3689/87/236 3692/92/236 3693/94/236
f 3697/87/236 3703/88/236 3698/89/236
f 3703/88/236 3699/90/236 3698/89/236
f 3703/88/236 3702/91/236 3699/90/236
f 3702/91/236 3700/92/236 3699/90/236
f 3697/87/236 3704/93/236 3703/88/236
f 3701/94/236 3700/92/236 3702/91/236
f 3697/87/236 3701/94/236 3704/93/236
f 3697/87/236 3700/92/236 3701/94/236
f 3705/87/236 3711/88/236 3706/89/236
f 3711/88/236 3707/90/236 3706/89/236
f 3711/88/236 3710/91/236 3707/90/236
f 3710/91/236 3708/92/236 3707/90/236
f 3705/87/236 3712/93/236 3711/88/236
f 3709/94/236 3708/92/236 3710/91/236
f 3705/87/236 3709/94/236 3712/93/236
f 3705/87/236 3708/92/236 3709/94/236
f 3713/87/236 3719/88/236 3714/89/236
f 3719/88/236 3715/90/236 3714/89/236
f 3719/88/236 3718/91/236 3715/90/236
f 3718/91/236 3716/92/236 3715/90/236
f 3713/87/236 3720/93/236 3719/88/236
f 3717/94/236 3716/92/236 3718/91/236
f 3713/87/236 3717/94/236 3720/93/236
f 3713/87/236 3716/92/236 3717/94/236
f 3721/87/236 3727/88/236 3722/89/236
f 3727/88/236 3723/90/236 3722/89/236
f 3727/88/236 3726/91/236 3723/90/236
f 3726/91/236 3724/92/236 3723/90/236
f 3721/87/236 3728/93/236 3727/88/236
f 3725/94/236 3724/92/236 3726/91/236
f 3721/87/236 3725/94/236 3728/93/236
f 3721/87/236 3724/92/236 3725/94/236
f 3729/87/236 3735/88/236 3730/89/236
f 3735/88/236 3731/90/236 3730/89/236
f 3735/88/236 3734/91/236 3731/90/236
f 3734/91/236 3732/92/236 3731/90/236
f 3729/87/236 3736/93/236 3735/88/236
f 3733/94/236 3732/92/236 3734/91/236
f 3729/87/236 3733/94/236 3736/93/236
f 3729/87/236 3732/92/236 3733/94/236
f 3737/87/236 3743/88/236 3738/89/236
f 3743/88/236 3739/90/236 3738/89/236
f 3743/88/236 3742/91/236 3739/90/236
f 3742/91/236 3740/92/236 3739/90/236
f 3737/87/236 3744/93/236 3743/88/236
f 3741/94/236 3740/92/236 3742/91/236
f 3737/87/236 3741/94/236 3744/93/236
f 3737/87/236 3740/92/236 3741/94/236
f 3745/87/236 3751/88/236 3746/89/236
f 3751/88/236 3747/90/236 3746/89/236
f 3751/88/236 3750/91/236 3747/90/236
f 3750/91/236 3748/92/236 3747/90/236
f 3745/87/236 3752/93/236 3751/88/236
f 3749/94/236 3748/92/236 3750/91/236
f 3745/87/236 3749/94/236 3752/93/236
f 3745/87/236 3748/92/236 3749/94/236
f 3753/87/236 3759/88/236 3754/89/236
f 3759/88/236 3755/90/236 3754/89/236
f 3759/88/236 3758/91/236 3755/90/236
f 3758/91/236 3756/92/236 3755/90/236
f 3753/87/236 3760/93/236 3759/88/236
f 3757/94/236 3756/92/236 3758/91/236
f 3753/87/236 3757/94/236 3760/93/236
f 3753/87/236 3756/92/236 3757/94/236
f 3761/87/236 3767/88/236 3762/89/236
f 3767/88/236 3763/90/236 3762/89/236
f 3767/88/236 3766/91/236 3763/90/236
f 3766/91/236 3764/92/236 3763/90/236
f 3761/87/236 3768/93/236 3767/88/236
f 3765/94/236 3764/92/236 3766/91/236
f 3761/87/236 3765/94/236 3768/93/236
f 3761/87/236 3764/92/236 3765/94/236
f 3769/87/236 3775/88/236 3770/89/236
f 3775/88/236 3771/90/236 3770/89/236
f 3775/88/236 3774/91/236 3771/90/236
f 3774/91/236 3772/92/236 3771/90/236
f 3769/87/236 3776/93/236 3775/88/236
f 3773/94/236 3772/92/236 3774/91/236
f 3769/87/236 3773/94/236 3776/93/236
f 3769/87/236 3772/92/236 3773/94/236
f 3777/87/236 3783/88/236 3778/89/236
f 3783/88/236 3779/90/236 3778/89/236
f 3783/88/236 3782/91/236 3779/90/236
f 3782/91/236 3780/92/236 3779/90/236
f 3777/87/236 3784/93/236 3783/88/236
f 3781/94/236 3780/92/236 3782/91/236
f 3777/87/236 3781/94/236 3784/93/236
f 3777/87/236 3780/92/236 3781/94/236
f 3785/87/236 3791/88/236 3786/89/236
f 3791/88/236 3787/90/236 3786/89/236
f 3791/88/236 3790/91/236 3787/90/236
f 3790/91/236 3788/92/236 3787/90/236
f 3785/87/236 3792/93/236 3791/88/236
f 3789/94/236 3788/92/236 3790/91/236
f 3785/87/236 3789/94/236 3792/93/236
f 3785/87/236 3788/92/236 3789/94/236
f 3793/87/236 3799/88/236 3794/89/236
f 3799/88/236 3795/90/236 3794/89/236
f 3799/88/236 3798/91/236 3795/90/236
f 3798/91/236 3796/92/236 3795/90/236
f 3793/87/236 3800/93/236 3799/88/236
f 3797/94/236 3796/92/236 3798/91/236
f 3793/87/236 3797/94/236 3800/93/236
f 3793/87/236 3796/92/236 3797/94/236
f 3801/87/236 3807/88/236 3802/89/236
f 3807/88/236 3803/90/236 3802/89/236
f 3807/88/236 3806/91/236 3803/90/236
f 3806/91/236 3804/92/236 3803/90/236
f 3801/87/236 3808/93/236 3807/88/236
f 3805/94/236 3804/92/236 3806/91/236
f 3801/87/236 3805/94/236 3808/93/236
f 3801/87/236 3804/92/236 3805/94/236
f 3809/87/236 3815/88/236 3810/89/236
f 3815/88/236 3811/90/236 3810/89/236
f 3815/88/236 3814/91/236 3811/90/236
f 3814/91/236 3812/92/236 3811/90/236
f 3809/87/236 3816/93/236 3815/88/236
f 3813/94/236 3812/92/236 3814/91/236
f 3809/87/236 3813/94/236 3816/93/236
f 3809/87/236 3812/92/236 3813/94/236
f 3817/87/236 3823/88/236 3818/89/236
f 3823/88/236 3819/90/236 3818/89/236
f 3823/88/236 3822/91/236 3819/90/236
f 3822/91/236 3820/92/236 3819/90/236
f 3817/87/236 3824/93/236 3823/88/236
f 3821/94/236 3820/92/236 3822/91/236
f 3817/87/236 3821/94/236 3824/93/236
f 3817/87/236 3820/92/236 3821/94/236
f 3825/87/236 3831/88/236 3826/89/236
f 3831/88/236 3827/90/236 3826/89/236
f 3831/88/236 3830/91/236 3827/90/236
f 3830/91/236 3828/92/236 3827/90/236
f 3825/87/236 3832/93/236 3831/88/236
f 3829/94/236 3828/92/236 3830/91/236
f 3825/87/236 3829/94/236 3832/93/236
f 3825/87/236 3828/92/236 3829/94/236
f 3833/87/236 3839/88/236 3834/89/236
f 3839/88/236 3835/90/236 3834/89/236
f 3839/88/236 3838/91/236 3835/90/236
f 3838/91/236 3836/92/236 3835/90/236
f 3833/87/236 3840/93/236 3839/88/236
f 3837/94/236 3836/92/236 3838/91/236
f 3833/87/236 3837/94/236 3840/93/236
f 3833/87/236 3836/92/236 3837/94/236
f 3841/87/236 3847/88/236 3842/89/236
f 3847/88/236 3843/90/236 3842/89/236
f 3847/88/236 3846/91/236 3843/90/236
f 3846/91/236 3844/92/236 3843/90/236
f 3841/87/236 3848/93/236 3847/88/236
f 3845/94/236 3844/92/236 3846/91/236
f 3841/87/236 3845/94/236 3848/93/236
f 3841/87/236 3844/92/236 3845/94/236
f 3849/87/236 3855/88/236 3850/89/236
f 3855/88/236 3851/90/236 3850/89/236
f 3855/88/236 3854/91/236 3851/90/236
f 3854/91/236 3852/92/236 3851/90/236
f 3849/87/236 3856/93/236 3855/88/236
f 3853/94/236 3852/92/236 3854/91/236
f 3849/87/236 3853/94/236 3856/93/236
f 3849/87/236 3852/92/236 3853/94/236
f 3857/87/236 3863/88/236 3858/89/236
f 3863/88/236 3859/90/236 3858/89/236
f 3863/88/236 3862/91/236 3859/90/236
f 3862/91/236 3860/92/236 3859/90/236
f 3857/87/236 3864/93/236 3863/88/236
f 3861/94/236 3860/92/236 3862/91/236
f 3857/87/236 3861/94/236 3864/93/236
f 3857/87/236 3860/92/236 3861/94/236
f 3865/87/236 3871/88/236 3866/89/236
f 3871/88/236 3867/90/236 3866/89/236
f 3871/88/236 3870/91/236 3867/90/236
f 3870/91/236 3868/92/236 3867/90/236
f 3865/87/236 3872/93/236 3871/88/236
f 3869/94/236 3868/92/236 3870/91/236
f 3865/87/236 3869/94/236 3872/93/236
f 3865/87/236 3868/92/236 3869/94/236
f 3873/87/236 3879/88/236 3874/89/236
f 3879/88/236 3875/90/236 3874/89/236
f 3879/88/236 3878/91/236 3875/90/236
f 3878/91/236 3876/92/236 3875/90/236
f 3873/87/236 3880/93/236 3879/88/236
f 3877/94/236 3876/92/236 3878/91/236
f 3873/87/236 3877/94/236 3880/93/236
f 3873/87/236 3876/92/236 3877/94/236
f 3881/87/236 3887/88/236 3882/89/236
f 3887/88/236 3883/90/236 3882/89/236
f 3887/88/236 3886/91/236 3883/90/236
f 3886/91/236 3884/92/236 3883/90/236
f 3881/87/236 3888/93/236 3887/88/236
f 3885/94/236 3884/92/236 3886/91/236
f 3881/87/236 3885/94/236 3888/93/236
f 3881/87/236 3884/92/236 3885/94/236
f 3889/87/236 3895/88/236 3890/89/236
f 3895/88/236 3891/90/236 3890/89/236
f 3895/88/236 3894/91/236 3891/90/236
f 3894/91/236 3892/92/236 3891/90/236
f 3889/87/236 3896/93/236 3895/88/236
f 3893/94/236 3892/92/236 3894/91/236
f 3889/87/236 3893/94/236 3896/93/236
f 3889/87/236 3892/92/236 3893/94/236
f 3897/87/236 3903/88/236 3898/89/236
f 3903/88/236 3899/90/236 3898/89/236
f 3903/88/236 3902/91/236 3899/90/236
f 3902/91/236 3900/92/236 3899/90/236
f 3897/87/236 3904/93/236 3903/88/236
f 3901/94/236 3900/92/236 3902/91/236
f 3897/87/236 3901/94/236 3904/93/236
f 3897/87/236 3900/92/236 3901/94/236
f 3905/87/236 3911/88/236 3906/89/236
f 3911/88/236 3907/90/236 3906/89/236
f 3911/88/236 3910/91/236 3907/90/236
f 3910/91/236 3908/92/236 3907/90/236
f 3905/87/236 3912/93/236 3911/88/236
f 3909/94/236 3908/92/236 3910/91/236
f 3905/87/236 3909/94/236 3912/93/236
f 3905/87/236 3908/92/236 3909/94/236
f 3913/87/236 3919/88/236 3914/89/236
f 3919/88/236 3915/90/236 3914/89/236
f 3919/88/236 3918/91/236 3915/90/236
f 3918/91/236 3916/92/236 3915/90/236
f 3913/87/236 3920/93/236 3919/88/236
f 3917/94/236 3916/92/236 3918/91/236
f 3913/87/236 3917/94/236 3920/93/236
f 3913/87/236 3916/92/236 3917/94/236
f 3921/87/236 3927/88/236 3922/89/236
f 3927/88/236 3923/90/236 3922/89/236
f 3927/88/236 3926/91/236 3923/90/236
f 3926/91/236 3924/92/236 3923/90/236
f 3921/87/236 3928/93/236 3927/88/236
f 3925/94/236 3924/92/236 3926/91/236
f 3921/87/236 3925/94/236 3928/93/236
f 3921/87/236 3924/92/236 3925/94/236
f 3929/87/236 3935/88/236 3930/89/236
f 3935/88/236 3931/90/236 3930/89/236
f 3935/88/236 3934/91/236 3931/90/236
f 3934/91/236 3932/92/236 3931/90/236
f 3929/87/236 3936/93/236 3935/88/236
f 3933/94/236 3932/92/236 3934/91/236
f 3929/87/236 3933/94/236 3936/93/236
f 3929/87/236 3932/92/236 3933/94/236
f 3937/87/236 3943/88/236 3938/89/236
f 3943/88/236 3939/90/236 3938/89/236
f 3943/88/236 3942/91/236 3939/90/236
f 3942/91/236 3940/92/236 3939/90/236
f 3937/87/236 3944/93/236 3943/88/236
f 3941/94/236 3940/92/236 3942/91/236
f 3937/87/236 3941/94/236 3944/93/236
f 3937/87/236 3940/92/236 3941/94/236
f 3945/87/236 3951/88/236 3946/89/236
f 3951/88/236 3947/90/236 3946/89/236
f 3951/88/236 3950/91/236 3947/90/236
f 3950/91/236 3948/92/236 3947/90/236
f 3945/87/236 3952/93/236 3951/88/236
f 3949/94/236 3948/92/236 3950/91/236
f 3945/87/236 3949/94/236 3952/93/236
f 3945/87/236 3948/92/236 3949/94/236
f 3953/87/236 3959/88/236 3954/89/236
f 3959/88/236 3955/90/236 3954/89/236
f 3959/88/236 3958/91/236 3955/90/236
f 3958/91/236 3956/92/236 3955/90/236
f 3953/87/236 3960/93/236 3959/88/236
f 3957/94/236 3956/92/236 3958/91/236
f 3953/87/236 3957/94/236 3960/93/236
f 3953/87/236 3956/92/236 3957/94/236
f 3961/87/236 3967/88/236 3962/89/236
f 3967/88/236 3963/90/236 3962/89/236
f 3967/88/236 3966/91/236 3963/90/236
f 3966/91/236 3964/92/236 3963/90/236
f 3961/87/236 3968/93/236 3967/88/236
f 3965/94/236 3964/92/236 3966/91/236
f 3961/87/236 3965/94/236 3968/93/236
f 3961/87/236 3964/92/236 3965/94/236
f 3969/87/236 3975/88/236 3970/89/236
f 3975/88/236 3971/90/236 3970/89/236
f 3975/88/236 3974/91/236 3971/90/236
f 3974/91/236 3972/92/236 3971/90/236
f 3969/87/236 3976/93/236 3975/88/236
f 3973/94/236 3972/92/236 3974/91/236
f 3969/87/236 3973/94/236 3976/93/236
f 3969/87/236 3972/92/236 3973/94/236
f 3977/87/236 3983/88/236 3978/89/236
f 3983/88/236 3979/90/236 3978/89/236
f 3983/88/236 3982/91/236 3979/90/236
f 3982/91/236 3980/92/236 3979/90/236
f 3977/87/236 3984/93/236 3983/88/236
f 3981/94/236 3980/92/236 3982/91/236
f 3977/87/236 3981/94/236 3984/93/236
f 3977/87/236 3980/92/236 3981/94/236
f 3985/87/236 3991/88/236 3986/89/236
f 3991/88/236 3987/90/236 3986/89/236
f 3991/88/236 3990/91/236 3987/90/236
f 3990/91/236 3988/92/236 3987/90/236
f 3985/87/236 3992/93/236 3991/88/236
f 3989/94/236 3988/92/236 3990/91/236
f 3985/87/236 3989/94/236 3992/93/236
f 3985/87/236 3988/92/236 3989/94/236
f 3993/87/236 3999/88/236 3994/89/236
f 3999/88/236 3995/90/236 3994/89/236
f 3999/88/236 3998/91/236 3995/90/236
f 3998/91/236 3996/92/236 3995/90/236
f 3993/87/236 4000/93/236 3999/88/236
f 3997/94/236 3996/92/236 3998/91/236
f 3993/87/236 3997/94/236 4000/93/236
f 3993/87/236 3996/92/236 3997/94/236
f 4001/87/236 4007/88/236 4002/89/236
f 4007/88/236 4003/90/236 4002/89/236
f 4007/88/236 4006/91/236 4003/90/236
f 4006/91/236 4004/92/236 4003/90/236
f 4001/87/236 4008/93/236 4007/88/236
f 4005/94/236 4004/92/236 4006/91/236
f 4001/87/236 4005/94/236 4008/93/236
f 4001/87/236 4004/92/236 4005/94/236
f 4009/87/236 4015/88/236 4010/89/236
f 4015/88/236 4011/90/236 4010/89/236
f 4015/88/236 4014/91/236 4011/90/236
f 4014/91/236 4012/92/236 4011/90/236
f 4009/87/236 4016/93/236 4015/88/236
f 4013/94/236 4012/92/236 4014/91/236
f 4009/87/236 4013/94/236 4016/93/236
f 4009/87/236 4012/92/236 4013/94/236
f 4017/87/236 4023/88/236 4018/89/236
f 4023/88/236 4019/90/236 4018/89/236
f 4023/88/236 4022/91/236 4019/90/236
f 4022/91/236 4020/92/236 4019/90/236
f 4017/87/236 4024/93/236 4023/88/236
f 4021/94/236 4020/92/236 4022/91/236
f 4017/87/236 4021/94/236 4024/93/236
f 4017/87/236 4020/92/236 4021/94/236
f 4025/87/236 4031/88/236 4026/89/236
f 4031/88/236 4027/90/236 4026/89/236
f 4031/88/236 4030/91/236 4027/90/236
f 4030/91/236 4028/92/236 4027/90/236
f 4025/87/236 4032/93/236 4031/88/236
f 4029/94/236 4028/92/236 4030/91/236
f 4025/87/236 4029/94/236 4032/93/236
f 4025/87/236 4028/92/236 4029/94/236
f 4033/87/236 4039/88/236 4034/89/236
f 4039/88/236 4035/90/236 4034/89/236
f 4039/88/236 4038/91/236 4035/90/236
f 4038/91/236 4036/92/236 4035/90/236
f 4033/87/236 4040/93/236 4039/88/236
f 4037/94/236 4036/92/236 4038/91/236
f 4033/87/236 4037/94/236 4040/93/236
f 4033/87/236 4036/92/236 4037/94/236
f 4041/87/236 4047/88/236 4042/89/236
f 4047/88/236 4043/90/236 4042/89/236
f 4047/88/236 4046/91/236 4043/90/236
f 4046/91/236 4044/92/236 4043/90/236
f 4041/87/236 4048/93/236 4047/88/236
f 4045/94/236 4044/92/236 4046/91/236
f 4041/87/236 4045/94/236 4048/93/236
f 4041/87/236 4044/92/236 4045/94/236
f 4049/87/236 4055/88/236 4050/89/236
f 4055/88/236 4051/90/236 4050/89/236
f 4055/88/236 4054/91/236 4051/90/236
f 4054/91/236 4052/92/236 4051/90/236
f 4049/87/236 4056/93/236 4055/88/236
f 4053/94/236 4052/92/236 4054/91/236
f 4049/87/236 4053/94/236 4056/93/236
f 4049/87/236 4052/92/236 4053/94/236
f 4057/87/236 4063/88/236 4058/89/236
f 4063/88/236 4059/90/236 4058/89/236
f 4063/88/236 4062/91/236 4059/90/236
f 4062/91/236 4060/92/236 4059/90/236
f 4057/87/236 4064/93/236 4063/88/236
f 4061/94/236 4060/92/236 4062/91/236
f 4057/87/236 4061/94/236 4064/93/236
f 4057/87/236 4060/92/236 4061/94/236
f 4065/87/236 4071/88/236 4066/89/236
f 4071/88/236 4067/90/236 4066/89/236
f 4071/88/236 4070/91/236 4067/90/236
f 4070/91/236 4068/92/236 4067/90/236
f 4065/87/236 4072/93/236 4071/88/236
f 4069/94/236 4068/92/236 4070/91/236
f 4065/87/236 4069/94/236 4072/93/236
f 4065/87/236 4068/92/236 4069/94/236
f 4073/87/236 4079/88/236 4074/89/236
f 4079/88/236 4075/90/236 4074/89/236
f 4079/88/236 4078/91/236 4075/90/236
f 4078/91/236 4076/92/236 4075/90/236
f 4073/87/236 4080/93/236 4079/88/236
f 4077/94/236 4076/92/236 4078/91/236
f 4073/87/236 4077/94/236 4080/93/236
f 4073/87/236 4076/92/236 4077/94/236
f 4081/87/236 4087/88/236 4082/89/236
f 4087/88/236 4083/90/236 4082/89/236
f 4087/88/236 4086/91/236 4083/90/236
f 4086/91/236 4084/92/236 4083/90/236
f 4081/87/236 4088/93/236 4087/88/236
f 4085/94/236 4084/92/236 4086/91/236
f 4081/87/236 4085/94/236 4088/93/236
f 4081/87/236 4084/92/236 4085/94/236
f 4089/87/236 4095/88/236 4090/89/236
f 4095/88/236 4091/90/236 4090/89/236
f 4095/88/236 4094/91/236 4091/90/236
f 4094/91/236 4092/92/236 4091/90/236
f 4089/87/236 4096/93/236 4095/88/236
f 4093/94/236 4092/92/236 4094/91/236
f 4089/87/236 4093/94/236 4096/93/236
f 4089/87/236 4092/92/236 4093/94/236
f 4097/87/236 4103/88/236 4098/89/236
f 4103/88/236 4099/90/236 4098/89/236
f 4103/88/236 4102/91/236 4099/90/236
f 4102/91/236 4100/92/236 4099/90/236
f 4097/87/236 4104/93/236 4103/88/236
f 4101/94/236 4100/92/236 4102/91/236
f 4097/87/236 4101/94/236 4104/93/236
f 4097/87/236 4100/92/236 4101/94/236
f 4105/87/236 4111/88/236 4106/89/236
f 4111/88/236 4107/90/236 4106/89/236
f 4111/88/236 4110/91/236 4107/90/236
f 4110/91/236 4108/92/236 4107/90/236
f 4105/87/236 4112/93/236 4111/88/236
f 4109/94/236 4108/92/236 4110/91/236
f 4105/87/236 4109/94/236 4112/93/236
f 4105/87/236 4108/92/236 4109/94/236
f 4113/87/236 4119/88/236 4114/89/236
f 4119/88/236 4115/90/236 4114/89/236
f 4119/88/236 4118/91/236 4115/90/236
f 4118/91/236 4116/92/236 4115/90/236
f 4113/87/236 4120/93/236 4119/88/236
f 4117/94/236 4116/92/236 4118/91/236
f 4113/87/236 4117/94/236 4120/93/236
f 4113/87/236 4116/92/236 4117/94/236
f 4121/87/236 4127/88/236 4122/89/236
f 4127/88/236 4123/90/236 4122/89/236
f 4127/88/236 4126/91/236 4123/90/236
f 4126/91/236 4124/92/236 4123/90/236
f 4121/87/236 4128/93/236 4127/88/236
f 4125/94/236 4124/92/236 4126/91/236
f 4121/87/236 4125/94/236 4128/93/236
f 4121/87/236 4124/92/236 4125/94/236
f 4129/87/236 4135/88/236 4130/89/236
f 4135/88/236 4131/90/236 4130/89/236
f 4135/88/236 4134/91/236 4131/90/236
f 4134/91/236 4132/92/236 4131/90/236
f 4129/87/236 4136/93/236 4135/88/236
f 4133/94/236 4132/92/236 4134/91/236
f 4129/87/236 4133/94/236 4136/93/236
f 4129/87/236 4132/92/236 4133/94/236
f 4137/87/236 4143/88/236 4138/89/236
f 4143/88/236 4139/90/236 4138/89/236
f 4143/88/236 4142/91/236 4139/90/236
f 4142/91/236 4140/92/236 4139/90/236
f 4137/87/236 4144/93/236 4143/88/236
f 4141/94/236 4140/92/236 4142/91/236
f 4137/87/236 4141/94/236 4144/93/236
f 4137/87/236 4140/92/236 4141/94/236
f 4145/87/236 4151/88/236 4146/89/236
f 4151/88/236 4147/90/236 4146/89/236
f 4151/88/236 4150/91/236 4147/90/236
f 4150/91/236 4148/92/236 4147/90/236
f 4145/87/236 4152/93/236 4151/88/236
f 4149/94/236 4148/92/236 4150/91/236
f 4145/87/236 4149/94/236 4152/93/236
f 4145/87/236 4148/92/236 4149/94/236
f 4153/87/236 4159/88/236 4154/89/236
f 4159/88/236 4155/90/236 4154/89/236
f 4159/88/236 4158/91/236 4155/90/236
f 4158/91/236 4156/92/236 4155/90/236
f 4153/87/236 4160/93/236 4159/88/236
f 4157/94/236 4156/92/236 4158/91/236
f 4153/87/236 4157/94/236 4160/93/236
f 4153/87/236 4156/92/236 4157/94/236
f 4161/87/236 4167/88/236 4162/89/236
f 4167/88/236 4163/90/236 4162/89/236
f 4167/88/236 4166/91/236 4163/90/236
f 4166/91/236 4164/92/236 4163/90/236
f 4161/87/236 4168/93/236 4167/88/236
f 4165/94/236 4164/92/236 4166/91/236
f 4161/87/236 4165/94/236 4168/93/236
f 4161/87/236 4164/92/236 4165/94/236
f 4169/87/236 4175/88/236 4170/89/236
f 4175/88/236 4171/90/236 4170/89/236
f 4175/88/236 4174/91/236 4171/90/236
f 4174/91/236 4172/92/236 4171/90/236
f 4169/87/236 4176/93/236 4175/88/236
f 4173/94/236 4172/92/236 4174/91/236
f 4169/87/236 4173/94/236 4176/93/236
f 4169/87/236 4172/92/236 4173/94/236
f 4177/87/236 4183/88/236 4178/89/236
f 4183/88/236 4179/90/236 4178/89/236
f 4183/88/236 4182/91/236 4179/90/236
f 4182/91/236 4180/92/236 4179/90/236
f 4177/87/236 4184/93/236 4183/88/236
f 4181/94/236 4180/92/236 4182/91/236
f 4177/87/236 4181/94/236 4184/93/236
f 4177/87/236 4180/92/236 4181/94/236
f 4185/87/236 4191/88/236 4186/89/236
f 4191/88/236 4187/90/236 4186/89/236
f 4191/88/236 4190/91/236 4187/90/236
f 4190/91/236 4188/92/236 4187/90/236
f 4185/87/236 4192/93/236 4191/88/236
f 4189/94/236 4188/92/236 4190/91/236
f 4185/87/236 4189/94/236 4192/93/236
f 4185/87/236 4188/92/236 4189/94/236
f 4193/87/236 4199/88/236 4194/89/236
f 4199/88/236 4195/90/236 4194/89/236
f 4199/88/236 4198/91/236 4195/90/236
f 4198/91/236 4196/92/236 4195/90/236
f 4193/87/236 4200/93/236 4199/88/236
f 4197/94/236 4196/92/236 4198/91/236
f 4193/87/236 4197/94/236 4200/93/236
f 4193/87/236 4196/92/236 4197/94/236
f 4201/87/236 4207/88/236 4202/89/236
f 4207/88/236 4203/90/236 4202/89/236
f 4207/88/236 4206/91/236 4203/90/236
f 4206/91/236 4204/92/236 4203/90/236
f 4201/87/236 4208/93/236 4207/88/236
f 4205/94/236 4204/92/236 4206/91/236
f 4201/87/236 4205/94/236 4208/93/236
f 4201/87/236 4204/92/236 4205/94/236
f 4209/87/236 4215/88/236 4210/89/236
f 4215/88/236 4211/90/236 4210/89/236
f 4215/88/236 4214/91/236 4211/90/236
f 4214/91/236 4212/92/236 4211/90/236
f 4209/87/236 4216/93/236 4215/88/236
f 4213/94/236 4212/92/236 4214/91/236
f 4209/87/236 4213/94/236 4216/93/236
f 4209/87/236 4212/92/236 4213/94/236
f 4217/87/236 4223/88/236 4218/89/236
f 4223/88/236 4219/90/236 4218/89/236
f 4223/88/236 4222/91/236 4219/90/236
f 4222/91/236 4220/92/236 4219/90/236
f 4217/87/236 4224/93/236 4223/88/236
f 4221/94/236 4220/92/236 4222/91/236
f 4217/87/236 4221/94/236 4224/93/236
f 4217/87/236 4220/92/236 4221/94/236
f 4225/87/236 4231/88/236 4226/89/236
f 4231/88/236 4227/90/236 4226/89/236
f 4231/88/236 4230/91/236 4227/90/236
f 4230/91/236 4228/92/236 4227/90/236
f 4225/87/236 4232/93/236 4231/88/236
f 4229/94/236 4228/92/236 4230/91/236
f 4225/87/236 4229/94/236 4232/93/236
f 4225/87/236 4228/92/236 4229/94/236
f 4233/87/236 4239/88/236 4234/89/236
f 4239/88/236 4235/90/236 4234/89/236
f 4239/88/236 4238/91/236 4235/90/236
f 4238/91/236 4236/92/236 4235/90/236
f 4233/87/236 4240/93/236 4239/88/236
f 4237/94/236 4236/92/236 4238/91/236
f 4233/87/236 4237/94/236 4240/93/236
f 4233/87/236 4236/92/236 4237/94/236
f 4241/87/236 4247/88/236 4242/89/236
f 4247/88/236 4243/90/236 4242/89/236
f 4247/88/236 4246/91/236 4243/90/236
f 4246/91/236 4244/92/236 4243/90/236
f 4241/87/236 4248/93/236 4247/88/236
f 4245/94/236 4244/92/236 4246/91/236
f 4241/87/236 4245/94/236 4248/93/236
f 4241/87/236 4244/92/236 4245/94/236
f 4249/87/236 4255/88/236 4250/89/236
f 4255/88/236 4251/90/236 4250/89/236
f 4255/88/236 4254/91/236 4251/90/236
f 4254/91/236 4252/92/236 4251/90/236
f 4249/87/236 4256/93/236 4255/88/236
f 4253/94/236 4252/92/236 4254/91/236
f 4249/87/236 4253/94/236 4256/93/236
f 4249/87/236 4252/92/236 4253/94/236
f 4257/87/236 4263/88/236 4258/89/236
f 4263/88/236 4259/90/236 4258/89/236
f 4263/88/236 4262/91/236 4259/90/236
f 4262/91/236 4260/92/236 4259/90/236
f 4257/87/236 4264/93/236 4263/88/236
f 4261/94/236 4260/92/236 4262/91/236
f 4257/87/236 4261/94/236 4264/93/236
f 4257/87/236 4260/92/236 4261/94/236
f 4265/87/236 4271/88/236 4266/89/236
f 4271/88/236 4267/90/236 4266/89/236
f 4271/88/236 4270/91/236 4267/90/236
f 4270/91/236 4268/92/236 4267/90/236
f 4265/87/236 4272/93/236 4271/88/236
f 4269/94/236 4268/92/236 4270/91/236
f 4265/87/236 4269/94/236 4272/93/236
f 4265/87/236 4268/92/236 4269/94/236
f 4273/87/236 4279/88/236 4274/89/236
f 4279/88/236 4275/90/236 4274/89/236
f 4279/88/236 4278/91/236 4275/90/236
f 4278/91/236 4276/92/236 4275/90/236
f 4273/87/236 4280/93/236 4279/88/236
f 4277/94/236 4276/92/236 4278/91/236
f 4273/87/236 4277/94/236 4280/93/236
f 4273/87/236 4276/92/236 4277/94/236
f 4281/87/236 4287/88/236 4282/89/236
f 4287/88/236 4283/90/236 4282/89/236
f 4287/88/236 4286/91/236 4283/90/236
f 4286/91/236 4284/92/236 4283/90/236
f 4281/87/236 4288/93/236 4287/88/236
f 4285/94/236 4284/92/236 4286/91/236
f 4281/87/236 4285/94/236 4288/93/236
f 4281/87/236 4284/92/236 4285/94/236
f 4289/87/236 4295/88/236 4290/89/236
f 4295/88/236 4291/90/236 4290/89/236
f 4295/88/236 4294/91/236 4291/90/236
f 4294/91/236 4292/92/236 4291/90/236
f 4289/87/236 4296/93/236 4295/88/236
f 4293/94/236 4292/92/236 4294/91/236
f 4289/87/236 4293/94/236 4296/93/236
f 4289/87/236 4292/92/236 4293/94/236
f 4297/87/236 4303/88/236 4298/89/236
f 4303/88/236 4299/90/236 4298/89/236
f 4303/88/236 4302/91/236 4299/90/236
f 4302/91/236 4300/92/236 4299/90/236
f 4297/87/236 4304/93/236 4303/88/236
f 4301/94/236 4300/92/236 4302/91/236
f 4297/87/236 4301/94/236 4304/93/236
f 4297/87/236 4300/92/236 4301/94/236
f 4305/87/236 4311/88/236 4306/89/236
f 4311/88/236 4307/90/236 4306/89/236
f 4311/88/236 4310/91/236 4307/90/236
f 4310/91/236 4308/92/236 4307/90/236
f 4305/87/236 4312/93/236 4311/88/236
f 4309/94/236 4308/92/236 4310/91/236
f 4305/87/236 4309/94/236 4312/93/236
f 4305/87/236 4308/92/236 4309/94/236
f 4313/87/236 4319/88/236 4314/89/236
f 4319/88/236 4315/90/236 4314/89/236
f 4319/88/236 4318/91/236 4315/90/236
f 4318/91/236 4316/92/236 4315/90/236
f 4313/87/236 4320/93/236 4319/88/236
f 4317/94/236 4316/92/236 4318/91/236
f 4313/87/236 4317/94/236 4320/93/236
f 4313/87/236 4316/92/236 4317/94/236
f 4321/87/236 4327/88/236 4322/89/236
f 4327/88/236 4323/90/236 4322/89/236
f 4327/88/236 4326/91/236 4323/90/236
f 4326/91/236 4324/92/236 4323/90/236
f 4321/87/236 4328/93/236 4327/88/236
f 4325/94/236 4324/92/236 4326/91/236
f 4321/87/236 4325/94/236 4328/93/236
f 4321/87/236 4324/92/236 4325/94/236
f 4329/87/236 4335/88/236 4330/89/236
f 4335/88/236 4331/90/236 4330/89/236
f 4335/88/236 4334/91/236 4331/90/236
f 4334/91/236 4332/92/236 4331/90/236
f 4329/87/236 4336/93/236 4335/88/236
f 4333/94/236 4332/92/236 4334/91/236
f 4329/87/236 4333/94/236 4336/93/236
f 4329/87/236 4332/92/236 4333/94/236
f 4337/87/236 4343/88/236 4338/89/236
f 4343/88/236 4339/90/236 4338/89/236
f 4343/88/236 4342/91/236 4339/90/236
f 4342/91/236 4340/92/236 4339/90/236
f 4337/87/236 4344/93/236 4343/88/236
f 4341/94/236 4340/92/236 4342/91/236
f 4337/87/236 4341/94/236 4344/93/236
f 4337/87/236 4340/92/236 4341/94/236
o Cube.003
v -0.206979 3.418977 2.299752
v 0.206979 3.418977 2.299752
v -0.206979 3.324019 2.299752
v 0.206979 3.324019 2.299752
v -0.206979 3.418977 2.276486
v 0.206979 3.418977 2.276486
v 0.206979 3.324019 2.276486
v -0.206979 3.324019 2.276486
v 0.151621 3.301643 2.293180
v 0.197941 3.301643 2.293180
v 0.197941 3.291018 2.293180
v 0.151621 3.291018 2.293180
v 0.151621 3.301643 2.309681
v 0.197941 3.301643 2.309681
v 0.197941 3.291018 2.309681
v 0.151621 3.291018 2.309681
v -0.151811 2.006044 0.484177
v -0.240866 2.095099 0.484177
v -0.196338 2.017975 0.484177
v -0.228935 2.050571 0.484177
v -0.240866 3.464719 0.484177
v -0.151811 3.553774 0.484177
v -0.228935 3.509247 0.484177
v -0.196339 3.541843 0.484177
v 0.151811 3.553774 0.484177
v 0.240866 3.464720 0.484177
v 0.196339 3.541843 0.484177
v 0.228935 3.509247 0.484177
v 0.240866 2.095099 0.484177
v 0.151811 2.006044 0.484177
v 0.228935 2.050571 0.484177
v 0.196339 2.017975 0.484177
v -0.240866 2.095099 2.299752
v -0.151811 2.006044 2.299752
v -0.238577 2.095069 2.299752
v -0.228935 2.050571 2.299752
v -0.196338 2.017975 2.299752
v -0.151811 3.553774 2.299752
v -0.240866 3.464719 2.299752
v -0.219154 3.467407 2.299752
v -0.196339 3.541843 2.299752
v -0.228935 3.509247 2.299752
v 0.240866 3.464720 2.299752
v 0.151811 3.553774 2.299752
v 0.219153 3.467407 2.299752
v 0.228935 3.509247 2.299752
v 0.196338 3.541843 2.299752
v 0.151811 2.006044 2.299752
v 0.240866 2.095099 2.299752
v 0.238577 2.095069 2.299752
v 0.196339 2.017975 2.299752
v 0.228935 2.050571 2.299752
v -0.259392 2.092660 2.299752
v -0.245117 2.041229 2.299752
v -0.205681 2.001793 2.299752
v -0.154250 1.987518 2.299752
v -0.154250 3.572300 2.299752
v -0.205682 3.558025 2.299752
v -0.245117 3.518590 2.299752
v -0.259392 3.467158 2.299752
v 0.259392 3.467159 2.299752
v 0.245117 3.518590 2.299752
v 0.205681 3.558026 2.299752
v 0.154250 3.572300 2.299752
v 0.154250 1.987518 2.299752
v 0.205681 2.001793 2.299752
v 0.245117 2.041229 2.299752
v 0.259392 2.092660 2.299752
v -0.205681 2.001793 0.484177
v -0.154250 1.987518 0.484177
v -0.245117 2.041229 0.484177
v -0.259392 2.092660 0.484177
v -0.154250 3.572300 0.484177
v -0.205681 3.558025 0.484177
v -0.245117 3.518590 0.484177
v -0.259392 3.467158 0.484177
v 0.154250 1.987518 0.484177
v 0.205682 2.001793 0.484177
v 0.245117 2.041229 0.484177
v 0.259392 2.092660 0.484177
v 0.205681 3.558026 0.484177
v 0.154250 3.572300 0.484177
v 0.245117 3.518590 0.484177
v 0.259392 3.467159 0.484177
v -0.240866 2.095099 2.322367
v -0.228935 2.050571 2.322367
v -0.196338 2.017975 2.322367
v -0.151811 2.006044 2.322367
v -0.151811 3.553774 2.322367
v -0.196339 3.541843 2.322367
v -0.228935 3.509247 2.322367
v -0.240866 3.464719 2.322367
v 0.240866 3.464720 2.322367
v 0.228935 3.509247 2.322367
v 0.196338 3.541843 2.322367
v 0.151811 3.553774 2.322367
v 0.151811 2.006044 2.322367
v 0.196339 2.017975 2.322367
v 0.228935 2.050571 2.322367
v 0.240866 2.095099 2.322367
v -0.259392 3.467158 2.322367
v 0.154250 3.572300 2.322367
v 0.154250 1.987518 2.322367
v -0.154250 1.987518 2.322367
v 0.205681 3.558026 2.322367
v -0.205681 2.001793 2.322367
v 0.245117 3.518590 2.322367
v 0.259392 3.467159 2.322367
v -0.245117 2.041229 2.322367
v -0.259392 2.092660 2.322367
v -0.154250 3.572300 2.322367
v -0.205682 3.558025 2.322367
v -0.245117 3.518590 2.322367
v 0.205681 2.001793 2.322367
v 0.245117 2.041229 2.322367
v 0.259392 2.092660 2.322367
vn -0.0000 -0.0000 -1.0000
vn -1.0000 -0.0000 -0.0000
vn -0.0000 -0.0000 1.0000
vn -0.0000 1.0000 -0.0000
vn 1.0000 -0.0000 -0.0000
vn -0.0000 -1.0000 -0.0000
vn -0.8638 0.5039 -0.0000
vn -0.9909 0.1350 -0.0000
vn -0.5039 0.8638 -0.0000
vn 0.9914 0.1305 -0.0000
vn 0.9914 -0.1305 -0.0000
vn -0.1350 0.9909 -0.0000
vn -0.1305 -0.9914 -0.0000
vn -0.2588 -0.9659 -0.0000
vn -0.1305 0.9914 -0.0000
vn 0.1305 0.9914 -0.0000
vn 0.2588 0.9659 -0.0000
vn -0.5039 -0.8638 -0.0000
vn -0.1350 -0.9909 -0.0000
vn 0.1350 0.9909 -0.0000
vn -0.9909 -0.1350 -0.0000
vn 0.9909 -0.1350 -0.0000
vn 0.9909 0.1350 -0.0000
vn -0.8638 -0.5039 -0.0000
vn 0.1350 -0.9909 -0.0000
vn 0.5039 -0.8638 -0.0000
vn 0.8638 -0.5039 -0.0000
vn 0.5039 0.8638 -0.0000
vn 0.8638 0.5039 -0.0000
vn -0.7071 -0.7071 -0.0000
vn -0.8660 -0.5000 -0.0000
vn 0.7071 0.7071 -0.0000
vn 0.8660 0.5000 -0.0000
vn -0.9914 -0.1305 -0.0000
vn 0.2588 -0.9659 -0.0000
vn 0.1305 -0.9914 -0.0000
vn -0.2588 0.9659 -0.0000
vn 0.8660 -0.5000 -0.0000
vn 0.7071 -0.7071 -0.0000
vn -0.9914 0.1305 -0.0000
vn -0.8660 0.5000 -0.0000
vn -0.7071 0.7071 -0.0000
vt 0.375000 0.296216
vt 0.376927 0.273108
vt 0.382192 0.256192
vt 0.389385 0.250000
vt 0.610615 0.250000
vt 0.617808 0.256192
vt 0.623073 0.273108
vt 0.625000 0.296216
vt 0.625000 0.453784
vt 0.623073 0.476892
vt 0.617808 0.493808
vt 0.610615 0.500000
vt 0.389385 0.500000
vt 0.382192 0.493808
vt 0.376927 0.476892
vt 0.375000 0.453784
vt 0.534126 0.840874
vt 0.534126 0.909126
vt 0.168154 0.750000
vt 0.148025 0.756138
vt 0.465874 0.840874
vt 0.465874 0.909126
vt 0.612864 0.851956
vt 0.831846 0.750000
vt 0.610615 0.750000
vt 0.566775 0.851956
vt 0.385748 0.756138
vt 0.389385 0.750000
vt 0.671216 0.750000
vt 0.828784 0.750000
vt 0.612864 0.851956
vt 0.148025 0.756138
vt 0.171216 0.750000
vt 0.328784 0.750000
vt 0.385748 0.756138
vt 0.125000 0.750000
vt 0.131192 0.750000
vt 0.126188 0.750000
vt 0.148108 0.750000
vt 0.811089 0.774858
vt 0.808985 0.775676
vt 0.739325 0.802770
vt 0.617808 0.750000
vt 0.623073 0.750000
vt 0.625000 0.750000
vt 0.328784 0.750000
vt 0.351892 0.750000
vt 0.368808 0.750000
vt 0.375000 0.750000
vt 0.617808 0.000000
vt 0.610615 0.000000
vt 0.625000 0.000000
vt 0.828784 0.750000
vt 0.875000 0.750000
vt 0.671216 0.500000
vt 0.828784 0.500000
vt 0.389385 0.000000
vt 0.171216 0.500000
vt 0.148108 0.500000
vt 0.125000 0.500000
vt 0.375000 0.250000
vt 0.375000 0.000000
vt 0.875000 0.500000
vt 0.625000 0.250000
vt 0.617808 0.250000
vt 0.328784 0.500000
vt 0.351892 0.500000
vt 0.382192 0.500000
vt 0.382192 0.750000
vt 0.648108 0.750000
vt 0.648108 0.500000
vt 0.617808 0.500000
s 1
usemtl Material.009
f 4361/95/237 4363/96/237 4364/97/237 4362/98/237 4365/99/237 4367/100/237 4368/101/237 4366/102/237 4369/103/237 4371/104/237 4372/105/237 4370/106/237 4373/107/237 4375/108/237 4376/109/237 4374/110/237
f 4369/103/237 4366/102/237 4417/102/237 4426/103/237
f 4348/111/238 4346/112/238 4350/112/238 4351/111/238
f 4362/98/237 4364/97/237 4415/97/237 4416/98/237
f 4365/99/237 4362/98/237 4416/98/237 4420/99/237
f 4352/115/239 4351/111/239 4350/112/239 4349/116/239
f 4347/115/240 4348/111/240 4351/111/240 4352/115/240
f 4345/116/241 4347/115/241 4352/115/241 4349/116/241
f 4346/112/242 4345/116/242 4349/116/242 4350/112/242
f 4356/115/237 4353/116/237 4354/112/237 4355/111/237
f 4360/115/239 4359/111/239 4358/112/239 4357/116/239
f 4353/116/238 4356/115/238 4360/115/238 4357/116/238
f 4354/112/240 4353/116/240 4357/116/240 4358/112/240
f 4355/111/241 4354/112/241 4358/112/241 4359/111/241
f 4356/115/242 4355/111/242 4359/111/242 4360/115/242
f 4377/130/239 4380/131/239 4379/132/239
f 4380/131/239 4381/133/239 4379/132/239
f 4381/133/239 4378/127/239 4379/132/239
f 4392/140/239 4395/141/239 4394/121/239
f 4395/141/239 4396/142/239 4394/121/239
f 4396/142/239 4393/143/239 4394/121/239
f 4376/109/237 4375/108/237 4423/108/237 4422/109/237
f 4403/144/243 4404/145/244 4445/145/244 4457/144/243
f 4364/97/237 4363/96/237 4413/96/237 4415/97/237
f 4402/146/245 4403/144/243 4457/144/243 4456/146/245
f 4401/147/248 4402/148/245 4456/148/245 4455/147/248
f 4374/110/237 4376/109/237 4422/109/237 4421/110/237
f 4361/95/237 4374/110/237 4421/110/237 4414/95/237
f 4378/127/252 4381/133/253 4431/133/253 4432/127/252
f 4363/96/237 4361/95/237 4414/95/237 4413/96/237
f 4399/133/254 4400/127/255 4448/127/255 4450/133/254
f 4426/149/256 4417/150/248 4401/147/248 4408/123/256
f 4397/151/257 4404/145/244 4420/99/244 4416/98/257
f 4424/107/258 4428/106/259 4405/119/259 4412/122/258
f 4414/152/255 4400/127/255 4399/133/254 4413/153/254
f 4413/153/254 4399/133/254 4398/130/260 4415/154/260
f 4415/155/260 4398/156/260 4397/151/257 4416/98/257
f 4401/147/248 4417/150/248 4418/157/245 4402/148/245
f 4402/146/245 4418/158/245 4419/159/243 4403/144/243
f 4403/144/243 4419/159/243 4420/99/244 4404/145/244
f 4409/140/261 4421/160/261 4422/161/262 4410/141/262
f 4410/141/262 4422/161/262 4423/162/263 4411/163/263
f 4411/163/263 4423/162/263 4424/107/258 4412/122/258
f 4426/149/256 4408/123/256 4407/164/264 4425/165/264
f 4425/165/264 4407/164/264 4406/137/265 4427/166/265
f 4427/166/265 4406/137/265 4405/119/259 4428/106/259
f 4414/152/255 4421/160/261 4409/140/261 4400/127/255
f 4375/108/237 4373/107/237 4424/107/237 4423/108/237
f 4373/107/237 4370/106/237 4428/106/237 4424/107/237
f 4404/145/244 4397/151/257 4454/151/257 4445/145/244
f 4398/130/260 4399/133/254 4450/133/254 4453/130/260
f 4371/104/237 4369/103/237 4426/103/237 4425/104/237
f 4381/133/268 4380/131/269 4430/131/269 4431/133/268
f 4366/102/237 4368/101/237 4418/101/237 4417/102/237
f 4400/127/255 4409/140/261 4447/140/261 4448/127/255
f 4380/131/269 4377/130/246 4429/130/246 4430/131/269
f 4397/151/257 4398/156/260 4453/156/260 4454/151/257
f 4368/101/237 4367/100/237 4419/100/237 4418/101/237
f 4372/105/237 4371/104/237 4425/104/237 4427/105/237
f 4367/100/237 4365/99/237 4420/99/237 4419/100/237
f 4370/106/237 4372/105/237 4427/105/237 4428/106/237
f 4432/127/239 4431/133/239 4450/133/239 4448/127/239
f 4431/133/239 4430/131/239 4453/131/239 4450/133/239
f 4430/131/239 4429/130/239 4454/130/239 4453/131/239
f 4442/141/239 4441/140/239 4447/140/239 4458/141/239
f 4443/142/239 4442/141/239 4458/141/239 4459/142/239
f 4444/143/239 4443/142/239 4459/142/239 4460/143/239
f 4408/123/256 4401/147/248 4455/147/248 4446/123/256
f 4405/119/259 4406/137/265 4451/137/265 4452/119/259
f 4412/122/258 4405/119/259 4452/119/259 4460/122/258
f 4406/137/265 4407/164/264 4449/164/264 4451/137/265
f 4395/141/273 4392/140/251 4441/140/251 4442/141/273
f 4407/164/264 4408/123/256 4446/123/256 4449/164/264
f 4396/142/277 4395/141/278 4442/141/278 4443/142/277
f 4409/140/261 4410/141/262 4458/141/262 4447/140/261
f 4393/143/276 4396/142/277 4443/142/277 4444/143/276
f 4410/141/262 4411/163/263 4459/163/263 4458/141/262
f 4411/163/263 4412/122/258 4460/122/258 4459/163/263
usemtl Material.008
f 4377/113/239 4379/114/239 4347/115/239 4345/116/239 4384/117/239 4383/118/239
f 4387/119/239 4389/120/239 4346/112/239 4348/111/239 4394/121/239 4393/122/239
f 4389/120/239 4388/123/239 4382/124/239 4384/125/239 4345/116/239 4346/112/239
f 4379/126/239 4378/127/239 4392/128/239 4394/129/239 4348/111/239 4347/115/239
f 4382/134/239 4385/135/239 4384/117/239
f 4385/135/239 4386/136/239 4384/117/239
f 4386/136/239 4383/118/239 4384/117/239
f 4387/119/239 4390/137/239 4389/120/239
f 4390/137/239 4391/138/239 4389/120/239
f 4391/138/239 4388/139/239 4389/120/239
f 4377/113/246 4383/118/247 4436/118/247 4429/113/246
f 4388/139/249 4391/138/250 4439/138/250 4440/139/249
f 4392/128/251 4378/127/252 4432/127/252 4441/128/251
f 4391/138/266 4390/137/267 4438/137/267 4439/138/266
f 4390/137/267 4387/119/270 4437/119/270 4438/137/267
f 4429/113/239 4436/118/239 4445/118/239 4454/113/239
f 4440/139/239 4439/138/239 4449/138/239 4446/139/239
f 4441/128/239 4432/127/239 4448/127/239 4447/128/239
f 4439/138/239 4438/137/239 4451/137/239 4449/138/239
f 4438/137/239 4437/119/239 4452/119/239 4451/137/239
f 4434/135/239 4433/134/239 4455/134/239 4456/135/239
f 4433/124/239 4440/123/239 4446/123/239 4455/124/239
f 4435/136/239 4434/135/239 4456/135/239 4457/136/239
f 4437/119/239 4444/122/239 4460/122/239 4452/119/239
f 4436/118/239 4435/136/239 4457/136/239 4445/118/239
f 4385/135/271 4382/134/272 4433/134/272 4434/135/271
f 4382/124/272 4388/123/249 4440/123/249 4433/124/272
f 4386/136/274 4385/135/275 4434/135/275 4435/136/274
f 4387/119/270 4393/122/276 4444/122/276 4437/119/270
f 4383/118/247 4386/136/274 4435/136/274 4436/118/247
o Cube.004
v 2.548419 2.106062 2.945498
v 2.572985 2.147350 2.920932
v 2.548419 2.106062 2.799567
v 2.572985 2.147350 2.824133
v 2.694351 2.106062 2.945498
v 2.669785 2.147350 2.920932
v 2.694351 2.106062 2.799567
v 2.669785 2.147350 2.824133
v 2.705446 2.106062 2.945499
v 2.730012 2.147351 2.920933
v 2.705446 2.106062 2.799567
v 2.730012 2.147351 2.824133
v 2.851377 2.106062 2.945499
v 2.826811 2.147351 2.920933
v 2.851377 2.106062 2.799567
v 2.826811 2.147351 2.824133
v 2.862472 2.106062 2.945499
v 2.887038 2.147351 2.920933
v 2.862472 2.106062 2.799567
v 2.887038 2.147351 2.824133
v 3.008403 2.106062 2.945499
v 2.983837 2.147351 2.920933
v 3.008403 2.106062 2.799567
v 2.983837 2.147351 2.824133
v 3.019498 2.106062 2.945499
v 3.044064 2.147351 2.920933
v 3.019498 2.106062 2.799567
v 3.044064 2.147351 2.824133
v 3.165430 2.106062 2.945499
v 3.140863 2.147351 2.920933
v 3.165430 2.106062 2.799567
v 3.140863 2.147351 2.824133
v 3.176524 2.106062 2.945499
v 3.201090 2.147351 2.920933
v 3.176524 2.106062 2.799567
v 3.201090 2.147351 2.824133
v 3.322456 2.106062 2.945499
v 3.297889 2.147351 2.920933
v 3.322456 2.106062 2.799567
v 3.297889 2.147351 2.824133
v 3.333550 2.106062 2.945499
v 3.358116 2.147351 2.920933
v 3.333550 2.106062 2.799567
v 3.358116 2.147351 2.824133
v 3.479481 2.106062 2.945499
v 3.454915 2.147351 2.920933
v 3.479481 2.106062 2.799567
v 3.454915 2.147351 2.824133
v 3.490576 2.106062 2.945499
v 3.515142 2.147351 2.920933
v 3.490576 2.106062 2.799567
v 3.515142 2.147351 2.824133
v 3.636508 2.106062 2.945499
v 3.611941 2.147351 2.920933
v 3.636508 2.106062 2.799567
v 3.611941 2.147351 2.824133
v 3.647602 2.106062 2.945499
v 3.672168 2.147351 2.920933
v 3.647602 2.106062 2.799567
v 3.672168 2.147351 2.824133
v 3.793534 2.106062 2.945499
v 3.768968 2.147351 2.920933
v 3.793534 2.106062 2.799567
v 3.768968 2.147351 2.824133
v 3.804628 2.106062 2.945499
v 3.829194 2.147351 2.920933
v 3.804628 2.106062 2.799567
v 3.829194 2.147351 2.824133
v 3.950560 2.106062 2.945499
v 3.925993 2.147351 2.920933
v 3.950560 2.106062 2.799567
v 3.925993 2.147351 2.824133
v 3.961654 2.106062 2.945499
v 3.986220 2.147351 2.920933
v 3.961654 2.106062 2.799567
v 3.986220 2.147351 2.824133
v 4.107586 2.106062 2.945499
v 4.083020 2.147351 2.920933
v 4.107586 2.106062 2.799567
v 4.083020 2.147351 2.824133
v 4.118680 2.106062 2.945499
v 4.143247 2.147351 2.920933
v 4.118680 2.106062 2.799567
v 4.143247 2.147351 2.824133
v 4.264612 2.106062 2.945499
v 4.240046 2.147351 2.920933
v 4.264612 2.106062 2.799567
v 4.240046 2.147351 2.824133
v 4.275706 2.106062 2.945499
v 4.300272 2.147351 2.920933
v 4.275706 2.106062 2.799567
v 4.300272 2.147351 2.824133
v 4.421638 2.106062 2.945499
v 4.397072 2.147351 2.920933
v 4.421638 2.106062 2.799567
v 4.397072 2.147351 2.824133
v 2.561367 2.106062 2.630426
v 2.585934 2.147350 2.605860
v 2.561367 2.106062 2.484494
v 2.585934 2.147350 2.509060
v 2.707299 2.106062 2.630426
v 2.682733 2.147350 2.605860
v 2.707299 2.106062 2.484494
v 2.682733 2.147350 2.509060
v 2.718394 2.106062 2.630426
v 2.742960 2.147351 2.605860
v 2.718394 2.106062 2.484494
v 2.742960 2.147351 2.509061
v 2.864326 2.106062 2.630426
v 2.839759 2.147351 2.605860
v 2.864326 2.106062 2.484494
v 2.839759 2.147351 2.509061
v 2.875420 2.106062 2.630426
v 2.899986 2.147351 2.605860
v 2.875420 2.106062 2.484494
v 2.899986 2.147351 2.509061
v 3.021351 2.106062 2.630426
v 2.996785 2.147351 2.605860
v 3.021351 2.106062 2.484494
v 2.996785 2.147351 2.509061
v 3.032446 2.106062 2.630426
v 3.057012 2.147351 2.605860
v 3.032446 2.106062 2.484494
v 3.057012 2.147351 2.509061
v 3.178378 2.106062 2.630426
v 3.153811 2.147351 2.605860
v 3.178378 2.106062 2.484494
v 3.153811 2.147351 2.509061
v 3.189472 2.106062 2.630426
v 3.214038 2.147351 2.605860
v 3.189472 2.106062 2.484494
v 3.214038 2.147351 2.509061
v 3.335404 2.106062 2.630426
v 3.310838 2.147351 2.605860
v 3.335404 2.106062 2.484494
v 3.310838 2.147351 2.509061
v 3.346498 2.106062 2.630426
v 3.371064 2.147351 2.605860
v 3.346498 2.106062 2.484494
v 3.371064 2.147351 2.509061
v 3.492429 2.106062 2.630426
v 3.467863 2.147351 2.605860
v 3.492429 2.106062 2.484494
v 3.467863 2.147351 2.509061
v 3.503524 2.106062 2.630426
v 3.528090 2.147351 2.605860
v 3.503524 2.106062 2.484494
v 3.528090 2.147351 2.509061
v 3.649456 2.106062 2.630426
v 3.624890 2.147351 2.605860
v 3.649456 2.106062 2.484494
v 3.624890 2.147351 2.509061
v 3.660550 2.106062 2.630426
v 3.685117 2.147351 2.605860
v 3.660550 2.106062 2.484494
v 3.685117 2.147351 2.509061
v 3.806482 2.106062 2.630426
v 3.781916 2.147351 2.605860
v 3.806482 2.106062 2.484494
v 3.781916 2.147351 2.509061
v 3.817576 2.106062 2.630426
v 3.842142 2.147351 2.605860
v 3.817576 2.106062 2.484494
v 3.842142 2.147351 2.509061
v 3.963508 2.106062 2.630426
v 3.938941 2.147351 2.605860
v 3.963508 2.106062 2.484494
v 3.938941 2.147351 2.509061
v 3.974602 2.106062 2.630426
v 3.999168 2.147351 2.605860
v 3.974602 2.106062 2.484494
v 3.999168 2.147351 2.509061
v 4.120534 2.106062 2.630426
v 4.095968 2.147351 2.605860
v 4.120534 2.106062 2.484494
v 4.095968 2.147351 2.509061
v 4.131629 2.106062 2.630426
v 4.156195 2.147351 2.605860
v 4.131629 2.106062 2.484494
v 4.156195 2.147351 2.509061
v 4.277560 2.106062 2.630426
v 4.252994 2.147351 2.605860
v 4.277560 2.106062 2.484494
v 4.252994 2.147351 2.509061
v 4.288654 2.106062 2.630426
v 4.313221 2.147351 2.605860
v 4.288654 2.106062 2.484494
v 4.313221 2.147351 2.509061
v 4.434586 2.106062 2.630426
v 4.410020 2.147351 2.605860
v 4.434586 2.106062 2.484494
v 4.410020 2.147351 2.509061
v 2.613160 2.106062 2.790120
v 2.637726 2.147350 2.765554
v 2.613160 2.106062 2.644188
v 2.637726 2.147350 2.668755
v 2.759092 2.106062 2.790120
v 2.734525 2.147350 2.765554
v 2.759092 2.106062 2.644188
v 2.734525 2.147350 2.668755
v 2.770187 2.106062 2.790120
v 2.794753 2.147351 2.765554
v 2.770187 2.106062 2.644189
v 2.794753 2.147351 2.668755
v 2.916118 2.106062 2.790120
v 2.891552 2.147351 2.765554
v 2.916118 2.106062 2.644189
v 2.891552 2.147351 2.668755
v 2.927212 2.106062 2.790120
v 2.951779 2.147351 2.765554
v 2.927212 2.106062 2.644189
v 2.951779 2.147351 2.668755
v 3.073144 2.106062 2.790120
v 3.048578 2.147351 2.765554
v 3.073144 2.106062 2.644189
v 3.048578 2.147351 2.668755
v 3.084239 2.106062 2.790120
v 3.108805 2.147351 2.765554
v 3.084239 2.106062 2.644189
v 3.108805 2.147351 2.668755
v 3.230170 2.106062 2.790120
v 3.205604 2.147351 2.765554
v 3.230170 2.106062 2.644189
v 3.205604 2.147351 2.668755
v 3.241265 2.106062 2.790120
v 3.265831 2.147351 2.765554
v 3.241265 2.106062 2.644189
v 3.265831 2.147351 2.668755
v 3.387197 2.106062 2.790120
v 3.362630 2.147351 2.765554
v 3.387197 2.106062 2.644189
v 3.362630 2.147351 2.668755
v 3.398291 2.106062 2.790120
v 3.422857 2.147351 2.765554
v 3.398291 2.106062 2.644189
v 3.422857 2.147351 2.668755
v 3.544222 2.106062 2.790120
v 3.519656 2.147351 2.765554
v 3.544222 2.106062 2.644189
v 3.519656 2.147351 2.668755
v 3.555317 2.106062 2.790120
v 3.579883 2.147351 2.765554
v 3.555317 2.106062 2.644189
v 3.579883 2.147351 2.668755
v 3.701249 2.106062 2.790120
v 3.676682 2.147351 2.765554
v 3.701249 2.106062 2.644189
v 3.676682 2.147351 2.668755
v 3.712343 2.106062 2.790120
v 3.736909 2.147351 2.765554
v 3.712343 2.106062 2.644189
v 3.736909 2.147351 2.668755
v 3.858275 2.106062 2.790120
v 3.833709 2.147351 2.765554
v 3.858275 2.106062 2.644189
v 3.833709 2.147351 2.668755
v 3.869369 2.106062 2.790120
v 3.893935 2.147351 2.765554
v 3.869369 2.106062 2.644189
v 3.893935 2.147351 2.668755
v 4.015301 2.106062 2.790120
v 3.990734 2.147351 2.765554
v 4.015301 2.106062 2.644189
v 3.990734 2.147351 2.668755
v 4.026395 2.106062 2.790120
v 4.050961 2.147351 2.765554
v 4.026395 2.106062 2.644189
v 4.050961 2.147351 2.668755
v 4.172327 2.106062 2.790120
v 4.147760 2.147351 2.765554
v 4.172327 2.106062 2.644189
v 4.147760 2.147351 2.668755
v 4.183421 2.106062 2.790120
v 4.207987 2.147351 2.765554
v 4.183421 2.106062 2.644189
v 4.207987 2.147351 2.668755
v 4.329353 2.106062 2.790120
v 4.304787 2.147351 2.765554
v 4.329353 2.106062 2.644189
v 4.304787 2.147351 2.668755
v 4.340447 2.106062 2.790120
v 4.365013 2.147351 2.765554
v 4.340447 2.106062 2.644189
v 4.365013 2.147351 2.668755
v 4.486379 2.106062 2.790120
v 4.461812 2.147351 2.765554
v 4.486379 2.106062 2.644189
v 4.461812 2.147351 2.668755
v 2.402627 2.041421 3.124637
v 2.440296 2.111244 3.113914
v 2.402627 2.041421 2.395790
v 2.440296 2.111244 2.406512
v 4.623873 2.041421 3.124637
v 4.586204 2.111244 3.113914
v 4.623873 2.041421 2.395790
v 4.586204 2.111244 2.406512
v 2.402627 2.111244 3.124637
v 2.402627 2.111244 2.395790
v 4.623873 2.111244 2.395790
v 4.623873 2.111244 3.124637
v 2.440296 2.107697 3.113914
v 2.440296 2.107697 2.406512
v 4.586204 2.107697 2.406512
v 4.586204 2.107697 3.113914
v 3.055928 2.107712 3.107610
v 3.080494 2.149000 3.083044
v 3.055928 2.107712 2.961679
v 3.080494 2.149000 2.986245
v 4.120462 2.107712 3.107610
v 4.095896 2.149000 3.083044
v 4.120462 2.107712 2.961679
v 4.095896 2.149000 2.986245
vn -0.8594 0.5113 -0.0000
vn -0.0000 0.5113 -0.8594
vn 0.8594 0.5113 -0.0000
vn -0.0000 0.5113 0.8594
vn -0.0000 -1.0000 -0.0000
vn -0.0000 1.0000 -0.0000
vn -1.0000 -0.0000 -0.0000
vn -0.0000 -0.0000 -1.0000
vn 1.0000 -0.0000 -0.0000
vn -0.0000 -0.0000 1.0000
vt 0.375000 0.000000
vt 0.625000 0.000000
vt 0.625000 0.250000
vt 0.375000 0.250000
vt 0.625000 0.500000
vt 0.375000 0.500000
vt 0.625000 0.750000
vt 0.375000 0.750000
vt 0.625000 1.000000
vt 0.375000 1.000000
vt 0.125000 0.500000
vt 0.125000 0.750000
vt 0.875000 0.500000
vt 0.875000 0.750000
vt 0.870760 0.745760
vt 0.629240 0.745760
vt 0.870760 0.504240
vt 0.629240 0.504240
s 0
usemtl darkerplastic
f 4461/167/279 4462/168/279 4464/169/279 4463/170/279
f 4463/170/280 4464/169/280 4468/171/280 4467/172/280
f 4467/172/281 4468/171/281 4466/173/281 4465/174/281
f 4465/174/282 4466/173/282 4462/175/282 4461/176/282
f 4463/177/283 4467/172/283 4465/174/283 4461/178/283
f 4468/171/284 4464/179/284 4462/180/284 4466/173/284
f 4469/167/279 4470/168/279 4472/169/279 4471/170/279
f 4471/170/280 4472/169/280 4476/171/280 4475/172/280
f 4475/172/281 4476/171/281 4474/173/281 4473/174/281
f 4473/174/282 4474/173/282 4470/175/282 4469/176/282
f 4471/177/283 4475/172/283 4473/174/283 4469/178/283
f 4476/171/284 4472/179/284 4470/180/284 4474/173/284
f 4477/167/279 4478/168/279 4480/169/279 4479/170/279
f 4479/170/280 4480/169/280 4484/171/280 4483/172/280
f 4483/172/281 4484/171/281 4482/173/281 4481/174/281
f 4481/174/282 4482/173/282 4478/175/282 4477/176/282
f 4479/177/283 4483/172/283 4481/174/283 4477/178/283
f 4484/171/284 4480/179/284 4478/180/284 4482/173/284
f 4485/167/279 4486/168/279 4488/169/279 4487/170/279
f 4487/170/280 4488/169/280 4492/171/280 4491/172/280
f 4491/172/281 4492/171/281 4490/173/281 4489/174/281
f 4489/174/282 4490/173/282 4486/175/282 4485/176/282
f 4487/177/283 4491/172/283 4489/174/283 4485/178/283
f 4492/171/284 4488/179/284 4486/180/284 4490/173/284
f 4493/167/279 4494/168/279 4496/169/279 4495/170/279
f 4495/170/280 4496/169/280 4500/171/280 4499/172/280
f 4499/172/281 4500/171/281 4498/173/281 4497/174/281
f 4497/174/282 4498/173/282 4494/175/282 4493/176/282
f 4495/177/283 4499/172/283 4497/174/283 4493/178/283
f 4500/171/284 4496/179/284 4494/180/284 4498/173/284
f 4501/167/279 4502/168/279 4504/169/279 4503/170/279
f 4503/170/280 4504/169/280 4508/171/280 4507/172/280
f 4507/172/281 4508/171/281 4506/173/281 4505/174/281
f 4505/174/282 4506/173/282 4502/175/282 4501/176/282
f 4503/177/283 4507/172/283 4505/174/283 4501/178/283
f 4508/171/284 4504/179/284 4502/180/284 4506/173/284
f 4509/167/279 4510/168/279 4512/169/279 4511/170/279
f 4511/170/280 4512/169/280 4516/171/280 4515/172/280
f 4515/172/281 4516/171/281 4514/173/281 4513/174/281
f 4513/174/282 4514/173/282 4510/175/282 4509/176/282
f 4511/177/283 4515/172/283 4513/174/283 4509/178/283
f 4516/171/284 4512/179/284 4510/180/284 4514/173/284
f 4517/167/279 4518/168/279 4520/169/279 4519/170/279
f 4519/170/280 4520/169/280 4524/171/280 4523/172/280
f 4523/172/281 4524/171/281 4522/173/281 4521/174/281
f 4521/174/282 4522/173/282 4518/175/282 4517/176/282
f 4519/177/283 4523/172/283 4521/174/283 4517/178/283
f 4524/171/284 4520/179/284 4518/180/284 4522/173/284
f 4525/167/279 4526/168/279 4528/169/279 4527/170/279
f 4527/170/280 4528/169/280 4532/171/280 4531/172/280
f 4531/172/281 4532/171/281 4530/173/281 4529/174/281
f 4529/174/282 4530/173/282 4526/175/282 4525/176/282
f 4527/177/283 4531/172/283 4529/174/283 4525/178/283
f 4532/171/284 4528/179/284 4526/180/284 4530/173/284
f 4533/167/279 4534/168/279 4536/169/279 4535/170/279
f 4535/170/280 4536/169/280 4540/171/280 4539/172/280
f 4539/172/281 4540/171/281 4538/173/281 4537/174/281
f 4537/174/282 4538/173/282 4534/175/282 4533/176/282
f 4535/177/283 4539/172/283 4537/174/283 4533/178/283
f 4540/171/284 4536/179/284 4534/180/284 4538/173/284
f 4541/167/279 4542/168/279 4544/169/279 4543/170/279
f 4543/170/280 4544/169/280 4548/171/280 4547/172/280
f 4547/172/281 4548/171/281 4546/173/281 4545/174/281
f 4545/174/282 4546/173/282 4542/175/282 4541/176/282
f 4543/177/283 4547/172/283 4545/174/283 4541/178/283
f 4548/171/284 4544/179/284 4542/180/284 4546/173/284
f 4549/167/279 4550/168/279 4552/169/279 4551/170/279
f 4551/170/280 4552/169/280 4556/171/280 4555/172/280
f 4555/172/281 4556/171/281 4554/173/281 4553/174/281
f 4553/174/282 4554/173/282 4550/175/282 4549/176/282
f 4551/177/283 4555/172/283 4553/174/283 4549/178/283
f 4556/171/284 4552/179/284 4550/180/284 4554/173/284
f 4557/167/279 4558/168/279 4560/169/279 4559/170/279
f 4559/170/280 4560/169/280 4564/171/280 4563/172/280
f 4563/172/281 4564/171/281 4562/173/281 4561/174/281
f 4561/174/282 4562/173/282 4558/175/282 4557/176/282
f 4559/177/283 4563/172/283 4561/174/283 4557/178/283
f 4564/171/284 4560/179/284 4558/180/284 4562/173/284
f 4565/167/279 4566/168/279 4568/169/279 4567/170/279
f 4567/170/280 4568/169/280 4572/171/280 4571/172/280
f 4571/172/281 4572/171/281 4570/173/281 4569/174/281
f 4569/174/282 4570/173/282 4566/175/282 4565/176/282
f 4567/177/283 4571/172/283 4569/174/283 4565/178/283
f 4572/171/284 4568/179/284 4566/180/284 4570/173/284
f 4573/167/279 4574/168/279 4576/169/279 4575/170/279
f 4575/170/280 4576/169/280 4580/171/280 4579/172/280
f 4579/172/281 4580/171/281 4578/173/281 4577/174/281
f 4577/174/282 4578/173/282 4574/175/282 4573/176/282
f 4575/177/283 4579/172/283 4577/174/283 4573/178/283
f 4580/171/284 4576/179/284 4574/180/284 4578/173/284
f 4581/167/279 4582/168/279 4584/169/279 4583/170/279
f 4583/170/280 4584/169/280 4588/171/280 4587/172/280
f 4587/172/281 4588/171/281 4586/173/281 4585/174/281
f 4585/174/282 4586/173/282 4582/175/282 4581/176/282
f 4583/177/283 4587/172/283 4585/174/283 4581/178/283
f 4588/171/284 4584/179/284 4582/180/284 4586/173/284
f 4589/167/279 4590/168/279 4592/169/279 4591/170/279
f 4591/170/280 4592/169/280 4596/171/280 4595/172/280
f 4595/172/281 4596/171/281 4594/173/281 4593/174/281
f 4593/174/282 4594/173/282 4590/175/282 4589/176/282
f 4591/177/283 4595/172/283 4593/174/283 4589/178/283
f 4596/171/284 4592/179/284 4590/180/284 4594/173/284
f 4597/167/279 4598/168/279 4600/169/279 4599/170/279
f 4599/170/280 4600/169/280 4604/171/280 4603/172/280
f 4603/172/281 4604/171/281 4602/173/281 4601/174/281
f 4601/174/282 4602/173/282 4598/175/282 4597/176/282
f 4599/177/283 4603/172/283 4601/174/283 4597/178/283
f 4604/171/284 4600/179/284 4598/180/284 4602/173/284
f 4605/167/279 4606/168/279 4608/169/279 4607/170/279
f 4607/170/280 4608/169/280 4612/171/280 4611/172/280
f 4611/172/281 4612/171/281 4610/173/281 4609/174/281
f 4609/174/282 4610/173/282 4606/175/282 4605/176/282
f 4607/177/283 4611/172/283 4609/174/283 4605/178/283
f 4612/171/284 4608/179/284 4606/180/284 4610/173/284
f 4613/167/279 4614/168/279 4616/169/279 4615/170/279
f 4615/170/280 4616/169/280 4620/171/280 4619/172/280
f 4619/172/281 4620/171/281 4618/173/281 4617/174/281
f 4617/174/282 4618/173/282 4614/175/282 4613/176/282
f 4615/177/283 4619/172/283 4617/174/283 4613/178/283
f 4620/171/284 4616/179/284 4614/180/284 4618/173/284
f 4621/167/279 4622/168/279 4624/169/279 4623/170/279
f 4623/170/280 4624/169/280 4628/171/280 4627/172/280
f 4627/172/281 4628/171/281 4626/173/281 4625/174/281
f 4625/174/282 4626/173/282 4622/175/282 4621/176/282
f 4623/177/283 4627/172/283 4625/174/283 4621/178/283
f 4628/171/284 4624/179/284 4622/180/284 4626/173/284
f 4629/167/279 4630/168/279 4632/169/279 4631/170/279
f 4631/170/280 4632/169/280 4636/171/280 4635/172/280
f 4635/172/281 4636/171/281 4634/173/281 4633/174/281
f 4633/174/282 4634/173/282 4630/175/282 4629/176/282
f 4631/177/283 4635/172/283 4633/174/283 4629/178/283
f 4636/171/284 4632/179/284 4630/180/284 4634/173/284
f 4637/167/279 4638/168/279 4640/169/279 4639/170/279
f 4639/170/280 4640/169/280 4644/171/280 4643/172/280
f 4643/172/281 4644/171/281 4642/173/281 4641/174/281
f 4641/174/282 4642/173/282 4638/175/282 4637/176/282
f 4639/177/283 4643/172/283 4641/174/283 4637/178/283
f 4644/171/284 4640/179/284 4638/180/284 4642/173/284
f 4645/167/279 4646/168/279 4648/169/279 4647/170/279
f 4647/170/280 4648/169/280 4652/171/280 4651/172/280
f 4651/172/281 4652/171/281 4650/173/281 4649/174/281
f 4649/174/282 4650/173/282 4646/175/282 4645/176/282
f 4647/177/283 4651/172/283 4649/174/283 4645/178/283
f 4652/171/284 4648/179/284 4646/180/284 4650/173/284
f 4653/167/279 4654/168/279 4656/169/279 4655/170/279
f 4655/170/280 4656/169/280 4660/171/280 4659/172/280
f 4659/172/281 4660/171/281 4658/173/281 4657/174/281
f 4657/174/282 4658/173/282 4654/175/282 4653/176/282
f 4655/177/283 4659/172/283 4657/174/283 4653/178/283
f 4660/171/284 4656/179/284 4654/180/284 4658/173/284
f 4661/167/279 4662/168/279 4664/169/279 4663/170/279
f 4663/170/280 4664/169/280 4668/171/280 4667/172/280
f 4667/172/281 4668/171/281 4666/173/281 4665/174/281
f 4665/174/282 4666/173/282 4662/175/282 4661/176/282
f 4663/177/283 4667/172/283 4665/174/283 4661/178/283
f 4668/171/284 4664/179/284 4662/180/284 4666/173/284
f 4669/167/279 4670/168/279 4672/169/279 4671/170/279
f 4671/170/280 4672/169/280 4676/171/280 4675/172/280
f 4675/172/281 4676/171/281 4674/173/281 4673/174/281
f 4673/174/282 4674/173/282 4670/175/282 4669/176/282
f 4671/177/283 4675/172/283 4673/174/283 4669/178/283
f 4676/171/284 4672/179/284 4670/180/284 4674/173/284
f 4677/167/279 4678/168/279 4680/169/279 4679/170/279
f 4679/170/280 4680/169/280 4684/171/280 4683/172/280
f 4683/172/281 4684/171/281 4682/173/281 4681/174/281
f 4681/174/282 4682/173/282 4678/175/282 4677/176/282
f 4679/177/283 4683/172/283 4681/174/283 4677/178/283
f 4684/171/284 4680/179/284 4678/180/284 4682/173/284
f 4685/167/279 4686/168/279 4688/169/279 4687/170/279
f 4687/170/280 4688/169/280 4692/171/280 4691/172/280
f 4691/172/281 4692/171/281 4690/173/281 4689/174/281
f 4689/174/282 4690/173/282 4686/175/282 4685/176/282
f 4687/177/283 4691/172/283 4689/174/283 4685/178/283
f 4692/171/284 4688/179/284 4686/180/284 4690/173/284
f 4693/167/279 4694/168/279 4696/169/279 4695/170/279
f 4695/170/280 4696/169/280 4700/171/280 4699/172/280
f 4699/172/281 4700/171/281 4698/173/281 4697/174/281
f 4697/174/282 4698/173/282 4694/175/282 4693/176/282
f 4695/177/283 4699/172/283 4697/174/283 4693/178/283
f 4700/171/284 4696/179/284 4694/180/284 4698/173/284
f 4701/167/279 4702/168/279 4704/169/279 4703/170/279
f 4703/170/280 4704/169/280 4708/171/280 4707/172/280
f 4707/172/281 4708/171/281 4706/173/281 4705/174/281
f 4705/174/282 4706/173/282 4702/175/282 4701/176/282
f 4703/177/283 4707/172/283 4705/174/283 4701/178/283
f 4708/171/284 4704/179/284 4702/180/284 4706/173/284
f 4709/167/279 4710/168/279 4712/169/279 4711/170/279
f 4711/170/280 4712/169/280 4716/171/280 4715/172/280
f 4715/172/281 4716/171/281 4714/173/281 4713/174/281
f 4713/174/282 4714/173/282 4710/175/282 4709/176/282
f 4711/177/283 4715/172/283 4713/174/283 4709/178/283
f 4716/171/284 4712/179/284 4710/180/284 4714/173/284
f 4717/167/279 4718/168/279 4720/169/279 4719/170/279
f 4719/170/280 4720/169/280 4724/171/280 4723/172/280
f 4723/172/281 4724/171/281 4722/173/281 4721/174/281
f 4721/174/282 4722/173/282 4718/175/282 4717/176/282
f 4719/177/283 4723/172/283 4721/174/283 4717/178/283
f 4724/171/284 4720/179/284 4718/180/284 4722/173/284
f 4725/167/279 4726/168/279 4728/169/279 4727/170/279
f 4727/170/280 4728/169/280 4732/171/280 4731/172/280
f 4731/172/281 4732/171/281 4730/173/281 4729/174/281
f 4729/174/282 4730/173/282 4726/175/282 4725/176/282
f 4727/177/283 4731/172/283 4729/174/283 4725/178/283
f 4732/171/284 4728/179/284 4726/180/284 4730/173/284
f 4733/167/279 4734/168/279 4736/169/279 4735/170/279
f 4735/170/280 4736/169/280 4740/171/280 4739/172/280
f 4739/172/281 4740/171/281 4738/173/281 4737/174/281
f 4737/174/282 4738/173/282 4734/175/282 4733/176/282
f 4735/177/283 4739/172/283 4737/174/283 4733/178/283
f 4740/171/284 4736/179/284 4734/180/284 4738/173/284
f 4741/167/279 4742/168/279 4744/169/279 4743/170/279
f 4743/170/280 4744/169/280 4748/171/280 4747/172/280
f 4747/172/281 4748/171/281 4746/173/281 4745/174/281
f 4745/174/282 4746/173/282 4742/175/282 4741/176/282
f 4743/177/283 4747/172/283 4745/174/283 4741/178/283
f 4748/171/284 4744/179/284 4742/180/284 4746/173/284
f 4765/167/279 4766/168/279 4768/169/279 4767/170/279
f 4767/170/280 4768/169/280 4772/171/280 4771/172/280
f 4771/172/281 4772/171/281 4770/173/281 4769/174/281
f 4769/174/282 4770/173/282 4766/175/282 4765/176/282
f 4767/177/283 4771/172/283 4769/174/283 4765/178/283
f 4772/171/284 4768/179/284 4766/180/284 4770/173/284
usemtl Material.004
f 4749/167/285 4757/168/285 4758/169/285 4751/170/285
f 4751/170/286 4758/169/286 4759/171/286 4755/172/286
f 4755/172/287 4759/171/287 4760/173/287 4753/174/287
f 4753/174/288 4760/173/288 4757/175/288 4749/176/288
f 4751/177/283 4755/172/283 4753/174/283 4749/178/283
f 4750/181/286 4754/182/286 4764/182/286 4761/181/286
f 4750/181/284 4752/183/284 4758/179/284 4757/180/284
f 4752/183/284 4756/184/284 4759/171/284 4758/179/284
f 4756/184/284 4754/182/284 4760/173/284 4759/171/284
f 4754/182/284 4750/181/284 4757/180/284 4760/173/284
f 4756/184/288 4752/183/288 4762/183/288 4763/184/288
f 4754/182/285 4756/184/285 4763/184/285 4764/182/285
f 4752/183/287 4750/181/287 4761/181/287 4762/183/287
usemtl Material.005
f 4763/184/284 4762/183/284 4761/181/284 4764/182/284
o Sphere
v 5.430247 2.212838 2.483971
v 5.430247 2.162042 2.403854
v 5.430247 2.095675 2.360495
v 5.430247 2.059757 2.354915
v 5.430247 2.023839 2.360495
v 5.437254 2.240328 2.589738
v 5.443992 2.229851 2.536310
v 5.450202 2.212838 2.487071
v 5.455645 2.189941 2.443913
v 5.460111 2.162042 2.408493
v 5.463430 2.130212 2.382174
v 5.465475 2.095675 2.365967
v 5.466165 2.059757 2.360495
v 5.465475 2.023839 2.365967
v 5.443992 2.240328 2.592962
v 5.457209 2.229851 2.542634
v 5.469390 2.212838 2.496252
v 5.480066 2.189941 2.455597
v 5.488828 2.162042 2.422233
v 5.495339 2.130212 2.397441
v 5.499348 2.095675 2.382174
v 5.500702 2.059757 2.377019
v 5.499348 2.023839 2.382174
v 5.450202 2.240328 2.598197
v 5.469390 2.229851 2.552903
v 5.487073 2.212838 2.511160
v 5.502573 2.189941 2.474572
v 5.515294 2.162042 2.444545
v 5.524746 2.130212 2.422233
v 5.530567 2.095675 2.408493
v 5.532532 2.059757 2.403854
v 5.530567 2.023839 2.408493
v 5.455645 2.240328 2.605242
v 5.480066 2.229851 2.566723
v 5.502573 2.212838 2.531224
v 5.522301 2.189941 2.500108
v 5.538491 2.162042 2.474572
v 5.550521 2.130212 2.455597
v 5.557930 2.095675 2.443913
v 5.560431 2.059757 2.439967
v 5.557930 2.023839 2.443913
v 5.460111 2.240328 2.613827
v 5.488828 2.229851 2.583563
v 5.515294 2.212838 2.555671
v 5.538491 2.189941 2.531224
v 5.557528 2.162042 2.511160
v 5.571675 2.130212 2.496252
v 5.580386 2.095675 2.487071
v 5.583327 2.059757 2.483971
v 5.580386 2.023839 2.487071
v 5.430247 2.243865 2.645301
v 5.463430 2.240328 2.623621
v 5.495339 2.229851 2.602775
v 5.524746 2.212838 2.583563
v 5.550521 2.189941 2.566723
v 5.571675 2.162042 2.552903
v 5.587393 2.130212 2.542634
v 5.597073 2.095675 2.536310
v 5.600341 2.059757 2.534175
v 5.597073 2.023839 2.536310
v 5.465475 2.240328 2.634249
v 5.499348 2.229851 2.623621
v 5.530567 2.212838 2.613827
v 5.557930 2.189941 2.605242
v 5.580386 2.162042 2.598197
v 5.597073 2.130212 2.592962
v 5.607348 2.095675 2.589738
v 5.610818 2.059757 2.588650
v 5.607348 2.023839 2.589738
v 5.466165 2.240328 2.645301
v 5.500702 2.229851 2.645301
v 5.532532 2.212838 2.645301
v 5.560431 2.189941 2.645301
v 5.583327 2.162042 2.645301
v 5.600341 2.130212 2.645301
v 5.610818 2.095675 2.645301
v 5.614355 2.059757 2.645301
v 5.610818 2.023839 2.645301
v 5.465475 2.240328 2.656353
v 5.499348 2.229851 2.666981
v 5.530567 2.212838 2.676775
v 5.557930 2.189941 2.685359
v 5.580386 2.162042 2.692405
v 5.597073 2.130212 2.697640
v 5.607348 2.095675 2.700864
v 5.610817 2.059757 2.701952
v 5.607348 2.023839 2.700864
v 5.463430 2.240328 2.666981
v 5.495339 2.229851 2.687827
v 5.524746 2.212838 2.707039
v 5.550521 2.189941 2.723879
v 5.571675 2.162042 2.737699
v 5.587393 2.130212 2.747968
v 5.597073 2.095675 2.754292
v 5.600341 2.059757 2.756427
v 5.597073 2.023839 2.754292
v 5.460111 2.240328 2.676775
v 5.488828 2.229851 2.707039
v 5.515294 2.212838 2.734931
v 5.538491 2.189941 2.759378
v 5.557528 2.162042 2.779442
v 5.571675 2.130212 2.794350
v 5.580386 2.095675 2.803531
v 5.583327 2.059757 2.806631
v 5.580386 2.023839 2.803531
v 5.455645 2.240328 2.685359
v 5.480066 2.229851 2.723879
v 5.502573 2.212838 2.759378
v 5.522301 2.189941 2.790494
v 5.538491 2.162042 2.816030
v 5.550521 2.130212 2.835005
v 5.557930 2.095675 2.846689
v 5.560431 2.059757 2.850635
v 5.557930 2.023839 2.846689
v 5.450202 2.240328 2.692405
v 5.469389 2.229851 2.737699
v 5.487073 2.212838 2.779442
v 5.502573 2.189941 2.816030
v 5.515294 2.162042 2.846057
v 5.524746 2.130212 2.868369
v 5.530567 2.095675 2.882108
v 5.532532 2.059757 2.886748
v 5.530567 2.023839 2.882108
v 5.443992 2.240328 2.697640
v 5.457209 2.229851 2.747968
v 5.469389 2.212838 2.794350
v 5.480066 2.189941 2.835005
v 5.488828 2.162042 2.868369
v 5.495339 2.130212 2.893161
v 5.499348 2.095675 2.908427
v 5.500702 2.059757 2.913582
v 5.499348 2.023839 2.908427
v 5.437254 2.240328 2.700864
v 5.443992 2.229851 2.754292
v 5.450202 2.212838 2.803531
v 5.455645 2.189941 2.846689
v 5.460111 2.162042 2.882108
v 5.463430 2.130212 2.908427
v 5.465475 2.095675 2.924634
v 5.466165 2.059757 2.930107
v 5.465475 2.023839 2.924634
v 5.430247 2.240328 2.701952
v 5.430247 2.229851 2.756427
v 5.430247 2.212838 2.806631
v 5.430247 2.189941 2.850635
v 5.430247 2.162042 2.886748
v 5.430247 2.130212 2.913582
v 5.430247 2.095675 2.930107
v 5.430247 2.059757 2.935687
v 5.430247 2.023839 2.930107
v 5.423240 2.240328 2.700864
v 5.416502 2.229851 2.754292
v 5.410292 2.212838 2.803531
v 5.404849 2.189941 2.846689
v 5.400382 2.162042 2.882108
v 5.397063 2.130212 2.908427
v 5.395019 2.095675 2.924634
v 5.394329 2.059757 2.930107
v 5.395019 2.023839 2.924634
v 5.416502 2.240328 2.697640
v 5.403285 2.229851 2.747968
v 5.391104 2.212838 2.794350
v 5.380427 2.189941 2.835005
v 5.371665 2.162042 2.868369
v 5.365155 2.130212 2.893161
v 5.361145 2.095675 2.908427
v 5.359792 2.059757 2.913582
v 5.361145 2.023839 2.908427
v 5.410292 2.240328 2.692405
v 5.391104 2.229851 2.737699
v 5.373420 2.212838 2.779442
v 5.357920 2.189941 2.816030
v 5.345200 2.162042 2.846056
v 5.335748 2.130212 2.868369
v 5.329927 2.095675 2.882108
v 5.327961 2.059757 2.886748
v 5.329927 2.023839 2.882108
v 5.404849 2.240328 2.685359
v 5.380427 2.229851 2.723879
v 5.357920 2.212838 2.759378
v 5.338192 2.189941 2.790494
v 5.322002 2.162042 2.816030
v 5.309972 2.130212 2.835005
v 5.302564 2.095675 2.846689
v 5.300063 2.059757 2.850634
v 5.302564 2.023839 2.846689
v 5.400383 2.240328 2.676775
v 5.371665 2.229851 2.707039
v 5.345200 2.212838 2.734931
v 5.322002 2.189941 2.759378
v 5.302965 2.162042 2.779442
v 5.288819 2.130212 2.794350
v 5.280107 2.095675 2.803530
v 5.277166 2.059757 2.806630
v 5.280107 2.023839 2.803530
v 5.397063 2.240328 2.666981
v 5.365155 2.229851 2.687827
v 5.335748 2.212838 2.707039
v 5.309972 2.189941 2.723879
v 5.288819 2.162042 2.737699
v 5.273100 2.130212 2.747968
v 5.263421 2.095675 2.754291
v 5.260153 2.059757 2.756427
v 5.263421 2.023839 2.754291
v 5.395019 2.240328 2.656353
v 5.361145 2.229851 2.666981
v 5.329927 2.212838 2.676775
v 5.302564 2.189941 2.685359
v 5.280107 2.162042 2.692405
v 5.263421 2.130212 2.697640
v 5.253146 2.095675 2.700864
v 5.249676 2.059757 2.701952
v 5.253146 2.023839 2.700864
v 5.394329 2.240328 2.645301
v 5.359792 2.229851 2.645301
v 5.327962 2.212838 2.645301
v 5.300063 2.189941 2.645301
v 5.277166 2.162042 2.645301
v 5.260153 2.130212 2.645301
v 5.249676 2.095675 2.645301
v 5.246139 2.059757 2.645301
v 5.249676 2.023839 2.645301
v 5.395019 2.240328 2.634249
v 5.361145 2.229851 2.623621
v 5.329927 2.212838 2.613827
v 5.302564 2.189941 2.605242
v 5.280107 2.162042 2.598197
v 5.263421 2.130212 2.592962
v 5.253146 2.095675 2.589738
v 5.249676 2.059757 2.588649
v 5.253146 2.023839 2.589738
v 5.397063 2.240328 2.623621
v 5.365155 2.229851 2.602775
v 5.335748 2.212838 2.583563
v 5.309972 2.189941 2.566723
v 5.288819 2.162042 2.552903
v 5.273100 2.130212 2.542634
v 5.263421 2.095675 2.536310
v 5.260153 2.059757 2.534175
v 5.263421 2.023839 2.536310
v 5.400383 2.240328 2.613827
v 5.371665 2.229851 2.583563
v 5.345200 2.212838 2.555671
v 5.322002 2.189941 2.531224
v 5.302965 2.162042 2.511160
v 5.288819 2.130212 2.496252
v 5.280107 2.095675 2.487071
v 5.277166 2.059757 2.483971
v 5.280107 2.023839 2.487071
v 5.404849 2.240328 2.605242
v 5.380427 2.229851 2.566723
v 5.357920 2.212838 2.531224
v 5.338192 2.189941 2.500108
v 5.322002 2.162042 2.474572
v 5.309972 2.130212 2.455597
v 5.302564 2.095675 2.443913
v 5.300063 2.059757 2.439967
v 5.302564 2.023839 2.443913
v 5.410292 2.240328 2.598197
v 5.391104 2.229851 2.552903
v 5.373420 2.212838 2.511160
v 5.357920 2.189941 2.474572
v 5.345200 2.162042 2.444545
v 5.335748 2.130212 2.422233
v 5.329927 2.095675 2.408493
v 5.327962 2.059757 2.403854
v 5.329927 2.023839 2.408493
v 5.416502 2.240328 2.592962
v 5.403285 2.229851 2.542634
v 5.391104 2.212838 2.496252
v 5.380427 2.189941 2.455597
v 5.371665 2.162042 2.422233
v 5.365155 2.130212 2.397441
v 5.361145 2.095675 2.382174
v 5.359792 2.059757 2.377020
v 5.361145 2.023839 2.382174
v 5.423240 2.240328 2.589738
v 5.416502 2.229851 2.536310
v 5.410292 2.212838 2.487071
v 5.404849 2.189941 2.443913
v 5.400383 2.162042 2.408494
v 5.397063 2.130212 2.382174
v 5.395019 2.095675 2.365967
v 5.394329 2.059757 2.360495
v 5.395019 2.023839 2.365967
v 5.430247 2.240328 2.588650
v 5.430247 2.229851 2.534175
v 5.430247 2.189941 2.439967
v 5.430247 2.130212 2.377019
vn -0.0000 0.9192 -0.3937
vn -0.0000 0.7229 -0.6910
vn -0.0000 0.2977 -0.9547
vn -0.0000 -0.0000 -1.0000
vn -0.0000 -0.1535 -0.9881
vn 0.0397 0.9912 -0.1264
vn 0.0792 0.9644 -0.2524
vn 0.1206 0.9152 -0.3845
vn 0.1644 0.8356 -0.5241
vn 0.2098 0.7133 -0.6687
vn 0.2531 0.5339 -0.8068
vn 0.2865 0.2903 -0.9131
vn 0.2993 -0.0000 -0.9541
vn 0.2960 -0.1494 -0.9434
vn 0.0777 0.9899 -0.1189
vn 0.1545 0.9593 -0.2365
vn 0.2337 0.9041 -0.3577
vn 0.3154 0.8170 -0.4827
vn 0.3969 0.6880 -0.6075
vn 0.4714 0.5069 -0.7216
vn 0.5263 0.2719 -0.8056
vn 0.5469 -0.0000 -0.8372
vn 0.5416 -0.1394 -0.8290
vn 0.1126 0.9879 -0.1068
vn 0.2225 0.9518 -0.2112
vn 0.3333 0.8882 -0.3163
vn 0.4435 0.7914 -0.4208
vn 0.5483 0.6547 -0.5203
vn 0.6390 0.4733 -0.6063
vn 0.7024 0.2499 -0.6665
vn 0.7254 -0.0000 -0.6883
vn 0.7195 -0.1275 -0.6827
vn 0.1430 0.9856 -0.0906
vn 0.2807 0.9432 -0.1779
vn 0.4158 0.8704 -0.2636
vn 0.5449 0.7640 -0.3455
vn 0.6620 0.6210 -0.4197
vn 0.7580 0.4411 -0.4806
vn 0.8220 0.2298 -0.5211
vn 0.8446 -0.0000 -0.5355
vn 0.8388 -0.1168 -0.5318
vn 0.1677 0.9833 -0.0711
vn 0.3271 0.9348 -0.1386
vn 0.4795 0.8537 -0.2031
vn 0.6200 0.7393 -0.2627
vn 0.7421 0.5920 -0.3144
vn 0.8379 0.4147 -0.3550
vn 0.8995 0.2139 -0.3811
vn 0.9208 -0.0000 -0.3901
vn 0.9154 -0.1084 -0.3878
vn -0.0000 1.0000 -0.0000
vn 0.1860 0.9813 -0.0488
vn 0.3607 0.9278 -0.0947
vn 0.5244 0.8403 -0.1377
vn 0.6711 0.7201 -0.1762
vn 0.7944 0.5704 -0.2086
vn 0.8883 0.3956 -0.2333
vn 0.9471 0.2027 -0.2487
vn 0.9672 -0.0000 -0.2540
vn 0.9621 -0.1026 -0.2527
vn 0.1972 0.9800 -0.0249
vn 0.3811 0.9233 -0.0481
vn 0.5510 0.8316 -0.0695
vn 0.7005 0.7081 -0.0883
vn 0.8239 0.5572 -0.1039
vn 0.9160 0.3843 -0.1155
vn 0.9729 0.1961 -0.1227
vn 0.9921 -0.0000 -0.1251
vn 0.9873 -0.0991 -0.1245
vn 0.2010 0.9796 -0.0000
vn 0.3879 0.9217 -0.0000
vn 0.5598 0.8286 -0.0000
vn 0.7101 0.7041 -0.0000
vn 0.8333 0.5528 -0.0000
vn 0.9248 0.3805 -0.0000
vn 0.9810 0.1939 -0.0000
vn 1.0000 -0.0000 -0.0000
vn 0.9952 -0.0980 -0.0000
vn 0.1972 0.9800 0.0249
vn 0.3811 0.9233 0.0481
vn 0.5510 0.8316 0.0695
vn 0.7005 0.7081 0.0883
vn 0.8239 0.5572 0.1039
vn 0.9160 0.3843 0.1155
vn 0.9729 0.1961 0.1227
vn 0.9921 -0.0000 0.1251
vn 0.9873 -0.0991 0.1245
vn 0.1860 0.9813 0.0488
vn 0.3607 0.9278 0.0947
vn 0.5244 0.8403 0.1377
vn 0.6711 0.7201 0.1762
vn 0.7944 0.5704 0.2086
vn 0.8883 0.3956 0.2333
vn 0.9471 0.2027 0.2487
vn 0.9672 -0.0000 0.2540
vn 0.9621 -0.1026 0.2527
vn 0.1677 0.9833 0.0711
vn 0.3271 0.9348 0.1386
vn 0.4795 0.8537 0.2031
vn 0.6200 0.7393 0.2627
vn 0.7421 0.5920 0.3144
vn 0.8379 0.4147 0.3550
vn 0.8995 0.2139 0.3811
vn 0.9208 -0.0000 0.3901
vn 0.9154 -0.1084 0.3878
vn 0.1430 0.9856 0.0906
vn 0.2807 0.9432 0.1779
vn 0.4158 0.8704 0.2636
vn 0.5449 0.7640 0.3455
vn 0.6620 0.6210 0.4197
vn 0.7580 0.4411 0.4806
vn 0.8220 0.2298 0.5211
vn 0.8446 -0.0000 0.5355
vn 0.8388 -0.1168 0.5318
vn 0.1126 0.9879 0.1068
vn 0.2225 0.9518 0.2112
vn 0.3333 0.8882 0.3163
vn 0.4435 0.7914 0.4208
vn 0.5483 0.6547 0.5203
vn 0.6390 0.4733 0.6063
vn 0.7024 0.2499 0.6665
vn 0.7254 -0.0000 0.6883
vn 0.7195 -0.1275 0.6827
vn 0.0777 0.9899 0.1189
vn 0.1545 0.9593 0.2365
vn 0.2337 0.9041 0.3577
vn 0.3154 0.8170 0.4827
vn 0.3969 0.6880 0.6075
vn 0.4714 0.5069 0.7216
vn 0.5263 0.2719 0.8056
vn 0.5469 -0.0000 0.8372
vn 0.5416 -0.1394 0.8290
vn 0.0397 0.9912 0.1264
vn 0.0792 0.9644 0.2524
vn 0.1206 0.9152 0.3845
vn 0.1644 0.8356 0.5241
vn 0.2098 0.7133 0.6687
vn 0.2531 0.5339 0.8068
vn 0.2865 0.2903 0.9131
vn 0.2993 -0.0000 0.9541
vn 0.2960 -0.1494 0.9434
vn -0.0000 0.9916 0.1290
vn -0.0000 0.9662 0.2578
vn -0.0000 0.9192 0.3937
vn -0.0000 0.8425 0.5387
vn -0.0000 0.7229 0.6910
vn -0.0000 0.5444 0.8388
vn -0.0000 0.2977 0.9547
vn -0.0000 -0.0000 1.0000
vn -0.0000 -0.1535 0.9881
vn -0.0397 0.9912 0.1264
vn -0.0792 0.9644 0.2524
vn -0.1206 0.9152 0.3845
vn -0.1644 0.8356 0.5241
vn -0.2098 0.7133 0.6687
vn -0.2531 0.5339 0.8068
vn -0.2865 0.2903 0.9131
vn -0.2993 -0.0000 0.9541
vn -0.2960 -0.1494 0.9434
vn -0.0777 0.9899 0.1189
vn -0.1545 0.9593 0.2365
vn -0.2337 0.9041 0.3577
vn -0.3154 0.8170 0.4827
vn -0.3969 0.6880 0.6075
vn -0.4715 0.5069 0.7216
vn -0.5263 0.2719 0.8056
vn -0.5469 -0.0000 0.8372
vn -0.5416 -0.1394 0.8290
vn -0.1126 0.9879 0.1068
vn -0.2225 0.9518 0.2112
vn -0.3333 0.8882 0.3163
vn -0.4435 0.7914 0.4208
vn -0.5483 0.6547 0.5203
vn -0.6390 0.4733 0.6063
vn -0.7024 0.2499 0.6665
vn -0.7254 -0.0000 0.6883
vn -0.7195 -0.1275 0.6827
vn -0.1430 0.9856 0.0906
vn -0.2807 0.9432 0.1779
vn -0.4158 0.8704 0.2636
vn -0.5449 0.7640 0.3455
vn -0.6620 0.6210 0.4197
vn -0.7580 0.4411 0.4806
vn -0.8220 0.2298 0.5211
vn -0.8446 -0.0000 0.5355
vn -0.8388 -0.1168 0.5318
vn -0.1677 0.9833 0.0711
vn -0.3271 0.9348 0.1386
vn -0.4795 0.8537 0.2031
vn -0.6200 0.7393 0.2627
vn -0.7421 0.5920 0.3144
vn -0.8379 0.4147 0.3550
vn -0.8995 0.2139 0.3811
vn -0.9208 -0.0000 0.3901
vn -0.9154 -0.1084 0.3878
vn -0.1860 0.9813 0.0488
vn -0.3607 0.9278 0.0947
vn -0.5244 0.8403 0.1377
vn -0.6711 0.7201 0.1762
vn -0.7944 0.5704 0.2086
vn -0.8883 0.3956 0.2333
vn -0.9471 0.2027 0.2487
vn -0.9672 -0.0000 0.2540
vn -0.9621 -0.1026 0.2527
vn -0.1972 0.9800 0.0249
vn -0.3811 0.9233 0.0481
vn -0.5510 0.8316 0.0695
vn -0.7005 0.7081 0.0883
vn -0.8239 0.5572 0.1039
vn -0.9160 0.3843 0.1155
vn -0.9729 0.1961 0.1227
vn -0.9921 -0.0000 0.1251
vn -0.9873 -0.0991 0.1245
vn -0.2010 0.9796 -0.0000
vn -0.3879 0.9217 -0.0000
vn -0.5598 0.8286 -0.0000
vn -0.7101 0.7041 -0.0000
vn -0.8333 0.5528 -0.0000
vn -0.9248 0.3805 -0.0000
vn -0.9810 0.1939 -0.0000
vn -1.0000 -0.0000 -0.0000
vn -0.9952 -0.0980 -0.0000
vn -0.1972 0.9800 -0.0249
vn -0.3811 0.9233 -0.0481
vn -0.5510 0.8316 -0.0695
vn -0.7005 0.7081 -0.0883
vn -0.8239 0.5572 -0.1039
vn -0.9160 0.3843 -0.1155
vn -0.9729 0.1961 -0.1227
vn -0.9921 -0.0000 -0.1251
vn -0.9873 -0.0991 -0.1245
vn -0.1860 0.9813 -0.0488
vn -0.3607 0.9278 -0.0947
vn -0.5244 0.8403 -0.1377
vn -0.6711 0.7201 -0.1762
vn -0.7944 0.5704 -0.2086
vn -0.8883 0.3956 -0.2333
vn -0.9471 0.2027 -0.2487
vn -0.9672 -0.0000 -0.2540
vn -0.9621 -0.1026 -0.2527
vn -0.1677 0.9833 -0.0711
vn -0.3271 0.9348 -0.1386
vn -0.4795 0.8537 -0.2031
vn -0.6200 0.7393 -0.2627
vn -0.7421 0.5920 -0.3144
vn -0.8379 0.4147 -0.3550
vn -0.8995 0.2139 -0.3811
vn -0.9208 -0.0000 -0.3901
vn -0.9154 -0.1084 -0.3878
vn -0.1430 0.9856 -0.0906
vn -0.2807 0.9432 -0.1779
vn -0.4158 0.8704 -0.2636
vn -0.5449 0.7640 -0.3455
vn -0.6620 0.6210 -0.4197
vn -0.7580 0.4411 -0.4806
vn -0.8220 0.2298 -0.5211
vn -0.8446 -0.0000 -0.5355
vn -0.8388 -0.1168 -0.5318
vn -0.1126 0.9879 -0.1068
vn -0.2225 0.9518 -0.2112
vn -0.3333 0.8882 -0.3163
vn -0.4435 0.7914 -0.4208
vn -0.5483 0.6547 -0.5203
vn -0.6390 0.4733 -0.6063
vn -0.7024 0.2499 -0.6665
vn -0.7254 -0.0000 -0.6883
vn -0.7195 -0.1275 -0.6827
vn -0.0777 0.9899 -0.1189
vn -0.1545 0.9593 -0.2365
vn -0.2337 0.9041 -0.3577
vn -0.3154 0.8170 -0.4827
vn -0.3969 0.6880 -0.6075
vn -0.4714 0.5069 -0.7216
vn -0.5263 0.2719 -0.8056
vn -0.5469 -0.0000 -0.8372
vn -0.5416 -0.1394 -0.8290
vn -0.0397 0.9912 -0.1264
vn -0.0792 0.9644 -0.2524
vn -0.1206 0.9152 -0.3845
vn -0.1644 0.8356 -0.5241
vn -0.2098 0.7133 -0.6687
vn -0.2531 0.5339 -0.8068
vn -0.2865 0.2903 -0.9131
vn -0.2994 -0.0000 -0.9541
vn -0.2960 -0.1494 -0.9434
vn -0.0000 0.9916 -0.1290
vn -0.0000 0.9662 -0.2578
vn -0.0000 0.8425 -0.5387
vn -0.0000 0.5444 -0.8388
vt 0.750000 0.562500
vt 0.750000 0.625000
vt 0.718750 0.625000
vt 0.718750 0.562500
vt 0.750000 0.500000
vt 0.718750 0.500000
vt 0.750000 0.937500
vt 0.734375 1.000000
vt 0.718750 0.937500
vt 0.750000 0.437500
vt 0.718750 0.437500
vt 0.750000 0.875000
vt 0.718750 0.875000
vt 0.750000 0.812500
vt 0.718750 0.812500
vt 0.750000 0.750000
vt 0.718750 0.750000
vt 0.750000 0.687500
vt 0.718750 0.687500
vt 0.687500 0.687500
vt 0.687500 0.625000
vt 0.687500 0.562500
vt 0.687500 0.500000
vt 0.703125 1.000000
vt 0.687500 0.937500
vt 0.687500 0.437500
vt 0.687500 0.875000
vt 0.687500 0.812500
vt 0.687500 0.750000
vt 0.656250 0.875000
vt 0.656250 0.812500
vt 0.656250 0.750000
vt 0.656250 0.687500
vt 0.656250 0.625000
vt 0.656250 0.562500
vt 0.656250 0.500000
vt 0.671875 1.000000
vt 0.656250 0.937500
vt 0.656250 0.437500
vt 0.625000 0.625000
vt 0.625000 0.562500
vt 0.625000 0.500000
vt 0.640625 1.000000
vt 0.625000 0.937500
vt 0.625000 0.437500
vt 0.625000 0.875000
vt 0.625000 0.812500
vt 0.625000 0.750000
vt 0.625000 0.687500
vt 0.593750 0.875000
vt 0.593750 0.812500
vt 0.593750 0.750000
vt 0.593750 0.687500
vt 0.593750 0.625000
vt 0.593750 0.562500
vt 0.593750 0.500000
vt 0.609375 1.000000
vt 0.593750 0.937500
vt 0.593750 0.437500
vt 0.562500 0.625000
vt 0.562500 0.562500
vt 0.562500 0.500000
vt 0.578125 1.000000
vt 0.562500 0.937500
vt 0.562500 0.437500
vt 0.562500 0.875000
vt 0.562500 0.812500
vt 0.562500 0.750000
vt 0.562500 0.687500
vt 0.531250 0.812500
vt 0.531250 0.750000
vt 0.531250 0.687500
vt 0.531250 0.625000
vt 0.531250 0.562500
vt 0.531250 0.500000
vt 0.546875 1.000000
vt 0.531250 0.937500
vt 0.531250 0.437500
vt 0.531250 0.875000
vt 0.500000 0.562500
vt 0.500000 0.500000
vt 0.515625 1.000000
vt 0.500000 0.937500
vt 0.500000 0.437500
vt 0.500000 0.875000
vt 0.500000 0.812500
vt 0.500000 0.750000
vt 0.500000 0.687500
vt 0.500000 0.625000
vt 0.468750 0.812500
vt 0.468750 0.750000
vt 0.468750 0.687500
vt 0.468750 0.625000
vt 0.468750 0.562500
vt 0.468750 0.500000
vt 0.484375 1.000000
vt 0.468750 0.937500
vt 0.468750 0.437500
vt 0.468750 0.875000
vt 0.437500 0.562500
vt 0.437500 0.500000
vt 0.453125 1.000000
vt 0.437500 0.937500
vt 0.437500 0.437500
vt 0.437500 0.875000
vt 0.437500 0.812500
vt 0.437500 0.750000
vt 0.437500 0.687500
vt 0.437500 0.625000
vt 0.406250 0.750000
vt 0.406250 0.687500
vt 0.406250 0.625000
vt 0.406250 0.562500
vt 0.406250 0.500000
vt 0.421875 1.000000
vt 0.406250 0.937500
vt 0.406250 0.437500
vt 0.406250 0.875000
vt 0.406250 0.812500
vt 0.375000 0.500000
vt 0.375000 0.437500
vt 0.375000 0.937500
vt 0.375000 0.875000
vt 0.375000 0.812500
vt 0.375000 0.750000
vt 0.375000 0.687500
vt 0.375000 0.625000
vt 0.375000 0.562500
vt 0.390625 1.000000
vt 0.343750 0.687500
vt 0.343750 0.625000
vt 0.343750 0.562500
vt 0.343750 0.500000
vt 0.359375 1.000000
vt 0.343750 0.937500
vt 0.343750 0.437500
vt 0.343750 0.875000
vt 0.343750 0.812500
vt 0.343750 0.750000
vt 0.312500 0.937500
vt 0.312500 0.875000
vt 0.312500 0.812500
vt 0.312500 0.750000
vt 0.312500 0.687500
vt 0.312500 0.625000
vt 0.312500 0.562500
vt 0.312500 0.500000
vt 0.328125 1.000000
vt 0.312500 0.437500
vt 0.281250 0.687500
vt 0.281250 0.625000
vt 0.281250 0.562500
vt 0.281250 0.500000
vt 0.296875 1.000000
vt 0.281250 0.937500
vt 0.281250 0.437500
vt 0.281250 0.875000
vt 0.281250 0.812500
vt 0.281250 0.750000
vt 0.250000 0.875000
vt 0.250000 0.812500
vt 0.250000 0.750000
vt 0.250000 0.687500
vt 0.250000 0.625000
vt 0.250000 0.562500
vt 0.250000 0.500000
vt 0.265625 1.000000
vt 0.250000 0.937500
vt 0.250000 0.437500
vt 0.218750 0.625000
vt 0.218750 0.562500
vt 0.218750 0.500000
vt 0.234375 1.000000
vt 0.218750 0.937500
vt 0.218750 0.437500
vt 0.218750 0.875000
vt 0.218750 0.812500
vt 0.218750 0.750000
vt 0.218750 0.687500
vt 0.187500 0.875000
vt 0.187500 0.812500
vt 0.187500 0.750000
vt 0.187500 0.687500
vt 0.187500 0.625000
vt 0.187500 0.562500
vt 0.187500 0.500000
vt 0.203125 1.000000
vt 0.187500 0.937500
vt 0.187500 0.437500
vt 0.156250 0.625000
vt 0.156250 0.562500
vt 0.156250 0.500000
vt 0.171875 1.000000
vt 0.156250 0.937500
vt 0.156250 0.437500
vt 0.156250 0.875000
vt 0.156250 0.812500
vt 0.156250 0.750000
vt 0.156250 0.687500
vt 0.125000 0.812500
vt 0.125000 0.750000
vt 0.125000 0.687500
vt 0.125000 0.625000
vt 0.125000 0.562500
vt 0.125000 0.500000
vt 0.140625 1.000000
vt 0.125000 0.937500
vt 0.125000 0.437500
vt 0.125000 0.875000
vt 0.093750 0.562500
vt 0.093750 0.500000
vt 0.109375 1.000000
vt 0.093750 0.937500
vt 0.093750 0.437500
vt 0.093750 0.875000
vt 0.093750 0.812500
vt 0.093750 0.750000
vt 0.093750 0.687500
vt 0.093750 0.625000
vt 0.062500 0.750000
vt 0.062500 0.687500
vt 0.062500 0.625000
vt 0.062500 0.562500
vt 0.062500 0.500000
vt 0.078125 1.000000
vt 0.062500 0.937500
vt 0.062500 0.437500
vt 0.062500 0.875000
vt 0.062500 0.812500
vt 0.046875 1.000000
vt 0.031250 0.937500
vt 0.031250 0.500000
vt 0.031250 0.437500
vt 0.031250 0.875000
vt 0.031250 0.812500
vt 0.031250 0.750000
vt 0.031250 0.687500
vt 0.031250 0.625000
vt 0.031250 0.562500
vt 0.000000 0.750000
vt 0.000000 0.687500
vt 0.000000 0.625000
vt 0.000000 0.562500
vt 0.000000 0.500000
vt 0.015625 1.000000
vt 0.000000 0.937500
vt 0.000000 0.437500
vt 0.000000 0.875000
vt 0.000000 0.812500
vt 1.000000 0.437500
vt 1.000000 0.500000
vt 0.968750 0.500000
vt 0.968750 0.437500
vt 1.000000 0.875000
vt 1.000000 0.937500
vt 0.968750 0.937500
vt 0.968750 0.875000
vt 1.000000 0.812500
vt 0.968750 0.812500
vt 1.000000 0.750000
vt 0.968750 0.750000
vt 1.000000 0.687500
vt 0.968750 0.687500
vt 1.000000 0.625000
vt 0.968750 0.625000
vt 1.000000 0.562500
vt 0.968750 0.562500
vt 0.984375 1.000000
vt 0.937500 0.687500
vt 0.937500 0.625000
vt 0.937500 0.562500
vt 0.937500 0.500000
vt 0.953125 1.000000
vt 0.937500 0.937500
vt 0.937500 0.437500
vt 0.937500 0.875000
vt 0.937500 0.812500
vt 0.937500 0.750000
vt 0.906250 0.937500
vt 0.906250 0.875000
vt 0.906250 0.812500
vt 0.906250 0.750000
vt 0.906250 0.687500
vt 0.906250 0.625000
vt 0.906250 0.562500
vt 0.906250 0.500000
vt 0.921875 1.000000
vt 0.906250 0.437500
vt 0.875000 0.687500
vt 0.875000 0.625000
vt 0.875000 0.562500
vt 0.875000 0.500000
vt 0.890625 1.000000
vt 0.875000 0.937500
vt 0.875000 0.437500
vt 0.875000 0.875000
vt 0.875000 0.812500
vt 0.875000 0.750000
vt 0.843750 0.875000
vt 0.843750 0.812500
vt 0.843750 0.750000
vt 0.843750 0.687500
vt 0.843750 0.625000
vt 0.843750 0.562500
vt 0.843750 0.500000
vt 0.859375 1.000000
vt 0.843750 0.937500
vt 0.843750 0.437500
vt 0.812500 0.625000
vt 0.812500 0.562500
vt 0.812500 0.500000
vt 0.828125 1.000000
vt 0.812500 0.937500
vt 0.812500 0.437500
vt 0.812500 0.875000
vt 0.812500 0.812500
vt 0.812500 0.750000
vt 0.812500 0.687500
vt 0.781250 0.812500
vt 0.781250 0.750000
vt 0.781250 0.687500
vt 0.781250 0.625000
vt 0.781250 0.562500
vt 0.781250 0.500000
vt 0.796875 1.000000
vt 0.781250 0.937500
vt 0.781250 0.437500
vt 0.781250 0.875000
vt 0.765625 1.000000
s 1
usemtl blackRubber
f 4775/185/291 5061/186/577 4783/187/299 4784/188/300
f 4776/189/292 4775/185/291 4784/188/300 4785/190/301
f 5058/191/574 4823/192/339 4778/193/294
f 4777/194/293 4776/189/292 4785/190/301 4786/195/302
f 5059/196/575 5058/191/574 4778/193/294 4779/197/295
f 4773/198/289 5059/196/575 4779/197/295 4780/199/296
f 5060/200/576 4773/198/289 4780/199/296 4781/201/297
f 4774/202/290 5060/200/576 4781/201/297 4782/203/298
f 5061/186/577 4774/202/290 4782/203/298 4783/187/299
f 4783/187/299 4782/203/298 4791/204/307 4792/205/308
f 4784/188/300 4783/187/299 4792/205/308 4793/206/309
f 4785/190/301 4784/188/300 4793/206/309 4794/207/310
f 4778/193/294 4823/208/339 4787/209/303
f 4786/195/302 4785/190/301 4794/207/310 4795/210/311
f 4779/197/295 4778/193/294 4787/209/303 4788/211/304
f 4780/199/296 4779/197/295 4788/211/304 4789/212/305
f 4781/201/297 4780/199/296 4789/212/305 4790/213/306
f 4782/203/298 4781/201/297 4790/213/306 4791/204/307
f 4789/212/305 4788/211/304 4797/214/313 4798/215/314
f 4790/213/306 4789/212/305 4798/215/314 4799/216/315
f 4791/204/307 4790/213/306 4799/216/315 4800/217/316
f 4792/205/308 4791/204/307 4800/217/316 4801/218/317
f 4793/206/309 4792/205/308 4801/218/317 4802/219/318
f 4794/207/310 4793/206/309 4802/219/318 4803/220/319
f 4787/209/303 4823/221/339 4796/222/312
f 4795/210/311 4794/207/310 4803/220/319 4804/223/320
f 4788/211/304 4787/209/303 4796/222/312 4797/214/313
f 4802/219/318 4801/218/317 4810/224/326 4811/225/327
f 4803/220/319 4802/219/318 4811/225/327 4812/226/328
f 4796/222/312 4823/227/339 4805/228/321
f 4804/223/320 4803/220/319 4812/226/328 4813/229/329
f 4797/214/313 4796/222/312 4805/228/321 4806/230/322
f 4798/215/314 4797/214/313 4806/230/322 4807/231/323
f 4799/216/315 4798/215/314 4807/231/323 4808/232/324
f 4800/217/316 4799/216/315 4808/232/324 4809/233/325
f 4801/218/317 4800/217/316 4809/233/325 4810/224/326
f 4807/231/323 4806/230/322 4815/234/331 4816/235/332
f 4808/232/324 4807/231/323 4816/235/332 4817/236/333
f 4809/233/325 4808/232/324 4817/236/333 4818/237/334
f 4810/224/326 4809/233/325 4818/237/334 4819/238/335
f 4811/225/327 4810/224/326 4819/238/335 4820/239/336
f 4812/226/328 4811/225/327 4820/239/336 4821/240/337
f 4805/228/321 4823/241/339 4814/242/330
f 4813/229/329 4812/226/328 4821/240/337 4822/243/338
f 4806/230/322 4805/228/321 4814/242/330 4815/234/331
f 4820/239/336 4819/238/335 4829/244/345 4830/245/346
f 4821/240/337 4820/239/336 4830/245/346 4831/246/347
f 4814/242/330 4823/247/339 4824/248/340
f 4822/243/338 4821/240/337 4831/246/347 4832/249/348
f 4815/234/331 4814/242/330 4824/248/340 4825/250/341
f 4816/235/332 4815/234/331 4825/250/341 4826/251/342
f 4817/236/333 4816/235/332 4826/251/342 4827/252/343
f 4818/237/334 4817/236/333 4827/252/343 4828/253/344
f 4819/238/335 4818/237/334 4828/253/344 4829/244/345
f 4827/252/343 4826/251/342 4835/254/351 4836/255/352
f 4828/253/344 4827/252/343 4836/255/352 4837/256/353
f 4829/244/345 4828/253/344 4837/256/353 4838/257/354
f 4830/245/346 4829/244/345 4838/257/354 4839/258/355
f 4831/246/347 4830/245/346 4839/258/355 4840/259/356
f 4824/248/340 4823/260/339 4833/261/349
f 4832/249/348 4831/246/347 4840/259/356 4841/262/357
f 4825/250/341 4824/248/340 4833/261/349 4834/263/350
f 4826/251/342 4825/250/341 4834/263/350 4835/254/351
f 4840/259/356 4839/258/355 4848/264/364 4849/265/365
f 4833/261/349 4823/266/339 4842/267/358
f 4841/262/357 4840/259/356 4849/265/365 4850/268/366
f 4834/263/350 4833/261/349 4842/267/358 4843/269/359
f 4835/254/351 4834/263/350 4843/269/359 4844/270/360
f 4836/255/352 4835/254/351 4844/270/360 4845/271/361
f 4837/256/353 4836/255/352 4845/271/361 4846/272/362
f 4838/257/354 4837/256/353 4846/272/362 4847/273/363
f 4839/258/355 4838/257/354 4847/273/363 4848/264/364
f 4845/271/361 4844/270/360 4853/274/369 4854/275/370
f 4846/272/362 4845/271/361 4854/275/370 4855/276/371
f 4847/273/363 4846/272/362 4855/276/371 4856/277/372
f 4848/264/364 4847/273/363 4856/277/372 4857/278/373
f 4849/265/365 4848/264/364 4857/278/373 4858/279/374
f 4842/267/358 4823/280/339 4851/281/367
f 4850/268/366 4849/265/365 4858/279/374 4859/282/375
f 4843/269/359 4842/267/358 4851/281/367 4852/283/368
f 4844/270/360 4843/269/359 4852/283/368 4853/274/369
f 4858/279/374 4857/278/373 4866/284/382 4867/285/383
f 4851/281/367 4823/286/339 4860/287/376
f 4859/282/375 4858/279/374 4867/285/383 4868/288/384
f 4852/283/368 4851/281/367 4860/287/376 4861/289/377
f 4853/274/369 4852/283/368 4861/289/377 4862/290/378
f 4854/275/370 4853/274/369 4862/290/378 4863/291/379
f 4855/276/371 4854/275/370 4863/291/379 4864/292/380
f 4856/277/372 4855/276/371 4864/292/380 4865/293/381
f 4857/278/373 4856/277/372 4865/293/381 4866/284/382
f 4864/292/380 4863/291/379 4872/294/388 4873/295/389
f 4865/293/381 4864/292/380 4873/295/389 4874/296/390
f 4866/284/382 4865/293/381 4874/296/390 4875/297/391
f 4867/285/383 4866/284/382 4875/297/391 4876/298/392
f 4860/287/376 4823/299/339 4869/300/385
f 4868/288/384 4867/285/383 4876/298/392 4877/301/393
f 4861/289/377 4860/287/376 4869/300/385 4870/302/386
f 4862/290/378 4861/289/377 4870/302/386 4871/303/387
f 4863/291/379 4862/290/378 4871/303/387 4872/294/388
f 4877/301/393 4876/298/392 4885/304/401 4886/305/402
f 4870/302/386 4869/300/385 4878/306/394 4879/307/395
f 4871/303/387 4870/302/386 4879/307/395 4880/308/396
f 4872/294/388 4871/303/387 4880/308/396 4881/309/397
f 4873/295/389 4872/294/388 4881/309/397 4882/310/398
f 4874/296/390 4873/295/389 4882/310/398 4883/311/399
f 4875/297/391 4874/296/390 4883/311/399 4884/312/400
f 4876/298/392 4875/297/391 4884/312/400 4885/304/401
f 4869/300/385 4823/313/339 4878/306/394
f 4883/311/399 4882/310/398 4891/314/407 4892/315/408
f 4884/312/400 4883/311/399 4892/315/408 4893/316/409
f 4885/304/401 4884/312/400 4893/316/409 4894/317/410
f 4878/306/394 4823/318/339 4887/319/403
f 4886/305/402 4885/304/401 4894/317/410 4895/320/411
f 4879/307/395 4878/306/394 4887/319/403 4888/321/404
f 4880/308/396 4879/307/395 4888/321/404 4889/322/405
f 4881/309/397 4880/308/396 4889/322/405 4890/323/406
f 4882/310/398 4881/309/397 4890/323/406 4891/314/407
f 4888/321/404 4887/319/403 4896/324/412 4897/325/413
f 4889/322/405 4888/321/404 4897/325/413 4898/326/414
f 4890/323/406 4889/322/405 4898/326/414 4899/327/415
f 4891/314/407 4890/323/406 4899/327/415 4900/328/416
f 4892/315/408 4891/314/407 4900/328/416 4901/329/417
f 4893/316/409 4892/315/408 4901/329/417 4902/330/418
f 4894/317/410 4893/316/409 4902/330/418 4903/331/419
f 4887/319/403 4823/332/339 4896/324/412
f 4895/320/411 4894/317/410 4903/331/419 4904/333/420
f 4901/329/417 4900/328/416 4909/334/425 4910/335/426
f 4902/330/418 4901/329/417 4910/335/426 4911/336/427
f 4903/331/419 4902/330/418 4911/336/427 4912/337/428
f 4896/324/412 4823/338/339 4905/339/421
f 4904/333/420 4903/331/419 4912/337/428 4913/340/429
f 4897/325/413 4896/324/412 4905/339/421 4906/341/422
f 4898/326/414 4897/325/413 4906/341/422 4907/342/423
f 4899/327/415 4898/326/414 4907/342/423 4908/343/424
f 4900/328/416 4899/327/415 4908/343/424 4909/334/425
f 4907/342/423 4906/341/422 4915/344/431 4916/345/432
f 4908/343/424 4907/342/423 4916/345/432 4917/346/433
f 4909/334/425 4908/343/424 4917/346/433 4918/347/434
f 4910/335/426 4909/334/425 4918/347/434 4919/348/435
f 4911/336/427 4910/335/426 4919/348/435 4920/349/436
f 4912/337/428 4911/336/427 4920/349/436 4921/350/437
f 4905/339/421 4823/351/339 4914/352/430
f 4913/340/429 4912/337/428 4921/350/437 4922/353/438
f 4906/341/422 4905/339/421 4914/352/430 4915/344/431
f 4920/349/436 4919/348/435 4928/354/444 4929/355/445
f 4921/350/437 4920/349/436 4929/355/445 4930/356/446
f 4914/352/430 4823/357/339 4923/358/439
f 4922/353/438 4921/350/437 4930/356/446 4931/359/447
f 4915/344/431 4914/352/430 4923/358/439 4924/360/440
f 4916/345/432 4915/344/431 4924/360/440 4925/361/441
f 4917/346/433 4916/345/432 4925/361/441 4926/362/442
f 4918/347/434 4917/346/433 4926/362/442 4927/363/443
f 4919/348/435 4918/347/434 4927/363/443 4928/354/444
f 4925/361/441 4924/360/440 4933/364/449 4934/365/450
f 4926/362/442 4925/361/441 4934/365/450 4935/366/451
f 4927/363/443 4926/362/442 4935/366/451 4936/367/452
f 4928/354/444 4927/363/443 4936/367/452 4937/368/453
f 4929/355/445 4928/354/444 4937/368/453 4938/369/454
f 4930/356/446 4929/355/445 4938/369/454 4939/370/455
f 4923/358/439 4823/371/339 4932/372/448
f 4931/359/447 4930/356/446 4939/370/455 4940/373/456
f 4924/360/440 4923/358/439 4932/372/448 4933/364/449
f 4938/369/454 4937/368/453 4946/374/462 4947/375/463
f 4939/370/455 4938/369/454 4947/375/463 4948/376/464
f 4932/372/448 4823/377/339 4941/378/457
f 4940/373/456 4939/370/455 4948/376/464 4949/379/465
f 4933/364/449 4932/372/448 4941/378/457 4942/380/458
f 4934/365/450 4933/364/449 4942/380/458 4943/381/459
f 4935/366/451 4934/365/450 4943/381/459 4944/382/460
f 4936/367/452 4935/366/451 4944/382/460 4945/383/461
f 4937/368/453 4936/367/452 4945/383/461 4946/374/462
f 4944/382/460 4943/381/459 4952/384/468 4953/385/469
f 4945/383/461 4944/382/460 4953/385/469 4954/386/470
f 4946/374/462 4945/383/461 4954/386/470 4955/387/471
f 4947/375/463 4946/374/462 4955/387/471 4956/388/472
f 4948/376/464 4947/375/463 4956/388/472 4957/389/473
f 4941/378/457 4823/390/339 4950/391/466
f 4949/379/465 4948/376/464 4957/389/473 4958/392/474
f 4942/380/458 4941/378/457 4950/391/466 4951/393/467
f 4943/381/459 4942/380/458 4951/393/467 4952/384/468
f 4957/389/473 4956/388/472 4965/394/481 4966/395/482
f 4950/391/466 4823/396/339 4959/397/475
f 4958/392/474 4957/389/473 4966/395/482 4967/398/483
f 4951/393/467 4950/391/466 4959/397/475 4960/399/476
f 4952/384/468 4951/393/467 4960/399/476 4961/400/477
f 4953/385/469 4952/384/468 4961/400/477 4962/401/478
f 4954/386/470 4953/385/469 4962/401/478 4963/402/479
f 4955/387/471 4954/386/470 4963/402/479 4964/403/480
f 4956/388/472 4955/387/471 4964/403/480 4965/394/481
f 4963/402/479 4962/401/478 4971/404/487 4972/405/488
f 4964/403/480 4963/402/479 4972/405/488 4973/406/489
f 4965/394/481 4964/403/480 4973/406/489 4974/407/490
f 4966/395/482 4965/394/481 4974/407/490 4975/408/491
f 4959/397/475 4823/409/339 4968/410/484
f 4967/398/483 4966/395/482 4975/408/491 4976/411/492
f 4960/399/476 4959/397/475 4968/410/484 4969/412/485
f 4961/400/477 4960/399/476 4969/412/485 4970/413/486
f 4962/401/478 4961/400/477 4970/413/486 4971/404/487
f 4968/410/484 4823/414/339 4977/415/493
f 4976/411/492 4975/408/491 4984/416/500 4985/417/501
f 4969/412/485 4968/410/484 4977/415/493 4978/418/494
f 4970/413/486 4969/412/485 4978/418/494 4979/419/495
f 4971/404/487 4970/413/486 4979/419/495 4980/420/496
f 4972/405/488 4971/404/487 4980/420/496 4981/421/497
f 4973/406/489 4972/405/488 4981/421/497 4982/422/498
f 4974/407/490 4973/406/489 4982/422/498 4983/423/499
f 4975/408/491 4974/407/490 4983/423/499 4984/416/500
f 4981/421/497 4980/420/496 4989/424/505 4990/425/506
f 4982/422/498 4981/421/497 4990/425/506 4991/426/507
f 4983/423/499 4982/422/498 4991/426/507 4992/427/508
f 4984/416/500 4983/423/499 4992/427/508 4993/428/509
f 4977/415/493 4823/429/339 4986/430/502
f 4985/417/501 4984/416/500 4993/428/509 4994/431/510
f 4978/418/494 4977/415/493 4986/430/502 4987/432/503
f 4979/419/495 4978/418/494 4987/432/503 4988/433/504
f 4980/420/496 4979/419/495 4988/433/504 4989/424/505
f 4994/434/510 4993/435/509 5002/436/518 5003/437/519
f 4987/438/503 4986/439/502 4995/440/511 4996/441/512
f 4988/442/504 4987/438/503 4996/441/512 4997/443/513
f 4989/444/505 4988/442/504 4997/443/513 4998/445/514
f 4990/446/506 4989/444/505 4998/445/514 4999/447/515
f 4991/448/507 4990/446/506 4999/447/515 5000/449/516
f 4992/450/508 4991/448/507 5000/449/516 5001/451/517
f 4993/435/509 4992/450/508 5001/451/517 5002/436/518
f 4986/439/502 4823/452/339 4995/440/511
f 5000/449/516 4999/447/515 5008/453/524 5009/454/525
f 5001/451/517 5000/449/516 5009/454/525 5010/455/526
f 5002/436/518 5001/451/517 5010/455/526 5011/456/527
f 4995/440/511 4823/457/339 5004/458/520
f 5003/437/519 5002/436/518 5011/456/527 5012/459/528
f 4996/441/512 4995/440/511 5004/458/520 5005/460/521
f 4997/443/513 4996/441/512 5005/460/521 5006/461/522
f 4998/445/514 4997/443/513 5006/461/522 5007/462/523
f 4999/447/515 4998/445/514 5007/462/523 5008/453/524
f 5005/460/521 5004/458/520 5013/463/529 5014/464/530
f 5006/461/522 5005/460/521 5014/464/530 5015/465/531
f 5007/462/523 5006/461/522 5015/465/531 5016/466/532
f 5008/453/524 5007/462/523 5016/466/532 5017/467/533
f 5009/454/525 5008/453/524 5017/467/533 5018/468/534
f 5010/455/526 5009/454/525 5018/468/534 5019/469/535
f 5011/456/527 5010/455/526 5019/469/535 5020/470/536
f 5004/458/520 4823/471/339 5013/463/529
f 5012/459/528 5011/456/527 5020/470/536 5021/472/537
f 5018/468/534 5017/467/533 5026/473/542 5027/474/543
f 5019/469/535 5018/468/534 5027/474/543 5028/475/544
f 5020/470/536 5019/469/535 5028/475/544 5029/476/545
f 5013/463/529 4823/477/339 5022/478/538
f 5021/472/537 5020/470/536 5029/476/545 5030/479/546
f 5014/464/530 5013/463/529 5022/478/538 5023/480/539
f 5015/465/531 5014/464/530 5023/480/539 5024/481/540
f 5016/466/532 5015/465/531 5024/481/540 5025/482/541
f 5017/467/533 5016/466/532 5025/482/541 5026/473/542
f 5024/481/540 5023/480/539 5032/483/548 5033/484/549
f 5025/482/541 5024/481/540 5033/484/549 5034/485/550
f 5026/473/542 5025/482/541 5034/485/550 5035/486/551
f 5027/474/543 5026/473/542 5035/486/551 5036/487/552
f 5028/475/544 5027/474/543 5036/487/552 5037/488/553
f 5029/476/545 5028/475/544 5037/488/553 5038/489/554
f 5022/478/538 4823/490/339 5031/491/547
f 5030/479/546 5029/476/545 5038/489/554 5039/492/555
f 5023/480/539 5022/478/538 5031/491/547 5032/483/548
f 5037/488/553 5036/487/552 5045/493/561 5046/494/562
f 5038/489/554 5037/488/553 5046/494/562 5047/495/563
f 5031/491/547 4823/496/339 5040/497/556
f 5039/492/555 5038/489/554 5047/495/563 5048/498/564
f 5032/483/548 5031/491/547 5040/497/556 5041/499/557
f 5033/484/549 5032/483/548 5041/499/557 5042/500/558
f 5034/485/550 5033/484/549 5042/500/558 5043/501/559
f 5035/486/551 5034/485/550 5043/501/559 5044/502/560
f 5036/487/552 5035/486/551 5044/502/560 5045/493/561
f 5043/501/559 5042/500/558 5051/503/567 5052/504/568
f 5044/502/560 5043/501/559 5052/504/568 5053/505/569
f 5045/493/561 5044/502/560 5053/505/569 5054/506/570
f 5046/494/562 5045/493/561 5054/506/570 5055/507/571
f 5047/495/563 5046/494/562 5055/507/571 5056/508/572
f 5040/497/556 4823/509/339 5049/510/565
f 5048/498/564 5047/495/563 5056/508/572 5057/511/573
f 5041/499/557 5040/497/556 5049/510/565 5050/512/566
f 5042/500/558 5041/499/557 5050/512/566 5051/503/567
f 5056/508/572 5055/507/571 4775/185/291 4776/189/292
f 5049/510/565 4823/513/339 5058/191/574
f 5057/511/573 5056/508/572 4776/189/292 4777/194/293
f 5050/512/566 5049/510/565 5058/191/574 5059/196/575
f 5051/503/567 5050/512/566 5059/196/575 4773/198/289
f 5052/504/568 5051/503/567 4773/198/289 5060/200/576
f 5053/505/569 5052/504/568 5060/200/576 4774/202/290
f 5054/506/570 5053/505/569 4774/202/290 5061/186/577
f 5055/507/571 5054/506/570 5061/186/577 4775/185/291
